{"type": "FeatureCollection", "features": [{"type": "Feature", "geometry": {"type": "MultiPolygon", "coordinates": [[[[116.771072, 31.911286], [116.748479, 31.919028], [116.723169, 31.916711], [116.70234, 31.905122], [116.687754, 31.903437], [116.680509, 31.915552], [116.680462, 31.957259], [116.681939, 31.967999], [116.677936, 31.976263], [116.667735, 31.977947], [116.612635, 32.000947], [116.586801, 32.018784], [116.571167, 32.020468], [116.546858, 32.028149], [116.551911, 32.042036], [116.544046, 32.067701], [116.549385, 32.078848], [116.533131, 32.097932], [116.524694, 32.116434], [116.530224, 32.134249], [116.526601, 32.151746], [116.515495, 32.163461], [116.509299, 32.18468], [116.517068, 32.194395], [116.515638, 32.202692], [116.501101, 32.215345], [116.515305, 32.223377], [116.527554, 32.240594], [116.521835, 32.261113], [116.52641, 32.270716], [116.521501, 32.292539], [116.519261, 32.314411], [116.506534, 32.344403], [116.48418, 32.360286], [116.481129, 32.375276], [116.485371, 32.388062], [116.492187, 32.395817], [116.480176, 32.406767], [116.484799, 32.439347], [116.472359, 32.438247], [116.437564, 32.45092], [116.404819, 32.442804], [116.392235, 32.447621], [116.358489, 32.464743], [116.332798, 32.510385], [116.320071, 32.521164], [116.271692, 32.520955], [116.26397, 32.494738], [116.246334, 32.48406], [116.251244, 32.464429], [116.244523, 32.4549], [116.23561, 32.465843], [116.222979, 32.459193], [116.213065, 32.463748], [116.203722, 32.447621], [116.191187, 32.454271], [116.176411, 32.425363], [116.167879, 32.439766], [116.148146, 32.439923], [116.141854, 32.46045], [116.124552, 32.47113], [116.113398, 32.490812], [116.101435, 32.523833], [116.090948, 32.539162], [116.076411, 32.543974], [116.05663, 32.546328], [116.036849, 32.555011], [116.03113, 32.573524], [116.022026, 32.591563], [115.996954, 32.602907], [115.967355, 32.605103], [115.95234, 32.59104], [115.936992, 32.571955], [115.928365, 32.567563], [115.910205, 32.566987], [115.899433, 32.556214], [115.87765, 32.54387], [115.873027, 32.525821], [115.856964, 32.517973], [115.847336, 32.509548], [115.845763, 32.501803], [115.853055, 32.504472], [115.87317, 32.504734], [115.874457, 32.497773], [115.883561, 32.489242], [115.881273, 32.472491], [115.872359, 32.469769], [115.864257, 32.458932], [115.882703, 32.456104], [115.883275, 32.438614], [115.879223, 32.432591], [115.889423, 32.424263], [115.88928, 32.413473], [115.899099, 32.390106], [115.897908, 32.372289], [115.899242, 32.344979], [115.904581, 32.340995], [115.906964, 32.311579], [115.900291, 32.301404], [115.908251, 32.299253], [115.911063, 32.284199], [115.920072, 32.273181], [115.914733, 32.254869], [115.912731, 32.227629], [115.922884, 32.203637], [115.925267, 32.187831], [115.933656, 32.180426], [115.941949, 32.165141], [115.940329, 32.146755], [115.931368, 32.109286], [115.926554, 32.105239], [115.932512, 32.084264], [115.942569, 32.077692], [115.939614, 32.065861], [115.927793, 32.058761], [115.922216, 32.049663], [115.927745, 32.036303], [115.919547, 32.027886], [115.927841, 32.023572], [115.927603, 32.007524], [115.933799, 32.001631], [115.924552, 31.995579], [115.92317, 31.985474], [115.911349, 31.957996], [115.909013, 31.943253], [115.916115, 31.935987], [115.920167, 31.92045], [115.917259, 31.909969], [115.90377, 31.883522], [115.898337, 31.880255], [115.895715, 31.867503], [115.89295, 31.833294], [115.904056, 31.829393], [115.91316, 31.820113], [115.915019, 31.811888], [115.910253, 31.792322], [115.900815, 31.792006], [115.885229, 31.776076], [115.868689, 31.776551], [115.858298, 31.773702], [115.850243, 31.786731], [115.836468, 31.77386], [115.831034, 31.777606], [115.815353, 31.76236], [115.788327, 31.779821], [115.767927, 31.787839], [115.763065, 31.782353], [115.741997, 31.78209], [115.734276, 31.776023], [115.729843, 31.763309], [115.710825, 31.770906], [115.697145, 31.768638], [115.689805, 31.776551], [115.677793, 31.778872], [115.659633, 31.760196], [115.636564, 31.755078], [115.619166, 31.738351], [115.601435, 31.731701], [115.586945, 31.721726], [115.582655, 31.713913], [115.564924, 31.709004], [115.553485, 31.695278], [115.531845, 31.698551], [115.515067, 31.682869], [115.495382, 31.672942], [115.48542, 31.659791], [115.484276, 31.649068], [115.476983, 31.64294], [115.489662, 31.62577], [115.488232, 31.612242], [115.440043, 31.588723], [115.438852, 31.579948], [115.428223, 31.563401], [115.431559, 31.559012], [115.428556, 31.54722], [115.415877, 31.525959], [115.396812, 31.515168], [115.389614, 31.507603], [115.377126, 31.503], [115.371168, 31.494535], [115.377651, 31.47051], [115.389805, 31.45029], [115.385658, 31.443302], [115.38337, 31.418682], [115.373647, 31.40576], [115.392808, 31.38987], [115.38318, 31.37562], [115.375744, 31.371063], [115.382465, 31.356598], [115.372074, 31.349285], [115.3991, 31.342979], [115.404581, 31.337838], [115.420501, 31.349921], [115.442045, 31.346106], [115.449624, 31.31584], [115.460968, 31.318067], [115.457822, 31.281588], [115.466402, 31.276338], [115.473122, 31.265253], [115.494047, 31.265942], [115.501006, 31.262388], [115.507584, 31.267905], [115.51602, 31.263502], [115.530081, 31.249339], [115.53971, 31.231884], [115.538375, 31.220369], [115.540711, 31.191337], [115.559586, 31.160332], [115.585706, 31.144188], [115.596716, 31.150136], [115.603723, 31.173712], [115.629033, 31.184649], [115.636325, 31.19999], [115.645954, 31.209596], [115.655248, 31.210976], [115.678127, 31.207632], [115.700815, 31.201104], [115.728127, 31.174721], [115.740567, 31.152951], [115.75582, 31.142542], [115.764066, 31.118215], [115.770072, 31.113061], [115.781511, 31.11354], [115.797908, 31.127883], [115.813256, 31.13091], [115.829128, 31.126448], [115.841282, 31.128998], [115.857107, 31.143286], [115.869261, 31.14764], [115.880081, 31.141905], [115.886373, 31.127351], [115.887421, 31.109289], [115.902769, 31.089205], [115.909585, 31.090693], [115.925744, 31.076822], [115.939805, 31.071667], [115.942235, 31.060664], [115.938565, 31.047321], [115.946192, 31.04243], [115.961063, 31.046896], [115.983704, 31.041898], [115.994047, 31.034614], [116.00663, 31.034668], [116.010062, 31.017332], [116.015019, 31.011908], [116.046144, 31.014514], [116.051578, 31.042217], [116.050958, 31.049554], [116.066354, 31.070072], [116.092664, 31.082668], [116.093379, 31.090108], [116.10458, 31.094465], [116.11888, 31.086866], [116.157679, 31.099301], [116.166258, 31.0976], [116.18132, 31.083359], [116.183751, 31.064917], [116.203293, 31.0579], [116.222455, 31.061781], [116.243427, 31.0756], [116.261396, 31.082403], [116.268498, 31.100098], [116.293045, 31.114761], [116.303532, 31.123155], [116.309776, 31.140418], [116.3307, 31.145622], [116.342712, 31.15242], [116.344952, 31.163624], [116.359537, 31.173978], [116.378984, 31.165377], [116.395572, 31.162084], [116.415305, 31.162191], [116.431892, 31.144135], [116.437707, 31.128414], [116.4603, 31.125917], [116.470071, 31.135637], [116.481844, 31.136965], [116.496715, 31.148756], [116.501911, 31.141427], [116.508298, 31.142489], [116.519547, 31.160173], [116.538469, 31.174456], [116.543474, 31.181941], [116.552816, 31.179712], [116.556582, 31.172173], [116.552816, 31.165908], [116.558346, 31.147587], [116.555867, 31.123314], [116.562683, 31.111096], [116.549385, 31.093243], [116.538708, 31.072145], [116.533512, 31.056624], [116.534799, 31.044185], [116.530939, 31.035306], [116.530605, 31.021002], [116.543617, 31.020311], [116.560347, 31.034614], [116.563779, 31.045567], [116.571072, 31.051787], [116.591711, 31.04764], [116.594571, 31.054126], [116.611539, 31.067309], [116.614018, 31.073899], [116.622502, 31.074112], [116.647049, 31.05891], [116.65396, 31.052212], [116.665495, 31.059123], [116.68356, 31.055774], [116.68866, 31.048703], [116.70968, 31.043228], [116.722883, 31.059601], [116.736753, 31.063907], [116.752721, 31.060877], [116.761301, 31.068372], [116.777602, 31.070019], [116.78866, 31.065289], [116.805962, 31.08219], [116.815638, 31.085378], [116.829365, 31.101213], [116.843331, 31.104455], [116.842187, 31.11338], [116.847144, 31.124642], [116.862254, 31.129901], [116.875981, 31.127458], [116.894952, 31.133407], [116.919356, 31.151305], [116.92274, 31.160067], [116.943903, 31.161766], [116.946906, 31.182738], [116.954008, 31.189161], [116.963255, 31.214532], [116.981415, 31.244564], [116.998193, 31.2565], [117.006725, 31.267693], [117.016257, 31.266844], [117.032273, 31.256607], [117.045285, 31.269018], [117.045809, 31.282967], [117.063874, 31.289436], [117.070786, 31.301102], [117.070023, 31.321724], [117.073693, 31.335453], [117.081367, 31.345947], [117.074074, 31.360678], [117.074837, 31.374401], [117.094379, 31.408831], [117.113064, 31.438485], [117.142473, 31.472045], [117.149194, 31.483317], [117.166448, 31.490619], [117.184513, 31.492842], [117.237277, 31.490461], [117.250719, 31.49681], [117.251386, 31.502947], [117.242282, 31.508185], [117.228316, 31.544788], [117.220023, 31.540239], [117.198288, 31.551979], [117.187039, 31.552085], [117.153817, 31.545158], [117.144999, 31.554835], [117.13375, 31.551028], [117.132082, 31.542884], [117.124265, 31.54447], [117.112301, 31.540081], [117.065971, 31.553513], [117.055009, 31.544735], [117.039613, 31.538864], [117.006868, 31.548013], [117.002101, 31.56081], [116.990852, 31.558536], [116.990662, 31.537542], [116.987135, 31.533787], [116.975457, 31.540239], [116.966925, 31.539816], [116.95253, 31.532042], [116.934561, 31.537754], [116.902054, 31.528234], [116.879318, 31.531672], [116.845476, 31.526488], [116.829747, 31.519083], [116.815733, 31.531936], [116.806725, 31.532624], [116.804485, 31.539235], [116.792854, 31.543941], [116.789756, 31.550605], [116.767497, 31.571331], [116.763255, 31.58238], [116.766782, 31.589358], [116.765638, 31.618584], [116.754628, 31.636918], [116.75315, 31.647061], [116.757583, 31.659157], [116.767926, 31.672097], [116.763255, 31.685879], [116.762254, 31.711327], [116.752149, 31.728746], [116.759442, 31.7469], [116.758012, 31.762465], [116.752101, 31.765525], [116.731129, 31.76542], [116.734752, 31.77481], [116.728746, 31.782406], [116.719785, 31.779083], [116.714113, 31.791847], [116.694809, 31.809356], [116.692521, 31.820272], [116.702006, 31.832082], [116.732607, 31.848371], [116.740567, 31.857911], [116.724647, 31.85828], [116.721596, 31.87135], [116.714113, 31.878938], [116.716067, 31.884207], [116.764256, 31.904227], [116.771072, 31.911286]]]]}, "properties": {"adcode": 341500, "name": "六安市", "areas": ["淮南茶区"], "areaLabel": "淮南茶区", "pointCount": 1, "layer": "tea_city"}}, {"type": "Feature", "geometry": {"type": "MultiPolygon", "coordinates": [[[[120.489066, 30.763861], [120.477009, 30.785596], [120.477255, 30.800002], [120.455257, 30.816847], [120.461015, 30.828279], [120.460375, 30.839872], [120.454469, 30.849633], [120.44128, 30.856303], [120.452353, 30.867893], [120.439558, 30.885213], [120.434489, 30.887978], [120.442265, 30.90058], [120.434981, 30.920821], [120.423416, 30.927445], [120.418003, 30.925576], [120.423515, 30.90306], [120.394676, 30.890783], [120.37942, 30.890783], [120.372432, 30.882164], [120.364656, 30.880457], [120.358012, 30.887084], [120.360129, 30.892775], [120.35693, 30.908872], [120.362688, 30.921674], [120.35944, 30.931915], [120.371103, 30.948777], [120.343347, 30.939961], [120.308061, 30.932281], [120.250778, 30.926226], [120.221791, 30.926876], [120.149646, 30.937482], [120.135128, 30.941911], [120.111014, 30.955928], [120.09438, 30.973233], [120.05245, 31.005722], [120.017017, 31.017821], [120.001712, 31.027118], [119.988523, 31.059223], [119.969773, 31.074277], [119.946249, 31.106245], [119.936751, 31.146555], [119.921052, 31.16119], [119.920954, 31.170392], [119.900235, 31.169176], [119.878729, 31.160785], [119.866623, 31.168324], [119.842164, 31.16877], [119.837587, 31.173675], [119.826465, 31.173188], [119.823463, 31.165811], [119.829762, 31.161393], [119.823316, 31.154136], [119.809881, 31.148501], [119.800973, 31.156325], [119.791278, 31.156609], [119.793394, 31.168041], [119.779319, 31.178782], [119.755353, 31.170756], [119.740491, 31.173432], [119.713128, 31.167635], [119.703876, 31.151906], [119.682764, 31.160501], [119.678039, 31.168203], [119.663719, 31.165973], [119.662537, 31.159852], [119.641573, 31.148136], [119.638128, 31.135526], [119.623807, 31.130254], [119.624152, 31.11602], [119.649152, 31.105109], [119.634683, 31.093751], [119.629516, 31.082311], [119.634978, 31.064174], [119.631337, 31.046317], [119.634043, 31.019485], [119.624004, 31.005316], [119.616277, 31.002392], [119.607468, 30.991875], [119.585864, 30.976401], [119.579565, 30.962671], [119.582173, 30.947437], [119.580352, 30.929152], [119.563817, 30.919236], [119.556336, 30.896718], [119.559092, 30.891718], [119.558945, 30.871186], [119.573758, 30.853334], [119.575726, 30.829743], [119.561208, 30.829459], [119.554515, 30.825635], [119.524496, 30.776032], [119.507124, 30.769642], [119.491523, 30.777253], [119.479564, 30.771229], [119.478777, 30.753074], [119.484584, 30.744605], [119.480303, 30.738091], [119.482763, 30.704452], [119.465982, 30.683921], [119.45294, 30.671616], [119.448314, 30.655846], [119.433649, 30.644476], [119.412684, 30.642968], [119.400037, 30.658862], [119.395657, 30.678706], [119.391523, 30.685224], [119.379367, 30.679358], [119.372379, 30.680376], [119.354564, 30.66693], [119.343147, 30.6642], [119.333648, 30.652219], [119.323117, 30.630291], [119.311946, 30.621241], [119.291227, 30.616023], [119.278383, 30.617613], [119.255006, 30.615126], [119.245853, 30.618877], [119.240095, 30.604933], [119.253678, 30.596452], [119.254121, 30.588663], [119.264751, 30.582056], [119.264751, 30.57345], [119.245508, 30.561417], [119.236945, 30.546731], [119.242556, 30.530043], [119.261896, 30.525554], [119.26165, 30.51776], [119.272133, 30.510495], [119.28793, 30.512618], [119.313619, 30.531186], [119.326562, 30.532981], [119.328678, 30.521637], [119.336355, 30.507149], [119.330351, 30.488249], [119.334485, 30.478084], [119.336158, 30.44558], [119.349692, 30.438841], [119.352989, 30.424831], [119.349544, 30.408612], [119.360912, 30.410737], [119.368934, 30.399746], [119.366572, 30.388386], [119.371444, 30.383932], [119.393836, 30.383033], [119.403038, 30.373347], [119.418147, 30.376085], [119.435716, 30.391492], [119.441031, 30.392472], [119.450234, 30.410818], [119.467015, 30.408122], [119.490391, 30.408203], [119.513127, 30.401666], [119.533452, 30.409429], [119.535273, 30.424055], [119.55176, 30.43978], [119.565933, 30.443375], [119.572823, 30.431326], [119.581779, 30.423646], [119.594968, 30.421644], [119.627941, 30.431775], [119.635569, 30.441782], [119.650579, 30.440352], [119.642951, 30.428507], [119.631829, 30.424667], [119.63739, 30.410369], [119.633256, 30.395292], [119.646691, 30.39378], [119.6555, 30.40518], [119.668099, 30.399501], [119.681091, 30.408735], [119.686012, 30.417559], [119.709191, 30.434062], [119.694919, 30.452727], [119.695362, 30.464488], [119.701711, 30.467999], [119.708896, 30.487964], [119.704713, 30.494577], [119.709191, 30.508822], [119.70486, 30.525963], [119.695018, 30.542325], [119.69241, 30.556155], [119.71175, 30.566516], [119.729073, 30.551749], [119.743246, 30.550158], [119.768936, 30.551341], [119.766376, 30.514087], [119.784044, 30.511026], [119.794182, 30.505638], [119.815884, 30.510659], [119.836013, 30.496577], [119.851121, 30.502006], [119.854123, 30.493964], [119.867115, 30.477757], [119.880796, 30.476206], [119.872578, 30.462487], [119.890048, 30.457056], [119.90304, 30.459424], [119.90934, 30.456321], [119.921544, 30.462528], [119.931436, 30.456443], [119.934979, 30.446764], [119.950728, 30.444232], [119.955895, 30.433654], [119.965048, 30.431571], [119.982962, 30.445294], [120.00368, 30.444273], [120.013818, 30.435614], [120.041525, 30.433368], [120.046102, 30.427445], [120.064754, 30.4301], [120.062145, 30.434634], [120.0681, 30.445948], [120.059242, 30.459016], [120.059488, 30.47343], [120.065836, 30.483595], [120.068297, 30.496618], [120.099252, 30.495801], [120.096742, 30.48678], [120.11121, 30.476206], [120.146004, 30.482697], [120.149793, 30.467509], [120.175039, 30.476818], [120.180551, 30.482534], [120.173809, 30.492046], [120.185915, 30.494618], [120.185079, 30.502618], [120.195659, 30.503598], [120.201762, 30.514413], [120.205404, 30.505843], [120.224597, 30.509761], [120.239262, 30.50523], [120.25191, 30.506536], [120.277451, 30.504822], [120.285817, 30.507802], [120.299892, 30.5198], [120.301959, 30.530002], [120.299498, 30.557093], [120.295955, 30.565537], [120.304715, 30.564477], [120.319134, 30.579079], [120.302599, 30.595636], [120.303189, 30.60901], [120.30939, 30.612639], [120.332717, 30.615044], [120.340099, 30.631351], [120.344971, 30.662733], [120.353977, 30.662815], [120.364607, 30.654542], [120.378288, 30.656539], [120.379469, 30.669375], [120.406093, 30.670761], [120.407963, 30.675691], [120.455011, 30.68555], [120.441182, 30.695572], [120.444479, 30.701763], [120.462885, 30.701397], [120.475287, 30.710724], [120.486261, 30.727992], [120.471891, 30.746682], [120.469972, 30.764431], [120.489066, 30.763861]]]]}, "properties": {"adcode": 330500, "name": "湖州市", "areas": ["浙西茶区"], "areaLabel": "浙西茶区", "pointCount": 4, "layer": "tea_city"}}, {"type": "Feature", "geometry": {"type": "MultiPolygon", "coordinates": [[[[103.959259, 30.320742], [103.965866, 30.316774], [103.974713, 30.290727], [103.998343, 30.264508], [104.030035, 30.266245], [104.030035, 30.266245], [104.047393, 30.270381], [104.091628, 30.24879], [104.116601, 30.227194], [104.150533, 30.245646], [104.152213, 30.265335], [104.174051, 30.298666], [104.17853, 30.318262], [104.192977, 30.329836], [104.2016, 30.316526], [104.232284, 30.313798], [104.2315, 30.282209], [104.232732, 30.281878], [104.23318, 30.281051], [104.231836, 30.280472], [104.243371, 30.267403], [104.23094, 30.256153], [104.243259, 30.244239], [104.264537, 30.241592], [104.2726, 30.217842], [104.282231, 30.220904], [104.315379, 30.200792], [104.327138, 30.204269], [104.364541, 30.185974], [104.358158, 30.173638], [104.386379, 30.161798], [104.39881, 30.124776], [104.41012, 30.125521], [104.428374, 30.089729], [104.450212, 30.101081], [104.437109, 30.107544], [104.457715, 30.120634], [104.449428, 30.132894], [104.464994, 30.151529], [104.468354, 30.157077], [104.485264, 30.156001], [104.484368, 30.181504], [104.533754, 30.193673], [104.541594, 30.184236], [104.569254, 30.196985], [104.600163, 30.220408], [104.599603, 30.244488], [104.653133, 30.240185], [104.638239, 30.268148], [104.643614, 30.283036], [104.691993, 30.275427], [104.703975, 30.301643], [104.723797, 30.308341], [104.738579, 30.290314], [104.774863, 30.30156], [104.795133, 30.279397], [104.807228, 30.296847], [104.823354, 30.293787], [104.848775, 30.306852], [104.850455, 30.338929], [104.837016, 30.361988], [104.855494, 30.347194], [104.860982, 30.364384], [104.881027, 30.360831], [104.895922, 30.382315], [104.881699, 30.393551], [104.875092, 30.437078], [104.8761, 30.5131], [104.892786, 30.541645], [104.879124, 30.550635], [104.858854, 30.582385], [104.819098, 30.580076], [104.819994, 30.598296], [104.847319, 30.631101], [104.842728, 30.649395], [104.821226, 30.643874], [104.818315, 30.664307], [104.800956, 30.690995], [104.78875, 30.694043], [104.788526, 30.721299], [104.768032, 30.71817], [104.750786, 30.726898], [104.732084, 30.778257], [104.718086, 30.771756], [104.698376, 30.825559], [104.640366, 30.837895], [104.629952, 30.852449], [104.613937, 30.847763], [104.596355, 30.864535], [104.585269, 30.862891], [104.520764, 30.882456], [104.533083, 30.917875], [104.511917, 30.935868], [104.495791, 30.935457], [104.465218, 30.9509], [104.44506, 30.940468], [104.39601, 30.942358], [104.389739, 30.925681], [104.367117, 30.93365], [104.351887, 30.902345], [104.322322, 30.891743], [104.288726, 30.90292], [104.244491, 30.896921], [104.21571, 30.8984], [104.202384, 30.91311], [104.168787, 30.918533], [104.149974, 30.91311], [104.142582, 30.925845], [104.166324, 30.951311], [104.166884, 30.993438], [104.143478, 31.01158], [104.117385, 31.017572], [104.10697, 31.032263], [104.107194, 31.032017], [104.106522, 31.031607], [104.10641, 31.031771], [104.094876, 31.032756], [104.060608, 31.0641], [104.057584, 31.07821], [104.019844, 31.103963], [104.022868, 31.142661], [104.009429, 31.153235], [104.014693, 31.167577], [103.983, 31.200925], [103.949404, 31.215997], [103.929134, 31.234425], [103.928014, 31.272497], [103.914128, 31.278964], [103.891618, 31.308017], [103.894418, 31.326018], [103.92835, 31.355139], [103.894754, 31.408858], [103.897554, 31.416377], [103.868437, 31.420954], [103.828682, 31.412454], [103.816027, 31.431906], [103.802588, 31.430108], [103.787246, 31.434439], [103.75029, 31.419156], [103.739876, 31.398885], [103.700792, 31.391118], [103.669323, 31.354812], [103.627104, 31.344097], [103.60717, 31.351295], [103.569543, 31.338453], [103.569991, 31.314563], [103.579733, 31.291241], [103.569095, 31.262019], [103.581413, 31.246626], [103.57671, 31.215834], [103.583205, 31.191422], [103.564839, 31.175034], [103.557224, 31.149055], [103.525644, 31.101092], [103.521164, 31.067792], [103.504814, 31.041044], [103.517132, 31.030129], [103.52094, 31.005095], [103.516461, 30.971761], [103.465058, 30.941536], [103.454644, 30.924695], [103.451396, 30.892565], [103.409401, 30.864946], [103.383084, 30.862891], [103.354527, 30.850887], [103.337617, 30.824655], [103.305252, 30.810507], [103.284647, 30.829589], [103.25833, 30.842418], [103.228653, 30.836579], [103.199088, 30.845707], [103.165716, 30.842171], [103.123945, 30.79282], [103.083629, 30.812728], [103.037938, 30.802364], [102.992919, 30.778339], [103.005126, 30.74649], [103.033907, 30.719076], [103.031331, 30.703678], [103.068735, 30.716194], [103.103115, 30.672957], [103.119017, 30.670898], [103.13156, 30.65475], [103.135591, 30.624096], [103.126856, 30.593927], [103.147798, 30.585847], [103.166276, 30.555749], [103.157765, 30.530013], [103.180834, 30.525228], [103.185874, 30.511945], [103.162244, 30.472579], [103.141751, 30.470845], [103.12596, 30.451115], [103.115993, 30.413954], [103.116329, 30.380002], [103.127976, 30.367111], [103.091132, 30.326529], [103.079038, 30.324545], [103.062128, 30.302553], [103.068623, 30.294283], [103.061456, 30.270464], [103.071534, 30.260951], [103.076798, 30.220242], [103.147238, 30.207], [103.183634, 30.248128], [103.211631, 30.232407], [103.215998, 30.209235], [103.233356, 30.213456], [103.242651, 30.243081], [103.282295, 30.263598], [103.313875, 30.260372], [103.320259, 30.23489], [103.350047, 30.236048], [103.370317, 30.22827], [103.36091, 30.168008], [103.372109, 30.148382], [103.360574, 30.136787], [103.395178, 30.094866], [103.439637, 30.119474], [103.439637, 30.119557], [103.443893, 30.120054], [103.443893, 30.117486], [103.4505, 30.096524], [103.462483, 30.096027], [103.468082, 30.114255], [103.450948, 30.132231], [103.474577, 30.131237], [103.486224, 30.104147], [103.504142, 30.128503], [103.533819, 30.146643], [103.544233, 30.161218], [103.533819, 30.178109], [103.597204, 30.203524], [103.617473, 30.195412], [103.628, 30.214863], [103.649502, 30.199799], [103.648046, 30.229263], [103.693065, 30.245894], [103.681754, 30.269885], [103.705271, 30.268975], [103.718374, 30.283201], [103.736516, 30.285848], [103.727893, 30.30462], [103.75141, 30.307927], [103.769776, 30.332068], [103.794749, 30.345872], [103.845368, 30.34331], [103.87426, 30.348104], [103.887699, 30.328761], [103.910432, 30.330663], [103.913904, 30.353972], [103.942237, 30.357773], [103.93563, 30.346203], [103.959259, 30.320742]]], [[[104.107194, 31.032017], [104.10697, 31.032263], [104.10641, 31.031771], [104.106522, 31.031607], [104.107194, 31.032017]]], [[[103.443893, 30.120054], [103.439637, 30.119557], [103.439637, 30.119474], [103.443893, 30.117486], [103.443893, 30.120054]]], [[[104.232732, 30.281878], [104.2315, 30.282209], [104.231836, 30.280472], [104.23318, 30.281051], [104.232732, 30.281878]]]]}, "properties": {"adcode": 510100, "name": "成都市", "areas": ["剑南茶区"], "areaLabel": "剑南茶区", "pointCount": 4, "layer": "tea_city"}}, {"type": "Feature", "geometry": {"type": "MultiPolygon", "coordinates": [[[[119.973119, 29.674804], [119.988818, 29.661179], [119.991082, 29.654346], [120.002598, 29.655087], [120.021692, 29.647964], [120.029074, 29.653275], [120.029468, 29.667807], [120.037194, 29.663979], [120.036702, 29.653852], [120.024744, 29.647923], [120.031732, 29.636806], [120.044625, 29.631618], [120.045216, 29.626389], [120.035078, 29.617452], [120.019232, 29.617864], [120.006486, 29.593563], [120.007076, 29.57247], [120.02996, 29.56596], [120.040147, 29.570162], [120.054714, 29.558213], [120.051122, 29.549682], [120.05875, 29.542635], [120.073612, 29.537648], [120.08808, 29.536412], [120.091722, 29.532249], [120.085029, 29.514523], [120.07558, 29.513163], [120.079616, 29.504711], [120.093346, 29.500299], [120.102893, 29.506608], [120.114212, 29.497496], [120.127057, 29.494279], [120.13877, 29.508463], [120.157421, 29.512544], [120.17125, 29.521614], [120.185472, 29.541357], [120.186506, 29.548776], [120.200728, 29.549476], [120.2119, 29.535711], [120.207864, 29.528951], [120.223809, 29.52182], [120.227057, 29.514441], [120.241821, 29.512008], [120.249449, 29.504793], [120.250925, 29.496052], [120.268494, 29.49865], [120.282077, 29.489249], [120.269676, 29.481042], [120.261801, 29.469165], [120.267215, 29.452253], [120.281536, 29.440785], [120.277992, 29.416771], [120.264016, 29.400842], [120.261359, 29.390358], [120.266723, 29.376571], [120.278288, 29.363443], [120.289902, 29.355598], [120.307619, 29.365714], [120.317953, 29.379791], [120.325335, 29.380658], [120.333308, 29.395146], [120.334243, 29.403483], [120.343692, 29.41021], [120.361999, 29.415038], [120.372825, 29.414915], [120.369971, 29.428655], [120.36441, 29.433854], [120.367314, 29.445571], [120.383997, 29.456172], [120.398465, 29.45576], [120.410375, 29.450645], [120.427796, 29.477207], [120.461458, 29.48496], [120.474844, 29.492877], [120.497777, 29.474361], [120.496448, 29.466773], [120.515247, 29.468546], [120.522186, 29.456997], [120.515592, 29.451593], [120.511852, 29.44029], [120.511163, 29.419412], [120.523761, 29.401461], [120.53823, 29.391514], [120.550484, 29.390936], [120.55949, 29.379626], [120.553781, 29.371493], [120.566675, 29.367324], [120.57819, 29.357704], [120.571399, 29.34288], [120.579125, 29.340113], [120.590986, 29.348496], [120.600976, 29.334166], [120.624106, 29.336355], [120.645218, 29.328054], [120.653683, 29.33429], [120.670218, 29.325534], [120.687935, 29.341889], [120.697433, 29.341847], [120.704667, 29.347587], [120.707866, 29.341311], [120.699844, 29.318843], [120.711508, 29.302113], [120.720415, 29.303187], [120.725927, 29.310251], [120.738723, 29.30959], [120.749894, 29.31591], [120.76141, 29.313391], [120.773024, 29.304633], [120.756784, 29.28629], [120.759047, 29.281125], [120.775091, 29.276951], [120.772384, 29.262859], [120.776567, 29.242111], [120.773171, 29.231859], [120.776518, 29.225079], [120.806144, 29.234009], [120.82391, 29.229503], [120.838428, 29.237895], [120.853634, 29.253519], [120.862148, 29.252362], [120.867266, 29.24455], [120.882227, 29.239217], [120.900042, 29.240788], [120.897335, 29.253478], [120.890692, 29.260462], [120.891627, 29.270009], [120.903782, 29.276042], [120.904225, 29.295462], [120.915347, 29.303311], [120.928093, 29.291702], [120.942611, 29.289595], [120.956883, 29.282447], [120.964806, 29.306327], [120.990889, 29.309219], [121.005554, 29.319421], [121.020515, 29.317728], [121.024009, 29.308103], [121.04084, 29.309549], [121.056539, 29.322891], [121.074698, 29.322106], [121.099501, 29.317893], [121.096155, 29.305707], [121.117513, 29.304509], [121.120368, 29.318719], [121.117956, 29.33111], [121.122041, 29.336396], [121.133704, 29.338337], [121.149846, 29.330903], [121.160574, 29.340154], [121.163084, 29.325039], [121.175092, 29.323097], [121.180456, 29.32921], [121.194187, 29.322189], [121.193399, 29.341434], [121.20024, 29.342384], [121.213134, 29.353575], [121.230063, 29.362658], [121.226421, 29.384662], [121.231441, 29.393825], [121.226815, 29.414749], [121.215102, 29.417267], [121.218252, 29.421146], [121.209197, 29.436742], [121.217514, 29.439217], [121.224059, 29.449242], [121.216972, 29.452666], [121.219827, 29.477785], [121.228488, 29.490733], [121.216726, 29.496795], [121.231539, 29.51308], [121.225585, 29.532908], [121.213183, 29.530311], [121.20585, 29.536947], [121.183557, 29.538802], [121.169334, 29.537112], [121.155702, 29.54177], [121.140348, 29.543006], [121.130948, 29.554174], [121.112986, 29.554834], [121.113478, 29.56596], [121.120417, 29.575601], [121.115643, 29.586724], [121.105702, 29.585447], [121.117562, 29.605508], [121.110181, 29.607444], [121.113281, 29.613745], [121.101716, 29.626265], [121.08774, 29.628077], [121.074206, 29.637259], [121.074895, 29.66085], [121.068399, 29.66686], [121.058802, 29.683859], [121.054226, 29.68567], [121.038428, 29.675751], [121.017759, 29.669742], [120.992414, 29.675833], [120.992956, 29.685259], [121.010229, 29.68674], [121.01397, 29.693119], [121.006785, 29.698592], [121.009639, 29.709003], [121.034787, 29.715997], [121.035869, 29.72114], [121.019727, 29.723403], [121.010722, 29.73525], [121.014954, 29.741667], [121.03518, 29.746439], [121.024796, 29.763918], [121.033999, 29.76877], [121.045515, 29.76729], [121.055111, 29.760669], [121.08208, 29.778433], [121.092612, 29.788959], [121.096007, 29.797839], [121.104964, 29.805485], [121.096499, 29.815966], [121.10649, 29.836228], [121.085771, 29.849295], [121.077011, 29.849007], [121.063133, 29.859032], [121.060574, 29.854143], [121.031096, 29.874602], [121.016578, 29.894934], [121.023172, 29.897357], [121.031637, 29.911073], [121.0308, 29.918792], [121.042021, 29.933203], [121.045072, 29.955616], [121.066135, 29.960829], [121.07647, 29.970391], [121.085869, 29.972648], [121.091627, 29.987257], [121.082621, 29.991072], [121.075781, 30.001986], [121.064413, 30.006827], [121.05142, 30.006786], [121.038133, 29.998704], [121.034737, 30.003955], [121.039511, 30.013923], [121.018202, 30.010765], [120.990151, 30.027787], [120.986509, 30.044274], [120.992562, 30.050425], [120.986656, 30.054402], [120.98144, 30.067359], [120.969924, 30.07027], [120.973861, 30.078305], [120.96766, 30.089987], [120.959737, 30.094537], [120.950141, 30.091012], [120.93828, 30.113021], [120.930455, 30.115192], [120.939461, 30.125723], [120.931194, 30.146618], [120.92765, 30.165215], [120.916233, 30.188394], [120.893447, 30.228843], [120.86702, 30.271729], [120.825288, 30.262687], [120.789362, 30.263137], [120.739904, 30.276639], [120.721941, 30.286334], [120.693939, 30.262032], [120.669037, 30.23314], [120.642708, 30.217258], [120.612787, 30.16628], [120.609145, 30.152845], [120.593496, 30.146782], [120.568348, 30.151329], [120.563427, 30.147929], [120.550927, 30.15563], [120.529371, 30.157514], [120.518495, 30.155384], [120.506143, 30.159767], [120.498072, 30.169187], [120.484096, 30.172218], [120.46131, 30.168041], [120.459243, 30.151165], [120.452304, 30.15137], [120.44694, 30.135434], [120.429617, 30.132443], [120.422875, 30.135884], [120.426074, 30.144283], [120.420956, 30.152763], [120.410867, 30.149527], [120.411359, 30.132607], [120.399007, 30.136335], [120.387835, 30.156163], [120.37317, 30.155507], [120.358751, 30.147847], [120.352008, 30.150674], [120.353386, 30.142194], [120.339607, 30.142112], [120.327993, 30.125191], [120.318002, 30.12601], [120.312245, 30.1374], [120.297825, 30.128182], [120.303731, 30.126666], [120.300286, 30.118348], [120.286851, 30.106791], [120.299302, 30.097365], [120.313327, 30.107078], [120.333701, 30.09548], [120.338623, 30.070229], [120.33818, 30.060881], [120.324941, 30.048621], [120.331831, 30.037918], [120.343593, 30.034924], [120.345808, 30.019707], [120.35693, 30.011708], [120.362835, 29.99776], [120.360473, 29.98857], [120.364312, 29.978516], [120.360473, 29.973674], [120.346447, 29.973797], [120.340493, 29.956068], [120.326073, 29.946216], [120.325188, 29.93854], [120.312048, 29.927702], [120.291034, 29.935666], [120.284144, 29.922159], [120.2744, 29.919531], [120.265296, 29.924499], [120.264754, 29.930986], [120.255207, 29.94363], [120.250729, 29.936693], [120.221004, 29.942235], [120.200433, 29.929467], [120.204813, 29.924048], [120.185079, 29.904502], [120.17627, 29.913578], [120.166329, 29.917273], [120.159587, 29.906227], [120.150039, 29.905036], [120.150285, 29.887582], [120.144773, 29.874109], [120.131289, 29.858827], [120.109931, 29.845967], [120.101122, 29.830269], [120.102746, 29.823981], [120.095807, 29.816583], [120.074252, 29.82731], [120.065639, 29.822049], [120.038425, 29.82283], [120.030059, 29.806307], [120.036604, 29.788548], [120.030059, 29.78275], [120.030059, 29.770538], [120.011505, 29.761491], [120.010915, 29.757214], [119.991968, 29.753143], [119.973119, 29.765809], [119.960275, 29.755158], [119.944576, 29.755528], [119.927204, 29.744423], [119.913572, 29.755857], [119.904369, 29.754582], [119.890343, 29.762931], [119.889064, 29.753102], [119.900481, 29.74467], [119.901367, 29.728627], [119.912489, 29.720399], [119.914655, 29.704682], [119.922529, 29.697769], [119.933454, 29.699415], [119.937735, 29.70748], [119.951269, 29.699292], [119.967411, 29.694889], [119.973464, 29.68995], [119.973119, 29.674804]]]]}, "properties": {"adcode": 330600, "name": "绍兴市", "areas": ["浙东茶区"], "areaLabel": "浙东茶区", "pointCount": 2, "layer": "tea_city"}}, {"type": "Feature", "geometry": {"type": "MultiPolygon", "coordinates": [[[[108.069398, 29.086552], [108.035999, 29.054051], [108.0345, 29.046737], [108.024246, 29.0387], [107.993904, 29.033823], [107.949291, 29.033733], [107.931122, 29.035223], [107.908815, 29.007359], [107.887648, 29.008533], [107.883031, 28.986534], [107.871998, 28.983056], [107.86756, 28.960464], [107.842016, 28.964622], [107.828104, 28.976143], [107.810415, 28.984321], [107.821208, 29.005733], [107.823547, 29.03423], [107.815092, 29.034772], [107.803459, 29.042899], [107.78523, 29.047234], [107.789847, 29.082355], [107.799981, 29.106183], [107.810655, 29.139389], [107.795184, 29.146471], [107.782352, 29.161671], [107.775216, 29.162843], [107.767901, 29.17511], [107.760285, 29.17768], [107.759386, 29.192289], [107.751591, 29.199638], [107.739418, 29.189043], [107.724727, 29.182189], [107.727245, 29.175696], [107.718491, 29.156123], [107.707577, 29.154184], [107.698643, 29.141239], [107.662604, 29.147914], [107.659486, 29.162888], [107.645874, 29.160859], [107.628785, 29.16582], [107.616912, 29.162979], [107.606718, 29.165459], [107.600602, 29.159596], [107.601022, 29.147824], [107.589269, 29.150034], [107.585071, 29.158333], [107.590168, 29.165279], [107.581174, 29.172539], [107.576256, 29.18512], [107.575477, 29.207302], [107.569301, 29.219427], [107.55437, 29.219472], [107.549573, 29.210052], [107.532243, 29.19549], [107.515333, 29.194498], [107.48829, 29.174704], [107.473059, 29.171006], [107.462325, 29.176868], [107.464004, 29.195445], [107.441458, 29.203966], [107.427067, 29.190305], [107.4044, 29.18787], [107.403261, 29.172494], [107.412316, 29.1614], [107.408238, 29.150891], [107.408418, 29.138352], [107.42149, 29.13578], [107.427606, 29.128291], [107.412675, 29.095398], [107.392288, 29.091246], [107.382034, 29.097519], [107.369741, 29.091607], [107.376097, 29.074772], [107.377896, 29.057979], [107.390729, 29.059063], [107.395166, 29.039648], [107.377297, 29.026779], [107.364165, 29.009617], [107.370461, 28.993898], [107.396965, 28.993356], [107.40446, 28.981881], [107.40554, 28.972258], [107.412975, 28.960148], [107.42155, 28.954545], [107.43876, 28.955268], [107.441038, 28.943789], [107.433603, 28.933755], [107.42089, 28.925212], [107.413815, 28.911424], [107.415614, 28.889811], [107.406139, 28.89153], [107.391928, 28.868466], [107.395406, 28.860867], [107.383473, 28.848564], [107.367283, 28.84499], [107.359907, 28.849966], [107.331964, 28.84119], [107.345156, 28.829608], [107.325368, 28.809562], [107.304621, 28.806757], [107.277157, 28.799154], [107.261447, 28.792727], [107.252392, 28.780551], [107.253532, 28.766789], [107.246636, 28.761854], [107.219232, 28.772719], [107.218753, 28.788698], [107.213416, 28.795035], [107.210598, 28.814812], [107.216354, 28.82816], [107.226368, 28.836802], [107.195127, 28.838068], [107.196866, 28.847388], [107.20652, 28.868014], [107.194048, 28.876607], [107.198425, 28.878416], [107.193568, 28.888771], [107.184094, 28.879953], [107.182654, 28.887144], [107.167124, 28.880586], [107.155851, 28.882983], [107.145777, 28.876878], [107.141939, 28.887731], [107.096666, 28.890083], [107.09025, 28.875114], [107.072681, 28.866612], [107.059789, 28.868466], [107.063386, 28.877059], [107.072321, 28.87932], [107.066565, 28.895373], [107.052533, 28.891123], [107.045577, 28.874933], [107.058709, 28.868964], [107.038981, 28.863717], [107.038861, 28.877963], [107.032385, 28.882305], [107.016075, 28.882486], [107.019133, 28.860687], [107.005162, 28.859194], [107.002643, 28.85449], [106.983395, 28.851187], [106.989271, 28.829563], [106.980816, 28.813183], [106.981356, 28.804268], [106.988672, 28.790328], [106.987892, 28.774666], [106.967804, 28.774123], [106.951734, 28.76697], [106.950235, 28.777608], [106.94226, 28.782135], [106.938422, 28.792365], [106.923071, 28.810015], [106.905382, 28.796121], [106.897887, 28.801145], [106.886373, 28.794718], [106.874261, 28.779736], [106.864607, 28.774485], [106.862328, 28.780596], [106.845358, 28.781003], [106.838462, 28.765974], [106.833366, 28.768781], [106.824071, 28.756149], [106.828329, 28.737675], [106.852914, 28.724451], [106.862568, 28.707556], [106.853933, 28.706333], [106.854713, 28.697092], [106.862148, 28.690976], [106.883195, 28.692426], [106.880617, 28.68051], [106.866945, 28.649921], [106.869764, 28.64906], [106.866346, 28.624492], [106.829288, 28.622724], [106.833246, 28.613203], [106.827069, 28.598558], [106.807701, 28.589443], [106.800505, 28.60214], [106.79343, 28.606493], [106.79259, 28.616241], [106.780358, 28.624991], [106.775021, 28.611979], [106.75907, 28.611118], [106.758591, 28.588128], [106.766626, 28.580146], [106.780957, 28.574885], [106.779878, 28.563773], [106.765127, 28.558193], [106.754333, 28.558329], [106.737364, 28.553294], [106.728189, 28.541998], [106.723992, 28.529883], [106.72603, 28.518584], [106.744859, 28.489855], [106.746658, 28.466658], [106.732866, 28.46357], [106.725251, 28.454444], [106.716196, 28.456396], [106.708521, 28.450493], [106.69329, 28.456532], [106.697668, 28.476645], [106.688253, 28.484681], [106.678359, 28.481367], [106.66109, 28.491898], [106.649756, 28.479551], [106.631108, 28.490264], [106.632727, 28.503517], [106.61018, 28.497935], [106.593391, 28.510189], [106.584936, 28.506876], [106.591532, 28.499069], [106.591832, 28.490355], [106.568026, 28.484045], [106.562809, 28.49739], [106.567906, 28.505287], [106.560291, 28.513366], [106.568685, 28.523667], [106.584636, 28.523258], [106.588893, 28.531426], [106.615277, 28.549665], [106.616836, 28.56282], [106.607062, 28.594296], [106.613059, 28.608851], [106.626011, 28.604317], [106.633566, 28.607627], [106.636804, 28.623223], [106.628589, 28.634465], [106.618875, 28.637276], [106.617676, 28.644256], [106.641182, 28.644165], [106.651376, 28.649423], [106.6437, 28.664333], [106.635245, 28.658487], [106.62685, 28.659257], [106.617676, 28.667279], [106.614258, 28.680283], [106.619175, 28.689164], [106.606103, 28.685041], [106.598068, 28.691882], [106.587274, 28.691519], [106.582357, 28.702211], [106.576841, 28.702392], [106.560291, 28.720737], [106.559751, 28.733871], [106.563888, 28.746188], [106.56185, 28.756059], [106.547998, 28.769867], [106.534026, 28.770909], [106.533787, 28.77874], [106.523053, 28.781139], [106.521134, 28.794266], [106.508782, 28.79585], [106.490613, 28.80653], [106.476221, 28.826757], [106.474482, 28.833046], [106.46183, 28.83101], [106.468426, 28.826441], [106.453495, 28.816939], [106.451396, 28.808114], [106.459611, 28.805716], [106.46279, 28.797207], [106.451696, 28.792817], [106.454515, 28.7753], [106.46207, 28.76122], [106.493851, 28.739486], [106.498108, 28.717476], [106.510341, 28.715166], [106.515857, 28.688122], [106.52827, 28.677655], [106.520175, 28.662112], [106.502785, 28.661297], [106.506683, 28.635598], [106.501046, 28.628119], [106.501526, 28.618553], [106.49499, 28.615153], [106.49433, 28.60019], [106.513339, 28.577017], [106.524072, 28.577833], [106.508782, 28.564861], [106.498828, 28.585861], [106.473823, 28.598966], [106.467347, 28.588536], [106.47892, 28.575021], [106.487255, 28.558828], [106.504704, 28.544674], [106.501166, 28.534511], [106.493371, 28.538323], [106.483837, 28.530609], [106.471604, 28.532606], [106.467287, 28.541589], [106.453075, 28.54472], [106.454035, 28.549755], [106.441622, 28.559418], [106.434067, 28.556696], [106.423213, 28.562684], [106.41296, 28.563138], [106.399108, 28.571166], [106.385676, 28.560824], [106.389814, 28.553249], [106.373563, 28.537642], [106.3786, 28.532606], [106.373743, 28.524983], [106.374523, 28.510915], [106.380579, 28.507375], [106.376142, 28.493305], [106.3789, 28.479732], [106.352876, 28.480277], [106.349098, 28.473785], [106.341363, 28.480686], [106.330689, 28.482138], [106.323674, 28.494939], [106.306824, 28.503245], [106.293992, 28.526934], [106.292612, 28.537324], [106.278041, 28.538867], [106.277262, 28.532878], [106.254835, 28.539412], [106.236186, 28.560144], [106.214779, 28.573207], [106.205605, 28.567991], [106.192593, 28.577244], [106.184798, 28.589443], [106.184857, 28.600599], [106.173344, 28.612523], [106.171246, 28.628663], [106.165729, 28.636233], [106.152057, 28.636505], [106.144622, 28.644754], [106.129331, 28.640041], [106.115659, 28.642533], [106.120756, 28.632743], [106.103427, 28.636097], [106.09821, 28.654907], [106.083039, 28.661387], [106.090295, 28.669454], [106.080461, 28.686309], [106.066429, 28.692516], [106.066969, 28.686173], [106.043163, 28.693558], [106.030811, 28.695053], [106.036087, 28.706242], [106.022955, 28.708145], [106.028892, 28.719695], [106.017918, 28.722639], [106.008924, 28.738218], [105.99951, 28.742928], [105.979242, 28.74655], [105.967789, 28.761628], [105.96563, 28.736045], [105.954597, 28.724632], [105.955916, 28.713852], [105.942304, 28.71041], [105.93337, 28.702301], [105.935588, 28.681914], [105.921916, 28.679015], [105.903568, 28.669227], [105.889476, 28.670496], [105.891935, 28.651326], [105.901049, 28.648562], [105.895652, 28.643712], [105.893733, 28.623903], [105.890256, 28.621409], [105.905906, 28.611027], [105.893434, 28.605722], [105.885039, 28.595475], [105.876164, 28.602911], [105.859494, 28.597923], [105.8505, 28.606312], [105.835988, 28.59942], [105.798391, 28.603183], [105.784959, 28.611118], [105.778483, 28.59883], [105.757676, 28.59035], [105.757256, 28.602231], [105.748801, 28.615153], [105.737708, 28.614201], [105.720678, 28.590622], [105.713003, 28.586586], [105.699931, 28.5923], [105.693155, 28.588582], [105.691835, 28.56468], [105.683381, 28.557876], [105.68464, 28.534557], [105.671208, 28.536281], [105.664492, 28.523803], [105.650101, 28.522986], [105.642245, 28.517586], [105.623897, 28.518131], [105.627974, 28.507829], [105.619399, 28.484], [105.614662, 28.484227], [105.609325, 28.472196], [105.619279, 28.464024], [105.611964, 28.45517], [105.612563, 28.438913], [105.631872, 28.432147], [105.643265, 28.431511], [105.648302, 28.407846], [105.642725, 28.397715], [105.650281, 28.389537], [105.652739, 28.372407], [105.660175, 28.365272], [105.654898, 28.362364], [105.65178, 28.34282], [105.639487, 28.324227], [105.639967, 28.311042], [105.649921, 28.31909], [105.658196, 28.310633], [105.670548, 28.30986], [105.683021, 28.295582], [105.688597, 28.284349], [105.705087, 28.279846], [105.711264, 28.281711], [105.730032, 28.272159], [105.738547, 28.277299], [105.735249, 28.291671], [105.740706, 28.304858], [105.761333, 28.30936], [105.786638, 28.308814], [105.771287, 28.319453], [105.771347, 28.328819], [105.785679, 28.336501], [105.792814, 28.329455], [105.797672, 28.312361], [105.808405, 28.307223], [105.823396, 28.306904], [105.83395, 28.283348], [105.85002, 28.254237], [105.863212, 28.249187], [105.874185, 28.254601], [105.875804, 28.244865], [105.890555, 28.236266], [105.881021, 28.211829], [105.871007, 28.201953], [105.860274, 28.170042], [105.860993, 28.158158], [105.868609, 28.146729], [105.878563, 28.139033], [105.876044, 28.128239], [105.895173, 28.119767], [105.903687, 28.129195], [105.927193, 28.135435], [105.936967, 28.132247], [105.945242, 28.143541], [105.963291, 28.137894], [105.970787, 28.131245], [105.976124, 28.10806], [105.985358, 28.108379], [105.986198, 28.116032], [106.013241, 28.119949], [106.020617, 28.109153], [106.033869, 28.106966], [106.036567, 28.110702], [106.027213, 28.131245], [106.037646, 28.138349], [106.060912, 28.142949], [106.071826, 28.151237], [106.093593, 28.162666], [106.112841, 28.163577], [106.125074, 28.167083], [106.145221, 28.162848], [106.177302, 28.148596], [106.191633, 28.136755], [106.207104, 28.134251], [106.211541, 28.119083], [106.226232, 28.115895], [106.231449, 28.097992], [106.249918, 28.09257], [106.254655, 28.079493], [106.266708, 28.066551], [106.265509, 28.04987], [106.256754, 28.048503], [106.243202, 28.029084], [106.24626, 28.011987], [106.268927, 28.003323], [106.283018, 28.007199], [106.294351, 28.003643], [106.301847, 27.989916], [106.315818, 27.979518], [106.317377, 27.967659], [106.325173, 27.962595], [106.328111, 27.952879], [106.314019, 27.938507], [106.308023, 27.936728], [106.309222, 27.913592], [106.300348, 27.908709], [106.304905, 27.899352], [106.325772, 27.897937], [106.333328, 27.887987], [106.325892, 27.879313], [106.338185, 27.875341], [106.339984, 27.865343], [106.334287, 27.855115], [106.317078, 27.838767], [106.319416, 27.832007], [106.32997, 27.82575], [106.344241, 27.826846], [106.341843, 27.820178], [106.321515, 27.809398], [106.306944, 27.808667], [106.268507, 27.782168], [106.242423, 27.767317], [106.23115, 27.767317], [106.224673, 27.760965], [106.206564, 27.76293], [106.193492, 27.754384], [106.179341, 27.761925], [106.165249, 27.763158], [106.143602, 27.77376], [106.127532, 27.77865], [106.105825, 27.779929], [106.079321, 27.77568], [106.063731, 27.777142], [106.059054, 27.770607], [106.062412, 27.763341], [106.023015, 27.746979], [106.004067, 27.746842], [106.001788, 27.72362], [106.005446, 27.715162], [106.009344, 27.684022], [106.005386, 27.663897], [106.013961, 27.66097], [106.035967, 27.667877], [106.059593, 27.670621], [106.063971, 27.663211], [106.086397, 27.661427], [106.086877, 27.656212], [106.109183, 27.64871], [106.106185, 27.630912], [106.115419, 27.612013], [106.127832, 27.613615], [106.134488, 27.594988], [106.153496, 27.574801], [106.162731, 27.560563], [106.172505, 27.558685], [106.210882, 27.567705], [106.233488, 27.552504], [106.245901, 27.559601], [106.238465, 27.574938], [106.243382, 27.58272], [106.261971, 27.595949], [106.277861, 27.603226], [106.275463, 27.61064], [106.282898, 27.616223], [106.292492, 27.602448], [106.310961, 27.597505], [106.317018, 27.585604], [106.334047, 27.578692], [106.338305, 27.563218], [106.336146, 27.543666], [106.318996, 27.534187], [106.310182, 27.517745], [106.310841, 27.510966], [106.323494, 27.486686], [106.333328, 27.474636], [106.354075, 27.477843], [106.364929, 27.47239], [106.374103, 27.486136], [106.404685, 27.498323], [106.415658, 27.505744], [106.433467, 27.510966], [106.454395, 27.50524], [106.462849, 27.491588], [106.475982, 27.493466], [106.485036, 27.485724], [106.512619, 27.476056], [106.522393, 27.476377], [106.52875, 27.483204], [106.524192, 27.502904], [106.536185, 27.509408], [106.54536, 27.506156], [106.548178, 27.517424], [106.563349, 27.517836], [106.583916, 27.529424], [106.59471, 27.532447], [106.61006, 27.528874], [106.621633, 27.518844], [106.640882, 27.509408], [106.651256, 27.486594], [106.670984, 27.464371], [106.696408, 27.464646], [106.705403, 27.453143], [106.703964, 27.431326], [106.718775, 27.416702], [106.720993, 27.405378], [106.712658, 27.377681], [106.696049, 27.356904], [106.695749, 27.347867], [106.714877, 27.309235], [106.72663, 27.297027], [106.735745, 27.276097], [106.735325, 27.255898], [106.754153, 27.245062], [106.74276, 27.238955], [106.737244, 27.222377], [106.745159, 27.21806], [106.760629, 27.230827], [106.76051, 27.247909], [106.772922, 27.25273], [106.79259, 27.276602], [106.798766, 27.2895], [106.79319, 27.304416], [106.795289, 27.312631], [106.820533, 27.32424], [106.840981, 27.321257], [106.857411, 27.308042], [106.866106, 27.288215], [106.880857, 27.272058], [106.894049, 27.263427], [106.905982, 27.267697], [106.913057, 27.278852], [106.926909, 27.291336], [106.934105, 27.306252], [106.957131, 27.312539], [106.993709, 27.349427], [107.005761, 27.355207], [107.018474, 27.356491], [107.0412, 27.350711], [107.065305, 27.338142], [107.087672, 27.322542], [107.098585, 27.321533], [107.150034, 27.348876], [107.170482, 27.356629], [107.200763, 27.355803], [107.209638, 27.371398], [107.238361, 27.400013], [107.248615, 27.403544], [107.244777, 27.415694], [107.260367, 27.428071], [107.266604, 27.438477], [107.268882, 27.455756], [107.266963, 27.476148], [107.275538, 27.478943], [107.28867, 27.46735], [107.308998, 27.462446], [107.33892, 27.459926], [107.352112, 27.466846], [107.359368, 27.465654], [107.35541, 27.444527], [107.376217, 27.442877], [107.37238, 27.435772], [107.384972, 27.430455], [107.399124, 27.417803], [107.400503, 27.405699], [107.376217, 27.388], [107.375978, 27.36649], [107.386711, 27.361904], [107.401762, 27.363463], [107.408778, 27.353326], [107.408838, 27.343188], [107.419511, 27.342546], [107.434802, 27.372682], [107.451772, 27.36594], [107.458608, 27.368279], [107.491768, 27.37149], [107.498304, 27.364059], [107.501722, 27.349106], [107.50418, 27.315476], [107.477256, 27.297395], [107.475158, 27.280504], [107.464724, 27.277107], [107.458488, 27.268064], [107.463585, 27.251169], [107.461066, 27.240057], [107.476777, 27.24093], [107.492007, 27.230276], [107.489789, 27.223204], [107.500402, 27.216085], [107.511496, 27.203454], [107.524628, 27.207864], [107.525767, 27.218382], [107.514014, 27.237348], [107.519711, 27.244144], [107.531224, 27.224536], [107.542917, 27.215856], [107.55347, 27.216637], [107.566662, 27.225408], [107.562225, 27.236246], [107.550112, 27.252914], [107.556588, 27.257872], [107.592986, 27.267008], [107.602221, 27.267605], [107.618531, 27.25801], [107.642636, 27.267146], [107.656308, 27.267008], [107.65247, 27.253786], [107.646474, 27.247863], [107.650432, 27.238909], [107.666382, 27.234593], [107.684431, 27.235328], [107.709016, 27.22821], [107.729584, 27.226143], [107.747453, 27.217693], [107.772938, 27.21806], [107.780973, 27.209242], [107.762384, 27.203546], [107.760405, 27.191649], [107.793745, 27.188203], [107.823607, 27.186733], [107.832901, 27.192705], [107.83506, 27.185263], [107.846093, 27.183196], [107.825646, 27.171067], [107.819469, 27.159028], [107.85119, 27.16445], [107.85161, 27.150756], [107.862703, 27.141565], [107.881952, 27.142208], [107.886389, 27.146253], [107.88483, 27.15889], [107.882971, 27.175294], [107.886689, 27.17805], [107.905098, 27.175937], [107.921408, 27.189536], [107.922967, 27.196013], [107.95169, 27.192338], [107.971298, 27.199183], [107.964102, 27.209977], [107.965901, 27.214937], [107.977834, 27.21558], [108.004698, 27.226786], [108.020708, 27.229771], [108.03336, 27.238634], [108.039716, 27.258102], [108.032641, 27.269625], [108.011833, 27.274583], [108.003558, 27.286196], [107.9999, 27.302764], [107.989347, 27.305839], [107.975915, 27.317908], [107.956547, 27.312952], [107.952049, 27.328323], [107.959365, 27.339197], [107.958106, 27.350757], [107.948452, 27.354198], [107.931362, 27.346445], [107.919369, 27.332544], [107.931422, 27.321257], [107.930822, 27.31364], [107.915352, 27.314237], [107.906117, 27.325983], [107.908276, 27.33204], [107.894364, 27.345574], [107.870619, 27.341812], [107.856707, 27.330159], [107.819829, 27.324377], [107.805318, 27.331948], [107.806817, 27.347408], [107.779953, 27.351491], [107.774557, 27.359702], [107.780913, 27.373691], [107.762264, 27.385156], [107.765802, 27.391164], [107.801001, 27.394098], [107.798302, 27.404003], [107.798062, 27.43811], [107.791766, 27.443931], [107.774257, 27.443748], [107.757407, 27.453327], [107.755188, 27.459559], [107.762924, 27.475964], [107.780793, 27.486319], [107.789128, 27.485266], [107.808016, 27.491267], [107.829124, 27.542064], [107.844774, 27.555114], [107.865702, 27.551451], [107.88513, 27.551588], [107.893705, 27.556625], [107.902639, 27.568392], [107.906837, 27.591646], [107.902579, 27.612105], [107.903119, 27.627892], [107.922187, 27.666093], [107.937118, 27.680546], [107.940776, 27.691522], [107.927944, 27.7265], [107.927764, 27.745288], [107.931722, 27.753241], [107.946233, 27.767728], [107.943954, 27.779061], [107.932501, 27.778696], [107.931842, 27.793545], [107.912833, 27.80958], [107.903599, 27.826664], [107.888368, 27.844018], [107.888608, 27.878035], [107.898802, 27.897709], [107.906177, 27.904282], [107.923686, 27.90807], [107.911634, 27.929062], [107.909595, 27.937458], [107.911394, 27.962322], [107.915172, 27.973041], [107.933341, 28.001408], [107.928004, 28.009251], [107.914692, 28.018644], [107.889267, 28.051466], [107.88441, 28.063042], [107.878114, 28.05534], [107.870918, 28.058667], [107.862164, 28.037381], [107.855328, 28.038292], [107.8359, 28.031044], [107.832122, 28.049095], [107.813293, 28.047363], [107.813233, 28.06728], [107.807057, 28.069923], [107.791886, 28.066004], [107.786549, 28.07448], [107.778874, 28.072977], [107.78595, 28.083412], [107.78487, 28.093937], [107.799022, 28.125551], [107.803219, 28.147503], [107.805618, 28.174276], [107.803399, 28.183563], [107.816052, 28.17546], [107.824027, 28.183336], [107.836439, 28.184292], [107.85167, 28.202636], [107.859225, 28.200269], [107.862224, 28.211966], [107.864982, 28.247185], [107.861204, 28.261288], [107.866001, 28.288897], [107.862583, 28.30886], [107.861564, 28.339502], [107.866481, 28.358501], [107.874456, 28.370407], [107.921108, 28.370135], [107.913792, 28.382903], [107.936039, 28.384721], [107.955647, 28.380132], [107.972497, 28.383812], [107.990246, 28.368999], [107.996662, 28.369635], [108.00098, 28.384585], [107.983051, 28.397079], [107.972557, 28.398169], [107.960744, 28.411071], [107.968839, 28.423335], [107.969199, 28.439731], [107.977294, 28.447814], [107.991146, 28.441774], [108.010754, 28.446452], [108.007876, 28.434054], [107.982571, 28.431238], [107.98323, 28.422881], [107.995643, 28.427923], [108.006197, 28.424244], [108.007636, 28.415886], [108.019509, 28.403121], [108.025745, 28.401213], [108.012313, 28.39617], [108.005897, 28.389764], [108.016151, 28.384039], [108.026165, 28.368272], [108.037138, 28.365454], [108.051709, 28.388538], [108.068259, 28.422018], [108.063942, 28.433645], [108.048711, 28.444045], [108.056146, 28.454444], [108.060104, 28.472378], [108.048171, 28.489901], [108.04991, 28.500476], [108.070058, 28.516542], [108.069938, 28.526843], [108.058245, 28.541408], [108.043554, 28.548122], [108.038517, 28.5547], [108.04991, 28.566766], [108.038457, 28.58382], [108.037558, 28.592754], [108.061543, 28.613022], [108.08283, 28.620548], [108.084269, 28.627212], [108.093024, 28.621727], [108.114491, 28.628799], [108.128882, 28.644165], [108.122586, 28.652369], [108.145013, 28.669997], [108.163242, 28.677066], [108.174575, 28.690206], [108.18189, 28.712358], [108.18219, 28.741569], [108.184649, 28.74895], [108.195322, 28.750671], [108.201379, 28.763122], [108.213671, 28.776341], [108.207495, 28.817572], [108.195082, 28.802548], [108.189446, 28.800692], [108.180751, 28.81083], [108.158744, 28.845804], [108.158085, 28.856344], [108.141295, 28.855982], [108.128643, 28.869778], [108.134819, 28.902653], [108.138417, 28.932082], [108.13224, 28.943969], [108.117309, 28.950703], [108.106996, 28.961865], [108.107895, 28.975872], [108.088347, 28.999454], [108.078993, 29.007178], [108.078873, 29.023166], [108.073536, 29.05816], [108.078573, 29.07107], [108.069398, 29.086552]]], [[[107.939217, 27.15071], [107.940956, 27.146253], [107.956067, 27.14878], [107.955947, 27.154387], [107.945154, 27.160269], [107.938977, 27.166839], [107.929383, 27.162658], [107.931662, 27.154019], [107.939217, 27.15071]]]]}, "properties": {"adcode": 520300, "name": "遵义市", "areas": ["黔中茶区"], "areaLabel": "黔中茶区", "pointCount": 4, "layer": "tea_city"}}, {"type": "Feature", "geometry": {"type": "MultiPolygon", "coordinates": [[[[116.688951, 29.604104], [116.685662, 29.611602], [116.670591, 29.625118], [116.651888, 29.637155], [116.652232, 29.645416], [116.663572, 29.659147], [116.677071, 29.669047], [116.680262, 29.68261], [116.673046, 29.687532], [116.656699, 29.686329], [116.654146, 29.69475], [116.66799, 29.700272], [116.687086, 29.734767], [116.703089, 29.741272], [116.720565, 29.763349], [116.739317, 29.774168], [116.745895, 29.790339], [116.762536, 29.80252], [116.780896, 29.79247], [116.789781, 29.795092], [116.812362, 29.811696], [116.830722, 29.841512], [116.861305, 29.867335], [116.882708, 29.893532], [116.891986, 29.919341], [116.891839, 29.927361], [116.900135, 29.949507], [116.887911, 29.968812], [116.868717, 29.980481], [116.844909, 29.969412], [116.835385, 29.97023], [116.834845, 29.957415], [116.828758, 29.963141], [116.8265, 29.976828], [116.82974, 29.989041], [116.829544, 30.00654], [116.80279, 29.99651], [116.787327, 30.02033], [116.783498, 30.030739], [116.770293, 30.035644], [116.764549, 30.048939], [116.753602, 30.048994], [116.747368, 30.057221], [116.720319, 30.053897], [116.685662, 30.070622], [116.666861, 30.076723], [116.64261, 30.076396], [116.611046, 30.070677], [116.596564, 30.059727], [116.586059, 30.046324], [116.571332, 30.014443], [116.571185, 29.989204], [116.564558, 29.949343], [116.558716, 29.924306], [116.551942, 29.909848], [116.541485, 29.901609], [116.52558, 29.897516], [116.479878, 29.897843], [116.467704, 29.896152], [116.441784, 29.879834], [116.392547, 29.855707], [116.359657, 29.843642], [116.343065, 29.83567], [116.322791, 29.819998], [116.312286, 29.808966], [116.280819, 29.788864], [116.261478, 29.78209], [116.253624, 29.783128], [116.227361, 29.816885], [116.208068, 29.827479], [116.187303, 29.829063], [116.167324, 29.82737], [116.13517, 29.819452], [116.10714, 29.80831], [116.077244, 29.787007], [116.049558, 29.761929], [115.988245, 29.733893], [115.965811, 29.72471], [115.94372, 29.721211], [115.909848, 29.724218], [115.837196, 29.74854], [115.762579, 29.793016], [115.706224, 29.837854], [115.683054, 29.847791], [115.667885, 29.850193], [115.621447, 29.842823], [115.578837, 29.840693], [115.550021, 29.837909], [115.511584, 29.840311], [115.505791, 29.822401], [115.487333, 29.817868], [115.479283, 29.811314], [115.473736, 29.795146], [115.473981, 29.786351], [115.466569, 29.7663], [115.472017, 29.742583], [115.462887, 29.733182], [115.436624, 29.716729], [115.419835, 29.699561], [115.41257, 29.688844], [115.3786, 29.667516], [115.363235, 29.653513], [115.359848, 29.646456], [115.349539, 29.650723], [115.329265, 29.646128], [115.32087, 29.637538], [115.307027, 29.63732], [115.285918, 29.618552], [115.27399, 29.623586], [115.266823, 29.632341], [115.270013, 29.646456], [115.26859, 29.658326], [115.250868, 29.659913], [115.228729, 29.654279], [115.214395, 29.657834], [115.188917, 29.657396], [115.176645, 29.654771], [115.155242, 29.6586], [115.137766, 29.669649], [115.131875, 29.679329], [115.122204, 29.686165], [115.107674, 29.679384], [115.109048, 29.66314], [115.120683, 29.654716], [115.142331, 29.651598], [115.139042, 29.636718], [115.132317, 29.632341], [115.136293, 29.617184], [115.128782, 29.606786], [115.13163, 29.601861], [115.120977, 29.595183], [115.133593, 29.590038], [115.160003, 29.598412], [115.170901, 29.595676], [115.172472, 29.589108], [115.157794, 29.584838], [115.153474, 29.575641], [115.1575, 29.564582], [115.152542, 29.550018], [115.153278, 29.528933], [115.157353, 29.518965], [115.153965, 29.510365], [115.124708, 29.509707], [115.100949, 29.520553], [115.086614, 29.522963], [115.099525, 29.550237], [115.087596, 29.560038], [115.072084, 29.557793], [115.056375, 29.550894], [115.046754, 29.551879], [115.033107, 29.546787], [115.018969, 29.555001], [115.012783, 29.564473], [115.000511, 29.572138], [114.994375, 29.56294], [114.980237, 29.564309], [114.970566, 29.552317], [114.95687, 29.553577], [114.947838, 29.542899], [114.948672, 29.525319], [114.966688, 29.522197], [114.968701, 29.515733], [114.957607, 29.500504], [114.939247, 29.494313], [114.925551, 29.49886], [114.926827, 29.516774], [114.921673, 29.521101], [114.918629, 29.51031], [114.900564, 29.505982], [114.90837, 29.520006], [114.901203, 29.530029], [114.897128, 29.527071], [114.885052, 29.49508], [114.875578, 29.490313], [114.871847, 29.482533], [114.860507, 29.476067], [114.864876, 29.46982], [114.876265, 29.46823], [114.884168, 29.437755], [114.888537, 29.436111], [114.904197, 29.447842], [114.91804, 29.454474], [114.907241, 29.462421], [114.905277, 29.472943], [114.923195, 29.484944], [114.935762, 29.486478], [114.934878, 29.475354], [114.946905, 29.462421], [114.931147, 29.445978], [114.931196, 29.423063], [114.92668, 29.416154], [114.913033, 29.421692], [114.89433, 29.396742], [114.876952, 29.391587], [114.877787, 29.399375], [114.8663, 29.404584], [114.831593, 29.396688], [114.811908, 29.383305], [114.805183, 29.381715], [114.784565, 29.386157], [114.768857, 29.378808], [114.759972, 29.363119], [114.740679, 29.366795], [114.740728, 29.386432], [114.732776, 29.39422], [114.718982, 29.397236], [114.688939, 29.391916], [114.673279, 29.396194], [114.654871, 29.388406], [114.648489, 29.382044], [114.621833, 29.380069], [114.592674, 29.354561], [114.556691, 29.344081], [114.5481, 29.337606], [114.519628, 29.325424], [114.502545, 29.323777], [114.497096, 29.327619], [114.465924, 29.324216], [114.457285, 29.325533], [114.455223, 29.335905], [114.442999, 29.339582], [114.450117, 29.34463], [114.443932, 29.349129], [114.440005, 29.341612], [114.428763, 29.337826], [114.398868, 29.336893], [114.375845, 29.322899], [114.344869, 29.325259], [114.333971, 29.337881], [114.323761, 29.357798], [114.306874, 29.365259], [114.266326, 29.349733], [114.258962, 29.343971], [114.261368, 29.317631], [114.251942, 29.310386], [114.251648, 29.301658], [114.261171, 29.291063], [114.25366, 29.281675], [114.25317, 29.269486], [114.246346, 29.265203], [114.25317, 29.250321], [114.252286, 29.234832], [114.238492, 29.23269], [114.224305, 29.235436], [114.2084, 29.226098], [114.192397, 29.223901], [114.179731, 29.214671], [114.16525, 29.217144], [114.149247, 29.213573], [114.121216, 29.211265], [114.093284, 29.21176], [114.063242, 29.204947], [114.059805, 29.186154], [114.052049, 29.175822], [114.041102, 29.170436], [114.034819, 29.152296], [114.012925, 29.142016], [113.987202, 29.126236], [113.973358, 29.102149], [113.962068, 29.101819], [113.952593, 29.092744], [113.951857, 29.064303], [113.942039, 29.047355], [113.948175, 29.031561], [113.946212, 29.017966], [113.961479, 28.996937], [113.955686, 28.978381], [113.966731, 28.94429], [113.973751, 28.9379], [113.98514, 28.948862], [114.008997, 28.955251], [114.009439, 28.94429], [114.003941, 28.926497], [114.005414, 28.917792], [114.012679, 28.918012], [114.02397, 28.907708], [114.028339, 28.891176], [114.040611, 28.906551], [114.048662, 28.908149], [114.060149, 28.902363], [114.066825, 28.884507], [114.056369, 28.870562], [114.062309, 28.85667], [114.059658, 28.849724], [114.069918, 28.845864], [114.080423, 28.833237], [114.097457, 28.833734], [114.124898, 28.843273], [114.134422, 28.826951], [114.142914, 28.827999], [114.149492, 28.835057], [114.15391, 28.829377], [114.151996, 28.801636], [114.140263, 28.789169], [114.137465, 28.779735], [114.153518, 28.770963], [114.163826, 28.775984], [114.163728, 28.78597], [114.197551, 28.807483], [114.204424, 28.820499], [114.213358, 28.828936], [114.224992, 28.820113], [114.226023, 28.806159], [114.232846, 28.800422], [114.246886, 28.809358], [114.257342, 28.807593], [114.267946, 28.785308], [114.270498, 28.767487], [114.280414, 28.757941], [114.288465, 28.757941], [114.313255, 28.734762], [114.313943, 28.728028], [114.341187, 28.713013], [114.345556, 28.70578], [114.36529, 28.701695], [114.370347, 28.714172], [114.393026, 28.704345], [114.41006, 28.706222], [114.4241, 28.716049], [114.439759, 28.707271], [114.465482, 28.696891], [114.467642, 28.701916], [114.459886, 28.727034], [114.469753, 28.732775], [114.484137, 28.75336], [114.500876, 28.753857], [114.510203, 28.757665], [114.517861, 28.754299], [114.530772, 28.760148], [114.543584, 28.760258], [114.54815, 28.76699], [114.564055, 28.764342], [114.567295, 28.771459], [114.579861, 28.762024], [114.583838, 28.732388], [114.593165, 28.722784], [114.614862, 28.710694], [114.623699, 28.695124], [114.641911, 28.692198], [114.648243, 28.686069], [114.674703, 28.691204], [114.705826, 28.685185], [114.716331, 28.690983], [114.737096, 28.687007], [114.741759, 28.699873], [114.756437, 28.705725], [114.762622, 28.713675], [114.773078, 28.71235], [114.803465, 28.729849], [114.801501, 28.744255], [114.795905, 28.753416], [114.810583, 28.767928], [114.816474, 28.769749], [114.827175, 28.760258], [114.828697, 28.753747], [114.840233, 28.741164], [114.855647, 28.746683], [114.859771, 28.754519], [114.871209, 28.752533], [114.87008, 28.76848], [114.879947, 28.774163], [114.892612, 28.769859], [114.900761, 28.784756], [114.917206, 28.800974], [114.914604, 28.814212], [114.907535, 28.819506], [114.910579, 28.843163], [114.909499, 28.854079], [114.923833, 28.868964], [114.929478, 28.867916], [114.955299, 28.878114], [114.958245, 28.891231], [114.951372, 28.896026], [114.94828, 28.906771], [114.954023, 28.913549], [114.949458, 28.923522], [114.971106, 28.943023], [114.968848, 28.959272], [114.96389, 28.967478], [114.973855, 28.978436], [114.984459, 28.984438], [114.98063, 28.994404], [115.000118, 29.009268], [115.02373, 29.009434], [115.040568, 29.012791], [115.049208, 29.020993], [115.05127, 29.031506], [115.061039, 29.036074], [115.068697, 29.033432], [115.075962, 29.039981], [115.098641, 29.050877], [115.109294, 29.051537], [115.146258, 29.073491], [115.168692, 29.078057], [115.182683, 29.083558], [115.202859, 29.086198], [115.216653, 29.094669], [115.24861, 29.090049], [115.270455, 29.096704], [115.289453, 29.099399], [115.295147, 29.095714], [115.315078, 29.099344], [115.335008, 29.095714], [115.353171, 29.086913], [115.367555, 29.084603], [115.394701, 29.076131], [115.395536, 29.067604], [115.411441, 29.063257], [115.423517, 29.066228], [115.445951, 29.060616], [115.447374, 29.054619], [115.437851, 29.041577], [115.450614, 29.02991], [115.47133, 29.02391], [115.470054, 29.012957], [115.475552, 29.006186], [115.483603, 29.010314], [115.512811, 29.018461], [115.525329, 29.014993], [115.54251, 29.001011], [115.571228, 28.971112], [115.619287, 28.962852], [115.622968, 28.95123], [115.635437, 28.948642], [115.645157, 28.942032], [115.660915, 28.948752], [115.668425, 28.943849], [115.68109, 28.954976], [115.681876, 28.943133], [115.664645, 28.936633], [115.666364, 28.928921], [115.719626, 28.9168], [115.726302, 28.920877], [115.726793, 28.929967], [115.738378, 28.92848], [115.740538, 28.918838], [115.754185, 28.90622], [115.756149, 28.896246], [115.764199, 28.892444], [115.777503, 28.900379], [115.7992, 28.899387], [115.815989, 28.909527], [115.816578, 28.930078], [115.825021, 28.935972], [115.825905, 28.946163], [115.819671, 28.965715], [115.823549, 28.970341], [115.838865, 28.967092], [115.858304, 28.969626], [115.866944, 28.980969], [115.882702, 29.008388], [115.886924, 29.020057], [115.906019, 29.03057], [115.914463, 29.041852], [115.921385, 29.060451], [115.915101, 29.072115], [115.930024, 29.093789], [115.937486, 29.089664], [115.958005, 29.096594], [115.980685, 29.099729], [115.987852, 29.089279], [116.003315, 29.111334], [116.008421, 29.099289], [116.018631, 29.088563], [116.065659, 29.116503], [116.086179, 29.112764], [116.092757, 29.119473], [116.111951, 29.117768], [116.132519, 29.122387], [116.173509, 29.118098], [116.155199, 29.103359], [116.142288, 29.084493], [116.153235, 29.074041], [116.165606, 29.054344], [116.175227, 29.045484], [116.191869, 29.03866], [116.227901, 29.034368], [116.236049, 29.025727], [116.237817, 29.012241], [116.234479, 29.004369], [116.236884, 28.991982], [116.249893, 28.999414], [116.27051, 29.001121], [116.274732, 29.006956], [116.278217, 29.025231], [116.273898, 29.0462], [116.265307, 29.066448], [116.262018, 29.082513], [116.27105, 29.102149], [116.290784, 29.108969], [116.318127, 29.091424], [116.373157, 29.049666], [116.4005, 29.053023], [116.406931, 29.05649], [116.437661, 29.094944], [116.43825, 29.105119], [116.448461, 29.105944], [116.45764, 29.115458], [116.451651, 29.124092], [116.473005, 29.155705], [116.547573, 29.155815], [116.567945, 29.170436], [116.646488, 29.229394], [116.611095, 29.248673], [116.59357, 29.252572], [116.588513, 29.276185], [116.575554, 29.286177], [116.562741, 29.300615], [116.564705, 29.312087], [116.552432, 29.322844], [116.537804, 29.343258], [116.546836, 29.360047], [116.554543, 29.355439], [116.554003, 29.366191], [116.548898, 29.367672], [116.559894, 29.376504], [116.55636, 29.384896], [116.542615, 29.397071], [116.537558, 29.41111], [116.540455, 29.414948], [116.518659, 29.431122], [116.517972, 29.440277], [116.524402, 29.454474], [116.538147, 29.467408], [116.537166, 29.47382], [116.524402, 29.486807], [116.520082, 29.498532], [116.529115, 29.512665], [116.533189, 29.526414], [116.530195, 29.546842], [116.49971, 29.566663], [116.500937, 29.585659], [116.512081, 29.600219], [116.528624, 29.604214], [116.566619, 29.594691], [116.581395, 29.576462], [116.596319, 29.571316], [116.607118, 29.5717], [116.63721, 29.581335], [116.653263, 29.603721], [116.663277, 29.605254], [116.679035, 29.598522], [116.688951, 29.604104]]], [[[116.705838, 29.697101], [116.703432, 29.710059], [116.698916, 29.709458], [116.705838, 29.697101]]], [[[116.706525, 29.696609], [116.705543, 29.688024], [116.717128, 29.690758], [116.716196, 29.696937], [116.706525, 29.696609]]]]}, "properties": {"adcode": 360400, "name": "九江市", "areas": ["江西茶区"], "areaLabel": "江西茶区", "pointCount": 1, "layer": "tea_city"}}, {"type": "Feature", "geometry": {"type": "MultiPolygon", "coordinates": [[[[116.903894, 24.369851], [116.896922, 24.360106], [116.896142, 24.350701], [116.908233, 24.34178], [116.90911, 24.330191], [116.919543, 24.320977], [116.9134, 24.312441], [116.914278, 24.287705], [116.918178, 24.283387], [116.929488, 24.286201], [116.937727, 24.282854], [116.935436, 24.24797], [116.939141, 24.239576], [116.934022, 24.21929], [116.956155, 24.21696], [116.971316, 24.198079], [116.976337, 24.199778], [116.991158, 24.189875], [116.998617, 24.179], [116.990378, 24.168367], [116.978824, 24.162055], [116.972925, 24.153509], [116.964784, 24.153364], [116.947087, 24.13491], [116.934899, 24.126945], [116.926563, 24.098577], [116.929732, 24.065441], [116.936996, 24.054556], [116.95245, 24.054702], [116.948793, 24.037983], [116.940408, 24.035116], [116.95518, 24.020242], [116.954448, 24.00595], [116.960055, 24.002158], [116.969951, 24.007457], [116.98131, 23.996713], [116.975411, 23.990635], [116.973169, 23.974249], [116.982626, 23.95932], [116.980189, 23.941033], [116.973315, 23.927072], [116.954741, 23.920457], [116.959275, 23.914473], [116.958836, 23.900656], [116.973022, 23.894817], [116.979263, 23.884452], [116.97546, 23.872287], [116.960055, 23.86815], [116.962054, 23.861385], [116.981554, 23.855593], [116.984625, 23.861288], [116.995107, 23.862018], [117.012121, 23.855301], [117.022456, 23.838752], [117.026746, 23.819912], [117.018458, 23.81222], [117.020067, 23.800729], [117.034058, 23.789091], [117.042541, 23.763766], [117.047806, 23.758652], [117.051072, 23.736731], [117.049317, 23.724162], [117.053998, 23.708522], [117.053217, 23.698386], [117.066624, 23.688786], [117.074083, 23.69093], [117.089439, 23.668559], [117.115424, 23.665294], [117.124881, 23.646039], [117.132974, 23.65145], [117.147453, 23.65379], [117.159348, 23.64014], [117.173681, 23.634631], [117.185917, 23.63624], [117.192596, 23.62956], [117.192937, 23.561625], [117.271475, 23.566162], [117.291268, 23.571186], [117.29468, 23.558991], [117.302627, 23.550405], [117.317788, 23.54899], [117.361761, 23.556308], [117.382383, 23.553527], [117.427526, 23.572162], [117.441566, 23.570698], [117.453998, 23.57504], [117.463748, 23.585185], [117.463358, 23.598548], [117.455753, 23.606399], [117.45468, 23.628244], [117.466527, 23.639896], [117.493096, 23.642431], [117.501335, 23.650524], [117.498605, 23.667292], [117.490025, 23.671728], [117.488855, 23.679477], [117.502651, 23.704623], [117.518739, 23.704185], [117.544723, 23.71583], [117.568611, 23.712517], [117.589915, 23.701846], [117.601518, 23.701943], [117.612974, 23.713394], [117.627648, 23.749397], [117.639446, 23.76776], [117.660311, 23.789091], [117.661432, 23.796931], [117.651633, 23.815336], [117.658507, 23.851797], [117.671963, 23.878078], [117.691024, 23.889027], [117.704041, 23.890097], [117.76259, 23.886983], [117.787892, 23.899974], [117.792816, 23.906299], [117.801981, 23.93685], [117.807587, 23.947404], [117.826064, 23.966371], [117.847709, 23.984752], [117.864918, 24.004783], [117.890074, 24.004783], [117.910646, 24.011784], [117.927563, 24.039879], [117.928099, 24.056257], [117.925028, 24.075159], [117.931609, 24.094448], [117.947258, 24.111353], [117.974754, 24.134473], [117.990841, 24.142729], [118.000055, 24.152441], [118.00142, 24.176864], [118.019409, 24.197254], [118.03891, 24.199292], [118.056704, 24.209389], [118.063578, 24.219241], [118.074693, 24.225454], [118.115741, 24.229385], [118.123834, 24.235936], [118.125979, 24.252531], [118.143431, 24.251804], [118.15323, 24.255831], [118.157423, 24.263642], [118.157423, 24.277906], [118.144406, 24.293816], [118.145674, 24.30633], [118.13958, 24.314721], [118.1271, 24.318455], [118.126856, 24.333148], [118.121347, 24.347258], [118.112133, 24.356907], [118.096436, 24.358458], [118.081372, 24.356276], [118.075717, 24.360882], [118.083565, 24.370966], [118.088587, 24.406154], [118.086295, 24.410322], [118.049001, 24.418318], [118.028477, 24.420547], [118.005515, 24.418609], [117.992499, 24.423067], [117.985089, 24.433533], [117.975046, 24.434889], [117.964077, 24.444046], [117.956813, 24.45921], [117.962371, 24.480377], [117.958568, 24.501251], [117.937508, 24.513405], [117.931268, 24.526672], [117.91206, 24.53345], [117.913133, 24.546666], [117.908453, 24.555331], [117.91362, 24.568593], [117.886027, 24.590178], [117.893389, 24.597775], [117.892365, 24.611565], [117.920689, 24.614226], [117.930293, 24.632659], [117.954717, 24.64925], [117.957788, 24.66613], [117.965394, 24.671014], [117.955497, 24.708488], [117.948379, 24.711727], [117.941018, 24.742519], [117.947892, 24.76243], [117.955156, 24.76562], [117.961298, 24.788137], [117.959153, 24.823981], [117.962956, 24.841175], [117.956375, 24.845087], [117.940384, 24.844652], [117.924735, 24.864258], [117.913035, 24.870293], [117.898605, 24.874639], [117.893632, 24.887191], [117.882566, 24.895687], [117.871695, 24.87179], [117.863992, 24.878308], [117.849757, 24.873866], [117.833864, 24.881543], [117.821189, 24.87459], [117.824991, 24.866527], [117.822115, 24.85798], [117.81256, 24.849964], [117.802663, 24.852669], [117.797545, 24.865416], [117.789988, 24.85716], [117.775753, 24.85093], [117.770585, 24.855952], [117.770244, 24.868555], [117.76259, 24.86841], [117.750403, 24.877197], [117.729976, 24.88077], [117.717788, 24.874252], [117.711597, 24.86363], [117.683419, 24.848999], [117.668404, 24.853972], [117.657581, 24.85349], [117.644857, 24.858946], [117.636618, 24.866865], [117.624772, 24.86672], [117.616728, 24.877101], [117.614875, 24.898004], [117.631451, 24.912871], [117.630183, 24.92571], [117.607026, 24.930294], [117.604345, 24.947908], [117.618239, 24.964457], [117.637057, 24.970922], [117.654802, 24.981342], [117.654461, 24.996971], [117.670841, 24.999913], [117.685076, 24.98853], [117.69507, 24.992196], [117.701505, 25.004495], [117.715497, 25.00353], [117.718032, 25.015009], [117.737142, 25.026534], [117.73841, 25.037287], [117.726222, 25.043652], [117.731585, 25.051077], [117.72671, 25.071179], [117.721883, 25.07788], [117.707551, 25.067901], [117.699019, 25.078699], [117.677471, 25.08805], [117.671378, 25.098797], [117.671524, 25.124385], [117.653047, 25.13407], [117.626624, 25.138358], [117.620579, 25.147993], [117.621603, 25.160951], [117.604004, 25.164323], [117.59674, 25.171355], [117.582066, 25.174871], [117.573193, 25.188934], [117.562176, 25.187489], [117.555692, 25.194231], [117.555399, 25.21171], [117.545649, 25.210988], [117.548184, 25.192208], [117.535022, 25.201165], [117.529415, 25.185514], [117.515765, 25.17569], [117.497435, 25.174293], [117.495436, 25.16519], [117.484564, 25.164901], [117.483638, 25.134455], [117.478763, 25.127806], [117.481981, 25.120386], [117.503041, 25.10911], [117.510841, 25.090315], [117.50387, 25.041482], [117.492023, 25.023689], [117.490561, 25.016841], [117.495485, 24.971404], [117.493145, 24.962093], [117.483736, 24.958185], [117.445515, 24.95997], [117.425137, 24.978207], [117.393742, 24.980715], [117.383845, 24.984767], [117.370293, 24.973527], [117.361712, 24.971983], [117.341286, 24.978737], [117.318032, 24.968317], [117.306965, 24.96822], [117.30092, 24.975746], [117.288781, 24.971742], [117.293803, 24.984237], [117.286588, 24.990507], [117.279714, 24.98771], [117.267916, 24.974203], [117.236813, 24.962527], [117.23457, 24.954518], [117.245929, 24.954036], [117.237057, 24.930825], [117.237447, 24.923393], [117.227063, 24.909155], [117.219604, 24.908431], [117.210293, 24.921028], [117.184406, 24.925854], [117.188598, 24.903942], [117.196594, 24.900804], [117.198007, 24.885163], [117.172218, 24.865948], [117.169391, 24.826058], [117.154424, 24.813306], [117.144235, 24.790359], [117.137508, 24.784803], [117.102358, 24.789538], [117.080713, 24.781034], [117.070768, 24.785866], [117.072084, 24.807654], [117.069208, 24.821953], [117.056728, 24.82374], [117.052827, 24.812099], [117.052145, 24.793403], [117.027965, 24.780213], [117.02348, 24.773641], [117.02387, 24.739861], [117.018556, 24.709213], [117.026892, 24.693935], [117.039372, 24.690792], [117.033327, 24.671836], [117.046929, 24.653313], [117.043467, 24.633626], [117.037471, 24.626128], [117.019872, 24.62903], [117.014948, 24.615774], [117.025186, 24.602033], [117.023138, 24.571352], [117.017142, 24.555815], [117.006222, 24.544294], [116.996813, 24.540615], [116.980774, 24.544584], [116.947721, 24.544972], [116.932511, 24.534128], [116.935582, 24.521878], [116.929439, 24.513599], [116.922078, 24.526623], [116.91145, 24.515681], [116.917349, 24.490257], [116.927099, 24.468268], [116.935874, 24.456836], [116.944016, 24.431885], [116.934899, 24.390015], [116.928415, 24.382599], [116.90326, 24.380127], [116.903894, 24.369851]]], [[[117.711548, 23.772728], [117.717593, 23.769611], [117.72437, 23.775942], [117.708184, 23.779205], [117.711548, 23.772728]]], [[[117.683711, 23.784611], [117.692828, 23.774919], [117.690293, 23.783929], [117.683711, 23.784611]]], [[[118.151134, 24.318358], [118.15635, 24.331548], [118.146259, 24.339113], [118.151134, 24.318358]]], [[[117.669476, 23.790503], [117.67674, 23.788312], [117.67128, 23.803358], [117.669476, 23.790503]]]]}, "properties": {"adcode": 350600, "name": "漳州市", "areas": ["岭南茶区"], "areaLabel": "岭南茶区", "pointCount": 1, "layer": "tea_city"}}, {"type": "Feature", "geometry": {"type": "MultiPolygon", "coordinates": [[[[112.079824, 30.659323], [112.086427, 30.670082], [112.079902, 30.683914], [112.070269, 30.687329], [112.060714, 30.688396], [112.069881, 30.696335], [112.072755, 30.699152], [112.055898, 30.723007], [112.066851, 30.731541], [112.069181, 30.740543], [112.063122, 30.760805], [112.046653, 30.768056], [112.049217, 30.785584], [112.045333, 30.79441], [112.052713, 30.796457], [112.047586, 30.806476], [112.049139, 30.818839], [112.046032, 30.829452], [112.033758, 30.84113], [112.015192, 30.865419], [112.024436, 30.873216], [112.027388, 30.881438], [112.028476, 30.902054], [112.031428, 30.907377], [112.027776, 30.920962], [112.031117, 30.927647], [112.025524, 30.933182], [112.015891, 30.923389], [112.015036, 30.934034], [112.0082, 30.957533], [112.011152, 30.968004], [112.02094, 30.984473], [112.013017, 30.984941], [112.004005, 30.993196], [112.002685, 31.002514], [111.989634, 31.005152], [111.988935, 31.014171], [111.976195, 31.015405], [111.973631, 31.027655], [111.964853, 31.034886], [111.969825, 31.050068], [111.961746, 31.056574], [111.945355, 31.055767], [111.935489, 31.04875], [111.919331, 31.050324], [111.917, 31.058871], [111.905736, 31.076302], [111.911873, 31.081149], [111.919564, 31.074262], [111.928653, 31.074559], [111.942558, 31.098619], [111.949317, 31.099001], [111.962678, 31.117021], [111.952968, 31.123267], [111.944578, 31.123097], [111.937664, 31.138096], [111.928187, 31.141197], [111.934013, 31.15237], [111.934634, 31.173479], [111.926944, 31.173352], [111.918088, 31.180401], [111.90931, 31.170549], [111.902784, 31.175475], [111.908378, 31.186898], [111.901775, 31.193013], [111.899755, 31.184775], [111.88515, 31.174031], [111.883752, 31.189319], [111.877537, 31.197004], [111.883907, 31.207873], [111.869847, 31.211948], [111.871711, 31.222433], [111.861535, 31.2288], [111.849028, 31.23279], [111.837142, 31.228758], [111.830617, 31.240684], [111.810342, 31.250657], [111.799699, 31.246328], [111.800165, 31.253627], [111.787503, 31.273484], [111.782453, 31.264192], [111.77554, 31.264871], [111.774141, 31.277811], [111.767228, 31.281544], [111.754954, 31.280356], [111.752934, 31.289307], [111.744311, 31.288585], [111.749283, 31.295669], [111.737475, 31.294778], [111.741592, 31.306484], [111.750137, 31.309919], [111.748273, 31.317722], [111.757362, 31.318612], [111.754021, 31.324718], [111.745166, 31.324252], [111.753478, 31.343034], [111.743767, 31.350706], [111.748195, 31.353419], [111.740815, 31.36711], [111.72155, 31.357361], [111.710286, 31.35876], [111.702595, 31.351258], [111.695371, 31.358167], [111.676105, 31.350155], [111.660336, 31.349562], [111.647518, 31.362151], [111.628719, 31.373001], [111.596869, 31.340066], [111.518953, 31.302243], [111.507145, 31.302582], [111.507145, 31.302582], [111.467604, 31.306696], [111.438318, 31.31293], [111.433424, 31.320817], [111.435133, 31.335742], [111.431715, 31.344772], [111.43086, 31.36444], [111.409031, 31.369949], [111.391319, 31.360286], [111.376249, 31.358718], [111.361489, 31.347103], [111.349759, 31.346467], [111.32459, 31.356344], [111.314258, 31.366728], [111.315345, 31.374865], [111.298333, 31.383553], [111.276115, 31.383892], [111.266794, 31.397239], [111.262832, 31.417065], [111.271066, 31.421428], [111.275727, 31.436337], [111.271998, 31.445738], [111.263919, 31.452217], [111.236264, 31.461617], [111.218863, 31.462844], [111.212105, 31.458102], [111.202394, 31.439428], [111.195636, 31.438369], [111.18274, 31.4465], [111.176448, 31.442138], [111.16868, 31.451412], [111.157494, 31.441207], [111.145064, 31.434473], [111.12611, 31.437946], [111.116088, 31.430111], [111.108864, 31.414396], [111.088744, 31.417997], [111.091696, 31.424139], [111.060545, 31.430873], [111.045475, 31.42075], [111.039726, 31.423334], [111.051534, 31.438369], [111.052699, 31.441461], [111.04563, 31.447262], [111.039027, 31.461151], [111.040581, 31.482234], [111.052311, 31.497429], [111.062099, 31.503904], [111.055806, 31.513468], [111.055185, 31.524385], [111.036075, 31.538008], [111.046407, 31.547484], [111.043999, 31.565079], [111.007643, 31.563937], [111.000496, 31.568632], [110.989854, 31.566263], [110.976414, 31.569393], [110.947827, 31.566433], [110.914035, 31.55146], [110.908908, 31.532424], [110.892284, 31.529039], [110.884438, 31.518927], [110.856239, 31.499757], [110.84816, 31.499503], [110.840858, 31.513553], [110.829827, 31.523412], [110.829516, 31.538346], [110.824932, 31.542027], [110.81227, 31.536654], [110.796578, 31.55311], [110.789509, 31.552983], [110.769234, 31.541689], [110.743676, 31.538685], [110.733189, 31.531028], [110.733267, 31.516261], [110.709262, 31.482615], [110.707864, 31.477154], [110.695435, 31.477789], [110.68588, 31.485451], [110.677879, 31.48198], [110.656749, 31.482911], [110.637173, 31.479609], [110.616587, 31.485662], [110.611926, 31.483123], [110.613712, 31.466824], [110.606332, 31.458399], [110.606488, 31.4501], [110.598564, 31.438073], [110.587844, 31.409101], [110.578522, 31.399823], [110.580852, 31.381519], [110.566481, 31.366093], [110.567724, 31.356556], [110.576658, 31.34439], [110.573861, 31.330145], [110.567258, 31.326117], [110.53735, 31.317298], [110.525464, 31.324718], [110.522668, 31.336717], [110.508063, 31.347697], [110.512569, 31.356302], [110.503325, 31.368381], [110.490818, 31.369822], [110.490662, 31.356344], [110.483438, 31.339515], [110.467591, 31.328873], [110.447781, 31.329128], [110.443509, 31.319757], [110.42704, 31.310258], [110.43644, 31.301861], [110.438615, 31.2899], [110.434498, 31.282944], [110.438537, 31.276199], [110.45019, 31.26958], [110.45252, 31.260798], [110.464328, 31.262198], [110.473728, 31.253033], [110.498198, 31.254136], [110.505189, 31.249171], [110.485069, 31.23313], [110.483826, 31.225829], [110.488876, 31.212458], [110.487555, 31.205495], [110.476524, 31.204859], [110.476136, 31.186177], [110.50014, 31.182695], [110.499208, 31.163031], [110.512103, 31.153771], [110.514744, 31.143874], [110.538826, 31.132615], [110.536107, 31.12076], [110.517541, 31.107502], [110.512647, 31.097301], [110.498275, 31.085612], [110.479088, 31.084932], [110.465959, 31.081404], [110.464561, 31.074517], [110.477689, 31.037778], [110.4599, 31.031696], [110.446305, 31.030675], [110.443509, 31.023444], [110.442887, 30.999281], [110.444907, 30.969578], [110.425486, 30.910912], [110.430769, 30.910188], [110.440324, 30.892641], [110.44312, 30.881012], [110.421214, 30.870745], [110.413756, 30.875644], [110.404667, 30.872875], [110.376002, 30.847096], [110.362097, 30.841471], [110.35697, 30.833118], [110.335996, 30.82698], [110.332811, 30.813425], [110.339336, 30.806305], [110.336617, 30.797011], [110.324965, 30.783366], [110.318284, 30.762213], [110.326052, 30.754535], [110.339181, 30.752573], [110.360388, 30.756924], [110.37507, 30.76763], [110.38478, 30.781831], [110.422379, 30.782087], [110.433643, 30.771639], [110.442577, 30.743273], [110.454229, 30.731071], [110.460988, 30.730773], [110.460521, 30.721044], [110.465571, 30.713406], [110.457803, 30.70359], [110.452442, 30.669655], [110.463706, 30.666069], [110.469222, 30.64916], [110.44918, 30.649502], [110.447393, 30.63101], [110.432866, 30.617384], [110.441489, 30.605765], [110.449413, 30.604227], [110.466037, 30.594272], [110.471941, 30.577992], [110.467435, 30.562606], [110.484215, 30.565384], [110.487633, 30.553929], [110.472407, 30.551707], [110.474194, 30.541704], [110.466581, 30.522806], [110.45151, 30.521267], [110.445762, 30.512587], [110.439547, 30.489578], [110.411814, 30.48299], [110.387111, 30.469173], [110.373827, 30.474478], [110.367224, 30.466563], [110.377867, 30.44564], [110.373283, 30.441318], [110.37507, 30.423557], [110.367224, 30.416366], [110.369399, 30.40545], [110.377944, 30.401083], [110.375614, 30.390936], [110.363418, 30.381431], [110.354873, 30.3667], [110.353474, 30.346869], [110.367146, 30.336245], [110.350911, 30.331275], [110.36769, 30.315337], [110.373439, 30.304324], [110.35798, 30.273893], [110.351998, 30.258588], [110.350212, 30.243452], [110.323489, 30.25027], [110.298475, 30.243495], [110.27618, 30.243624], [110.255671, 30.234404], [110.266159, 30.221752], [110.279209, 30.220852], [110.297076, 30.212145], [110.300572, 30.200133], [110.276956, 30.192068], [110.275791, 30.182157], [110.284259, 30.176407], [110.303524, 30.169627], [110.304845, 30.151516], [110.342055, 30.135033], [110.348114, 30.127435], [110.318905, 30.100728], [110.341356, 30.093728], [110.343375, 30.081574], [110.324965, 30.069289], [110.320304, 30.063146], [110.32411, 30.044543], [110.318206, 30.037668], [110.316963, 30.01704], [110.305621, 30.001739], [110.313312, 29.977836], [110.302592, 29.962786], [110.307253, 29.954486], [110.339957, 29.943089], [110.354639, 29.955131], [110.370254, 29.959389], [110.382683, 29.955647], [110.423389, 29.95741], [110.43007, 29.962614], [110.441878, 29.98364], [110.46627, 30.006725], [110.491595, 30.019705], [110.499829, 30.026968], [110.495945, 30.040246], [110.496333, 30.054597], [110.508219, 30.050429], [110.52127, 30.058936], [110.531368, 30.061127], [110.5511, 30.055628], [110.568035, 30.054339], [110.576347, 30.059065], [110.597632, 30.054468], [110.626608, 30.06379], [110.651, 30.077622], [110.659623, 30.071222], [110.686346, 30.059151], [110.682151, 30.053866], [110.694037, 30.041535], [110.71237, 30.033156], [110.722391, 30.039645], [110.735675, 30.039902], [110.748259, 30.045875], [110.756183, 30.054296], [110.754163, 30.064091], [110.756028, 30.082991], [110.748959, 30.088317], [110.753153, 30.101286], [110.746395, 30.112623], [110.763019, 30.11902], [110.788344, 30.120008], [110.802948, 30.114426], [110.814368, 30.125975], [110.836119, 30.122712], [110.848626, 30.126104], [110.858025, 30.118548], [110.87395, 30.113438], [110.897877, 30.109789], [110.924289, 30.111334], [110.925221, 30.094501], [110.922968, 30.075732], [110.929882, 30.063447], [110.970899, 30.058979], [110.998399, 30.059366], [111.005856, 30.054468], [111.031569, 30.048883], [111.086258, 30.049441], [111.124012, 30.044457], [111.133489, 30.045273], [111.178934, 30.040504], [111.179711, 30.044242], [111.199753, 30.040977], [111.213348, 30.04175], [111.243799, 30.039559], [111.251102, 30.043727], [111.27899, 30.04682], [111.306257, 30.046434], [111.31721, 30.050687], [111.324046, 30.074658], [111.331426, 30.084409], [111.352245, 30.090808], [111.375705, 30.105623], [111.388212, 30.123829], [111.403593, 30.123313], [111.424801, 30.116272], [111.436531, 30.109874], [111.45735, 30.111034], [111.470556, 30.102274], [111.484228, 30.100342], [111.507222, 30.110261], [111.526721, 30.096563], [111.54218, 30.103391], [111.558571, 30.114984], [111.573253, 30.121682], [111.575972, 30.136364], [111.573875, 30.147954], [111.583663, 30.166194], [111.578302, 30.169541], [111.579701, 30.189537], [111.590266, 30.193612], [111.592285, 30.213474], [111.5985, 30.216091], [111.606967, 30.231831], [111.594849, 30.240365], [111.594305, 30.233632], [111.576283, 30.239422], [111.573952, 30.254601], [111.587158, 30.257516], [111.602073, 30.268106], [111.609376, 30.281737], [111.633846, 30.315465], [111.680067, 30.337187], [111.693429, 30.345541], [111.715413, 30.363316], [111.736387, 30.373766], [111.764353, 30.373123], [111.779035, 30.361646], [111.781987, 30.345926], [111.788435, 30.330419], [111.814148, 30.29751], [111.825024, 30.301238], [111.831627, 30.283452], [111.857884, 30.288081], [111.89253, 30.279037], [111.900842, 30.281609], [111.907756, 30.317779], [111.913349, 30.327162], [111.914126, 30.341943], [111.929663, 30.35415], [111.939606, 30.347768], [111.958794, 30.316665], [111.991498, 30.282937], [112.013716, 30.274793], [112.043779, 30.276551], [112.041371, 30.283923], [112.048673, 30.288981], [112.049761, 30.298324], [112.027388, 30.308566], [111.996392, 30.33556], [111.976972, 30.36246], [111.977671, 30.38734], [111.980778, 30.407548], [111.978603, 30.420347], [111.971845, 30.435883], [111.956463, 30.448036], [111.952191, 30.441147], [111.942636, 30.439221], [111.92205, 30.444485], [111.90931, 30.456637], [111.927643, 30.475077], [111.913505, 30.479526], [111.924147, 30.505916], [111.974719, 30.503777], [111.981555, 30.524132], [111.999966, 30.546791], [112.002141, 30.557862], [111.997402, 30.567222], [111.976661, 30.572778], [111.989013, 30.589016], [111.986604, 30.600809], [112.011618, 30.615676], [112.018299, 30.626824], [112.021251, 30.645146], [112.061646, 30.65706], [112.06654, 30.652064], [112.079824, 30.659323]]], [[[111.052699, 31.441461], [111.051534, 31.438369], [111.060545, 31.430873], [111.091696, 31.424139], [111.089521, 31.431297], [111.073674, 31.442393], [111.065361, 31.437692], [111.052699, 31.441461]]], [[[111.596869, 30.155336], [111.601297, 30.155336], [111.597646, 30.167782], [111.588246, 30.166924], [111.596869, 30.155336]]], [[[112.079902, 30.683914], [112.072755, 30.699152], [112.069881, 30.696335], [112.070269, 30.687329], [112.079902, 30.683914]]]]}, "properties": {"adcode": 420500, "name": "宜昌市", "areas": ["山南茶区"], "areaLabel": "山南茶区", "pointCount": 5, "layer": "tea_city"}}, {"type": "Feature", "geometry": {"type": "MultiPolygon", "coordinates": [[[[111.583041, 32.596544], [111.585139, 32.577807], [111.578691, 32.564171], [111.556396, 32.540406], [111.555774, 32.533125], [111.542102, 32.515129], [111.539306, 32.499306], [111.533169, 32.491017], [111.526177, 32.497966], [111.507999, 32.4893], [111.499376, 32.475524], [111.489977, 32.477786], [111.483218, 32.470499], [111.474363, 32.470457], [111.484617, 32.448763], [111.466672, 32.431755], [111.441347, 32.425513], [111.424024, 32.413403], [111.408099, 32.41047], [111.399631, 32.419228], [111.382308, 32.428194], [111.375317, 32.408417], [111.354886, 32.396682], [111.329484, 32.388719], [111.316744, 32.375724], [111.316122, 32.365202], [111.303848, 32.353755], [111.275494, 32.347843], [111.25483, 32.337485], [111.235332, 32.321631], [111.230749, 32.303173], [111.233778, 32.294404], [111.211872, 32.276612], [111.224612, 32.265909], [111.240459, 32.268638], [111.236575, 32.254786], [111.237895, 32.239841], [111.248771, 32.234887], [111.257161, 32.219183], [111.254442, 32.204904], [111.231681, 32.163861], [111.219096, 32.148565], [111.183673, 32.126121], [111.158659, 32.117166], [111.144987, 32.121623], [111.128285, 32.106151], [111.134266, 32.076378], [111.139782, 32.068681], [111.133023, 32.058375], [111.143666, 32.046806], [111.150502, 32.035951], [111.143355, 32.030438], [111.122692, 32.028461], [111.122847, 32.019791], [111.112282, 32.012258], [111.102805, 32.012342], [111.099231, 32.002493], [111.084471, 32.00102], [111.088822, 32.01512], [111.079966, 32.019286], [111.07212, 32.007965], [111.058448, 32.003461], [111.058525, 31.985233], [111.066216, 31.981528], [111.074373, 31.995295], [111.085714, 31.991211], [111.086802, 31.968897], [111.098687, 31.962959], [111.105291, 31.948935], [111.094104, 31.94367], [111.073829, 31.966749], [111.065051, 31.959716], [111.063264, 31.970918], [111.054253, 31.982665], [111.046718, 32.009312], [111.036774, 32.013984], [111.018985, 32.013731], [111.005701, 32.008807], [111.006012, 31.998199], [110.995214, 31.99138], [110.999253, 31.985949], [111.010983, 31.977697], [111.017043, 31.967254], [111.007876, 31.966581], [111.01075, 31.951673], [111.015411, 31.946071], [111.009818, 31.939669], [111.006245, 31.922481], [111.004769, 31.918142], [111.015722, 31.90862], [111.000574, 31.895599], [111.005157, 31.886074], [111.017276, 31.879626], [111.016343, 31.859181], [111.025821, 31.847418], [111.020461, 31.832406], [111.000574, 31.822833], [110.996068, 31.828569], [110.995757, 31.841726], [111.002671, 31.85741], [110.994748, 31.864029], [110.971676, 31.845984], [110.957304, 31.858801], [110.955518, 31.869425], [110.939127, 31.877012], [110.9152, 31.867106], [110.917453, 31.859097], [110.907277, 31.861879], [110.892517, 31.875242], [110.874184, 31.871659], [110.880087, 31.860656], [110.867347, 31.863439], [110.872863, 31.852056], [110.847072, 31.849062], [110.842023, 31.852899], [110.816387, 31.856525], [110.808386, 31.853194], [110.795491, 31.864282], [110.782207, 31.864155], [110.785314, 31.848809], [110.782595, 31.844213], [110.765427, 31.840545], [110.766826, 31.832069], [110.775138, 31.827894], [110.777701, 31.816464], [110.802249, 31.789424], [110.81126, 31.782462], [110.835497, 31.782589], [110.848704, 31.771491], [110.852588, 31.763347], [110.868357, 31.746464], [110.875504, 31.732998], [110.872708, 31.71611], [110.878922, 31.711677], [110.880709, 31.69546], [110.891429, 31.675778], [110.906966, 31.666019], [110.914656, 31.657696], [110.946739, 31.665681], [110.95241, 31.660611], [110.976414, 31.650344], [110.982318, 31.643203], [110.970666, 31.638174], [110.957382, 31.615478], [110.941612, 31.593622], [110.947827, 31.566433], [110.976414, 31.569393], [110.989854, 31.566263], [111.000496, 31.568632], [111.007643, 31.563937], [111.043999, 31.565079], [111.046407, 31.547484], [111.036075, 31.538008], [111.055185, 31.524385], [111.055806, 31.513468], [111.062099, 31.503904], [111.052311, 31.497429], [111.040581, 31.482234], [111.039027, 31.461151], [111.04563, 31.447262], [111.052699, 31.441461], [111.065361, 31.437692], [111.073674, 31.442393], [111.089521, 31.431297], [111.091696, 31.424139], [111.088744, 31.417997], [111.108864, 31.414396], [111.116088, 31.430111], [111.12611, 31.437946], [111.145064, 31.434473], [111.157494, 31.441207], [111.16868, 31.451412], [111.176448, 31.442138], [111.18274, 31.4465], [111.195636, 31.438369], [111.202394, 31.439428], [111.212105, 31.458102], [111.218863, 31.462844], [111.236264, 31.461617], [111.263919, 31.452217], [111.271998, 31.445738], [111.275727, 31.436337], [111.271066, 31.421428], [111.262832, 31.417065], [111.266794, 31.397239], [111.276115, 31.383892], [111.298333, 31.383553], [111.315345, 31.374865], [111.314258, 31.366728], [111.32459, 31.356344], [111.349759, 31.346467], [111.361489, 31.347103], [111.376249, 31.358718], [111.391319, 31.360286], [111.409031, 31.369949], [111.43086, 31.36444], [111.431715, 31.344772], [111.435133, 31.335742], [111.433424, 31.320817], [111.438318, 31.31293], [111.467604, 31.306696], [111.507145, 31.302582], [111.507145, 31.302582], [111.518953, 31.302243], [111.596869, 31.340066], [111.628719, 31.373001], [111.647518, 31.362151], [111.660336, 31.349562], [111.676105, 31.350155], [111.695371, 31.358167], [111.702595, 31.351258], [111.710286, 31.35876], [111.72155, 31.357361], [111.740815, 31.36711], [111.748195, 31.353419], [111.743767, 31.350706], [111.753478, 31.343034], [111.745166, 31.324252], [111.754021, 31.324718], [111.757362, 31.318612], [111.748273, 31.317722], [111.750137, 31.309919], [111.741592, 31.306484], [111.737475, 31.294778], [111.749283, 31.295669], [111.744311, 31.288585], [111.752934, 31.289307], [111.754954, 31.280356], [111.767228, 31.281544], [111.774141, 31.277811], [111.77554, 31.264871], [111.782453, 31.264192], [111.787503, 31.273484], [111.800165, 31.253627], [111.799699, 31.246328], [111.810342, 31.250657], [111.830617, 31.240684], [111.837142, 31.228758], [111.849028, 31.23279], [111.861535, 31.2288], [111.87311, 31.236822], [111.884296, 31.235124], [111.901153, 31.25473], [111.919253, 31.260755], [111.92974, 31.256088], [111.935955, 31.258931], [111.945122, 31.273484], [111.93914, 31.295075], [111.928109, 31.298511], [111.931061, 31.313396], [111.918399, 31.328153], [111.9358, 31.331629], [111.93813, 31.359947], [111.94217, 31.366474], [111.93611, 31.369441], [111.943257, 31.388765], [111.946675, 31.425282], [111.953978, 31.438242], [111.972855, 31.444764], [111.985361, 31.442816], [111.994994, 31.450354], [112.0082, 31.447347], [112.024048, 31.4346], [112.032127, 31.436294], [112.0357, 31.443748], [112.045644, 31.442731], [112.063355, 31.431], [112.073143, 31.444171], [112.074464, 31.456451], [112.092875, 31.455901], [112.110975, 31.464115], [112.125269, 31.46149], [112.138319, 31.462802], [112.146398, 31.471397], [112.161236, 31.47944], [112.171645, 31.478763], [112.191144, 31.469576], [112.192853, 31.49108], [112.191377, 31.514272], [112.204272, 31.531662], [112.22579, 31.525443], [112.232782, 31.52595], [112.249484, 31.539362], [112.273022, 31.543677], [112.280091, 31.547188], [112.298968, 31.533016], [112.32538, 31.527685], [112.344335, 31.514441], [112.357075, 31.517403], [112.375796, 31.51423], [112.384808, 31.509025], [112.41324, 31.502169], [112.42295, 31.502846], [112.447964, 31.523835], [112.468395, 31.53272], [112.48129, 31.534666], [112.494574, 31.549895], [112.51213, 31.560892], [112.528055, 31.557974], [112.547476, 31.562922], [112.566741, 31.561061], [112.59696, 31.54355], [112.604573, 31.530985], [112.633626, 31.501873], [112.652659, 31.507374], [112.668428, 31.498318], [112.68816, 31.493747], [112.709367, 31.476519], [112.717446, 31.477704], [112.724671, 31.498402], [112.722884, 31.51076], [112.702609, 31.543169], [112.708047, 31.553363], [112.725137, 31.557297], [112.74044, 31.556493], [112.746422, 31.565714], [112.745334, 31.574003], [112.752248, 31.609856], [112.737722, 31.617085], [112.729798, 31.635597], [112.733993, 31.647429], [112.729409, 31.670244], [112.731818, 31.699937], [112.748442, 31.712183], [112.75186, 31.725188], [112.747121, 31.744312], [112.755899, 31.748659], [112.770038, 31.745578], [112.782778, 31.736966], [112.790313, 31.740681], [112.799324, 31.752331], [112.828766, 31.756805], [112.840341, 31.77453], [112.854324, 31.801237], [112.868229, 31.807269], [112.88563, 31.797398], [112.898292, 31.804865], [112.903264, 31.815494], [112.932007, 31.84181], [112.941639, 31.840882], [112.950573, 31.833756], [112.963624, 31.829328], [112.978539, 31.845478], [112.961759, 31.880469], [112.960749, 31.889193], [112.966498, 31.897116], [112.988016, 31.901161], [112.997494, 31.916288], [113.000601, 31.941817], [113.007359, 31.940553], [113.013574, 31.954873], [113.03113, 31.953062], [113.031674, 31.967044], [113.016759, 31.973823], [112.991745, 31.977865], [112.992133, 32.021601], [112.990036, 32.050046], [112.994619, 32.056945], [113.01171, 32.07049], [113.049697, 32.115401], [113.048609, 32.126163], [113.027945, 32.143984], [113.02476, 32.149238], [113.025693, 32.171802], [113.035947, 32.198688], [113.035714, 32.235097], [113.025149, 32.263181], [113.027635, 32.272415], [113.040375, 32.276318], [113.05226, 32.275898], [113.067719, 32.281186], [113.08916, 32.305438], [113.091102, 32.32205], [113.067564, 32.337946], [113.061116, 32.361303], [113.083023, 32.369352], [113.108736, 32.364741], [113.118679, 32.375808], [113.107959, 32.398485], [113.078905, 32.394419], [113.058863, 32.404603], [113.050318, 32.417929], [113.025304, 32.424591], [113.012564, 32.417133], [113.000523, 32.416797], [112.988638, 32.399574], [112.9919, 32.378282], [112.988094, 32.372329], [112.969838, 32.371155], [112.960361, 32.385324], [112.948165, 32.388258], [112.911887, 32.390731], [112.902332, 32.388677], [112.888815, 32.376772], [112.87724, 32.379539], [112.878561, 32.392575], [112.870482, 32.397856], [112.860694, 32.395802], [112.835602, 32.381635], [112.803985, 32.372245], [112.77633, 32.358368], [112.767863, 32.344153], [112.754113, 32.342853], [112.734925, 32.351701], [112.735857, 32.356313], [112.734148, 32.356774], [112.724127, 32.358493], [112.716747, 32.357781], [112.71364, 32.352581], [112.685596, 32.357697], [112.672079, 32.368136], [112.645512, 32.368472], [112.630441, 32.379958], [112.61203, 32.387042], [112.596649, 32.385575], [112.589036, 32.3813], [112.577228, 32.382515], [112.57785, 32.387964], [112.561692, 32.398904], [112.545223, 32.403849], [112.544757, 32.395509], [112.53124, 32.37715], [112.521607, 32.383102], [112.506537, 32.380755], [112.495661, 32.374928], [112.476163, 32.379581], [112.472745, 32.371742], [112.460238, 32.368262], [112.446643, 32.357445], [112.451848, 32.343607], [112.444857, 32.343943], [112.418056, 32.356355], [112.414172, 32.363189], [112.391022, 32.371155], [112.387915, 32.363692], [112.368183, 32.367927], [112.360027, 32.365621], [112.351171, 32.350443], [112.338586, 32.348514], [112.329808, 32.338156], [112.328099, 32.321673], [112.299512, 32.334926], [112.288325, 32.34562], [112.261991, 32.358871], [112.255388, 32.359751], [112.251581, 32.368136], [112.230918, 32.377485], [112.229053, 32.385366], [112.205904, 32.392994], [112.172733, 32.385156], [112.178792, 32.392114], [112.1725, 32.405902], [112.164654, 32.411308], [112.150205, 32.411643], [112.143602, 32.407034], [112.150904, 32.401041], [112.158905, 32.401879], [112.161391, 32.393455], [112.150593, 32.384192], [112.164499, 32.385324], [112.156886, 32.377108], [112.137387, 32.390563], [112.13024, 32.403095], [112.124414, 32.398736], [112.108411, 32.404771], [112.093652, 32.418892], [112.084407, 32.419689], [112.081378, 32.42568], [112.086039, 32.435316], [112.075163, 32.436908], [112.065996, 32.444658], [112.069803, 32.459988], [112.064054, 32.474226], [112.047974, 32.473724], [112.038108, 32.470081], [112.033836, 32.463338], [112.014337, 32.450313], [112.007035, 32.451025], [112.002141, 32.459024], [111.990411, 32.457475], [111.992819, 32.467317], [111.975573, 32.471881], [111.966795, 32.49491], [111.956463, 32.512283], [111.948695, 32.51697], [111.932304, 32.515213], [111.915291, 32.50772], [111.889889, 32.503157], [111.870235, 32.506339], [111.862778, 32.513622], [111.858272, 32.528689], [111.828209, 32.531284], [111.827043, 32.538063], [111.809176, 32.536682], [111.785095, 32.557352], [111.766839, 32.565175], [111.747341, 32.577598], [111.740349, 32.589267], [111.729241, 32.593993], [111.713549, 32.606537], [111.692108, 32.60591], [111.672998, 32.614983], [111.64643, 32.606203], [111.640837, 32.617325], [111.640837, 32.634757], [111.634001, 32.635133], [111.618387, 32.627609], [111.603705, 32.610259], [111.583041, 32.596544]]], [[[111.143666, 32.046806], [111.133023, 32.058375], [111.139782, 32.068681], [111.134266, 32.076378], [111.128285, 32.106151], [111.120361, 32.107371], [111.090841, 32.085883], [111.080665, 32.097069], [111.063885, 32.084495], [111.057671, 32.061783], [111.078179, 32.068176], [111.083384, 32.063676], [111.077169, 32.04689], [111.071498, 32.044071], [111.069556, 32.02905], [111.08152, 32.024589], [111.079966, 32.019286], [111.088822, 32.01512], [111.098765, 32.023411], [111.101406, 32.034773], [111.110495, 32.047984], [111.122225, 32.038602], [111.131004, 32.038391], [111.137296, 32.047437], [111.143666, 32.046806]]], [[[110.992806, 31.927158], [110.996224, 31.940932], [110.987601, 31.941143], [110.978123, 31.94089], [110.983872, 31.934867], [110.988455, 31.920291], [110.992806, 31.927158]]], [[[111.060545, 31.430873], [111.051534, 31.438369], [111.039726, 31.423334], [111.045475, 31.42075], [111.060545, 31.430873]]], [[[112.716747, 32.357781], [112.724127, 32.358493], [112.730885, 32.363105], [112.734148, 32.356774], [112.735857, 32.356313], [112.733604, 32.366208], [112.716747, 32.357781]]]]}, "properties": {"adcode": 420600, "name": "襄阳市", "areas": ["山南茶区"], "areaLabel": "山南茶区", "pointCount": 1, "layer": "tea_city"}}, {"type": "Feature", "geometry": {"type": "MultiPolygon", "coordinates": [[[[111.583663, 30.166194], [111.588246, 30.166924], [111.597646, 30.167782], [111.601297, 30.155336], [111.596869, 30.155336], [111.573875, 30.147954], [111.575972, 30.136364], [111.573253, 30.121682], [111.558571, 30.114984], [111.54218, 30.103391], [111.526721, 30.096563], [111.507222, 30.110261], [111.484228, 30.100342], [111.470556, 30.102274], [111.45735, 30.111034], [111.436531, 30.109874], [111.424801, 30.116272], [111.403593, 30.123313], [111.388212, 30.123829], [111.375705, 30.105623], [111.352245, 30.090808], [111.331426, 30.084409], [111.324046, 30.074658], [111.31721, 30.050687], [111.306257, 30.046434], [111.27899, 30.04682], [111.251102, 30.043727], [111.243799, 30.039559], [111.257938, 30.031523], [111.267027, 30.01141], [111.285671, 30.011324], [111.297711, 30.004619], [111.297245, 29.990218], [111.318763, 29.971902], [111.324124, 29.97818], [111.342068, 29.945368], [111.348904, 29.942272], [111.351468, 29.951304], [111.375394, 29.954228], [111.382852, 29.949755], [111.378113, 29.936809], [111.388678, 29.937669], [111.382852, 29.923646], [111.390853, 29.914826], [111.404292, 29.910997], [111.41812, 29.915171], [111.437774, 29.930013], [111.445542, 29.924721], [111.462089, 29.927345], [111.475683, 29.918828], [111.514525, 29.92769], [111.52742, 29.925668], [111.538451, 29.904672], [111.546142, 29.904199], [111.551346, 29.895249], [111.56766, 29.898261], [111.577914, 29.894431], [111.583973, 29.898046], [111.597801, 29.889483], [111.620018, 29.891419], [111.62165, 29.894948], [111.651402, 29.893097], [111.662355, 29.885825], [111.668881, 29.888837], [111.681776, 29.884577], [111.699488, 29.887632], [111.723803, 29.906092], [111.730173, 29.918053], [111.757439, 29.920075], [111.79465, 29.905705], [111.809642, 29.902263], [111.810342, 29.893786], [111.830695, 29.887933], [111.828986, 29.873989], [111.839628, 29.87683], [111.852757, 29.86835], [111.863399, 29.856556], [111.880645, 29.86], [111.914592, 29.852681], [111.919253, 29.842435], [111.937043, 29.832403], [111.960969, 29.837441], [111.965242, 29.831154], [111.951569, 29.81423], [111.954832, 29.796744], [111.977049, 29.790498], [111.987071, 29.793987], [111.991265, 29.782787], [112.009754, 29.778048], [112.031194, 29.762278], [112.045566, 29.7584], [112.050693, 29.749178], [112.064676, 29.745946], [112.05481, 29.757237], [112.064443, 29.769819], [112.066152, 29.753703], [112.075707, 29.744222], [112.07291, 29.715085], [112.06452, 29.710343], [112.059937, 29.69577], [112.065453, 29.681756], [112.087515, 29.681756], [112.091865, 29.68568], [112.107479, 29.67119], [112.112606, 29.659243], [112.11851, 29.662693], [112.124958, 29.657], [112.14399, 29.657431], [112.150593, 29.654541], [112.164576, 29.662348], [112.178171, 29.656655], [112.183997, 29.648027], [112.185861, 29.634352], [112.198291, 29.617438], [112.199456, 29.629865], [112.20668, 29.635085], [112.22043, 29.637242], [112.219498, 29.64738], [112.236122, 29.658466], [112.244201, 29.659631], [112.231461, 29.639658], [112.228432, 29.627707], [112.234413, 29.615798], [112.242337, 29.609972], [112.255543, 29.609929], [112.282033, 29.596248], [112.294307, 29.59586], [112.302852, 29.586192], [112.303163, 29.567241], [112.291588, 29.542759], [112.282732, 29.537533], [112.279314, 29.529155], [112.278226, 29.508465], [112.282654, 29.49503], [112.290733, 29.516932], [112.298424, 29.516932], [112.315747, 29.524275], [112.32002, 29.540556], [112.332061, 29.544745], [112.370281, 29.542197], [112.391799, 29.567845], [112.397237, 29.564132], [112.402209, 29.576393], [112.408967, 29.578638], [112.423571, 29.595687], [112.4273, 29.616963], [112.439652, 29.633791], [112.456664, 29.635948], [112.468472, 29.631332], [112.481989, 29.633489], [112.499079, 29.629261], [112.505216, 29.611008], [112.535202, 29.599701], [112.540795, 29.600823], [112.56511, 29.62076], [112.572257, 29.623867], [112.589658, 29.620243], [112.607136, 29.61226], [112.607758, 29.608031], [112.624693, 29.616532], [112.640152, 29.607901], [112.650639, 29.592493], [112.660272, 29.599529], [112.6734, 29.600046], [112.678993, 29.589515], [112.686917, 29.592752], [112.689014, 29.602377], [112.699035, 29.610749], [112.698647, 29.619984], [112.713951, 29.637544], [112.714028, 29.647165], [112.727545, 29.655318], [112.731818, 29.645051], [112.763823, 29.664807], [112.763668, 29.672311], [112.779127, 29.679729], [112.788604, 29.679901], [112.784875, 29.693571], [112.795207, 29.697667], [112.791789, 29.713748], [112.806083, 29.726077], [112.793964, 29.735904], [112.815405, 29.746636], [112.843603, 29.771111], [112.861626, 29.783131], [112.880658, 29.786879], [112.894408, 29.783778], [112.902021, 29.791273], [112.886562, 29.796442], [112.901167, 29.803162], [112.919655, 29.799673], [112.933793, 29.789292], [112.93962, 29.779986], [112.937911, 29.766587], [112.929366, 29.774084], [112.923772, 29.766544], [112.930686, 29.752238], [112.931308, 29.726206], [112.927346, 29.708403], [112.927035, 29.692148], [112.935192, 29.681928], [112.944824, 29.682748], [112.959351, 29.696374], [112.962925, 29.706807], [112.979238, 29.737628], [113.003475, 29.755255], [113.011787, 29.767664], [113.026081, 29.772792], [113.030897, 29.762278], [113.025071, 29.748661], [113.015205, 29.710903], [113.004951, 29.693743], [112.976208, 29.672139], [112.96541, 29.658941], [112.945368, 29.64751], [112.912042, 29.616143], [112.911809, 29.606865], [112.924005, 29.571644], [112.927113, 29.556188], [112.937367, 29.527125], [112.943271, 29.493907], [112.950185, 29.472907], [112.96409, 29.468068], [112.973334, 29.472389], [112.990347, 29.497968], [113.018779, 29.516198], [113.034393, 29.523584], [113.05762, 29.522461], [113.064689, 29.51244], [113.072768, 29.48276], [113.076031, 29.450175], [113.08077, 29.434095], [113.090558, 29.430766], [113.102676, 29.443043], [113.099957, 29.459683], [113.113552, 29.456701], [113.132584, 29.45735], [113.145324, 29.44931], [113.155734, 29.457134], [113.182068, 29.485568], [113.222386, 29.543709], [113.256644, 29.566507], [113.272258, 29.580839], [113.277308, 29.595126], [113.298049, 29.613856], [113.326248, 29.647812], [113.377364, 29.703186], [113.401756, 29.724051], [113.438655, 29.751635], [113.456678, 29.759219], [113.493111, 29.786578], [113.517892, 29.812422], [113.571493, 29.848936], [113.605829, 29.869254], [113.640165, 29.904414], [113.670073, 29.918354], [113.696175, 29.923947], [113.724529, 29.920075], [113.741075, 29.91986], [113.800115, 29.924291], [113.82777, 29.935389], [113.845171, 29.954744], [113.886653, 30.008229], [113.902656, 30.023057], [113.929379, 30.03393], [114.046447, 30.071823], [114.077365, 30.087587], [114.088319, 30.099397], [114.091892, 30.110991], [114.086843, 30.123957], [114.055303, 30.139412], [114.028658, 30.157268], [113.976766, 30.195672], [113.968842, 30.200477], [113.94344, 30.203651], [113.908249, 30.188979], [113.893956, 30.185718], [113.873991, 30.186362], [113.866223, 30.189665], [113.851385, 30.183444], [113.84284, 30.186748], [113.820157, 30.178982], [113.824041, 30.170142], [113.822565, 30.158212], [113.789006, 30.130569], [113.775411, 30.128594], [113.764846, 30.119063], [113.737813, 30.134132], [113.731365, 30.13044], [113.732919, 30.118762], [113.717149, 30.117002], [113.706507, 30.094201], [113.684134, 30.092182], [113.677841, 30.084022], [113.668053, 30.079899], [113.648011, 30.089391], [113.618647, 30.082819], [113.598372, 30.081831], [113.558365, 30.069289], [113.542207, 30.072081], [113.534516, 30.067871], [113.521232, 30.071952], [113.51494, 30.079727], [113.517659, 30.088532], [113.480837, 30.116744], [113.481148, 30.121811], [113.463203, 30.148383], [113.446113, 30.15525], [113.436713, 30.164992], [113.419934, 30.165679], [113.376897, 30.19284], [113.344737, 30.192368], [113.332773, 30.171043], [113.325394, 30.164134], [113.309624, 30.156581], [113.279716, 30.151817], [113.250973, 30.153233], [113.237146, 30.149971], [113.213142, 30.156452], [113.150995, 30.141301], [113.138255, 30.141987], [113.12132, 30.151259], [113.097083, 30.145722], [113.091801, 30.146752], [113.067486, 30.165422], [113.060494, 30.180483], [113.047288, 30.18958], [113.033616, 30.188979], [113.024993, 30.182929], [113.028256, 30.171944], [113.015516, 30.163405], [113.020022, 30.147825], [113.001999, 30.135849], [112.989259, 30.132243], [112.977451, 30.138124], [112.963468, 30.134089], [112.946689, 30.143404], [112.945446, 30.158727], [112.923384, 30.164821], [112.904352, 30.163362], [112.892855, 30.171258], [112.881202, 30.16937], [112.880736, 30.180741], [112.869938, 30.189279], [112.853314, 30.179625], [112.844225, 30.164864], [112.835991, 30.160701], [112.817347, 30.163362], [112.810433, 30.152246], [112.8189, 30.13117], [112.818667, 30.122455], [112.810511, 30.108844], [112.792799, 30.108973], [112.788992, 30.102832], [112.794119, 30.096777], [112.809734, 30.089605], [112.817036, 30.078309], [112.740829, 30.078309], [112.739974, 30.088918], [112.70828, 30.088231], [112.699812, 30.092826], [112.684276, 30.092569], [112.670137, 30.102231], [112.649551, 30.105065], [112.632849, 30.114039], [112.622052, 30.116272], [112.603563, 30.115156], [112.590435, 30.117431], [112.583288, 30.127435], [112.59797, 30.146709], [112.598436, 30.159542], [112.592687, 30.171558], [112.580336, 30.175463], [112.575286, 30.185632], [112.575209, 30.205367], [112.580413, 30.209485], [112.570392, 30.230759], [112.545844, 30.260046], [112.527667, 30.274879], [112.521452, 30.287652], [112.516869, 30.316494], [112.520908, 30.329733], [112.521219, 30.350638], [112.512052, 30.356592], [112.502342, 30.373894], [112.513062, 30.379632], [112.5279, 30.394447], [112.515703, 30.400313], [112.505993, 30.410887], [112.463656, 30.435883], [112.449207, 30.438322], [112.439186, 30.433272], [112.433826, 30.422401], [112.400266, 30.425954], [112.381079, 30.423386], [112.356065, 30.406691], [112.345578, 30.402325], [112.330973, 30.405621], [112.307435, 30.426382], [112.30293, 30.436867], [112.304017, 30.448849], [112.311708, 30.451288], [112.311164, 30.460573], [112.302619, 30.480167], [112.296637, 30.4856], [112.285839, 30.485129], [112.275508, 30.490519], [112.272556, 30.499287], [112.263078, 30.502494], [112.248319, 30.49779], [112.228742, 30.499244], [112.221518, 30.505188], [112.200155, 30.494026], [112.20031, 30.481707], [112.212507, 30.47713], [112.214138, 30.470071], [112.200699, 30.473237], [112.18858, 30.469387], [112.17584, 30.479055], [112.175452, 30.492914], [112.183065, 30.519899], [112.173665, 30.532555], [112.158828, 30.534393], [112.152069, 30.522635], [112.136222, 30.53294], [112.133192, 30.546064], [112.136921, 30.558161], [112.133658, 30.570855], [112.124802, 30.58641], [112.112451, 30.599057], [112.109965, 30.606448], [112.117345, 30.625585], [112.100721, 30.630198], [112.096681, 30.646982], [112.08534, 30.651338], [112.079824, 30.659323], [112.06654, 30.652064], [112.061646, 30.65706], [112.021251, 30.645146], [112.018299, 30.626824], [112.011618, 30.615676], [111.986604, 30.600809], [111.989013, 30.589016], [111.976661, 30.572778], [111.997402, 30.567222], [112.002141, 30.557862], [111.999966, 30.546791], [111.981555, 30.524132], [111.974719, 30.503777], [111.924147, 30.505916], [111.913505, 30.479526], [111.927643, 30.475077], [111.90931, 30.456637], [111.92205, 30.444485], [111.942636, 30.439221], [111.952191, 30.441147], [111.956463, 30.448036], [111.971845, 30.435883], [111.978603, 30.420347], [111.980778, 30.407548], [111.977671, 30.38734], [111.976972, 30.36246], [111.996392, 30.33556], [112.027388, 30.308566], [112.049761, 30.298324], [112.048673, 30.288981], [112.041371, 30.283923], [112.043779, 30.276551], [112.013716, 30.274793], [111.991498, 30.282937], [111.958794, 30.316665], [111.939606, 30.347768], [111.929663, 30.35415], [111.914126, 30.341943], [111.913349, 30.327162], [111.907756, 30.317779], [111.900842, 30.281609], [111.89253, 30.279037], [111.857884, 30.288081], [111.831627, 30.283452], [111.825024, 30.301238], [111.814148, 30.29751], [111.788435, 30.330419], [111.781987, 30.345926], [111.779035, 30.361646], [111.764353, 30.373123], [111.736387, 30.373766], [111.715413, 30.363316], [111.693429, 30.345541], [111.680067, 30.337187], [111.633846, 30.315465], [111.609376, 30.281737], [111.602073, 30.268106], [111.587158, 30.257516], [111.573952, 30.254601], [111.576283, 30.239422], [111.594305, 30.233632], [111.594849, 30.240365], [111.606967, 30.231831], [111.5985, 30.216091], [111.592285, 30.213474], [111.590266, 30.193612], [111.579701, 30.189537], [111.578302, 30.169541], [111.583663, 30.166194]]], [[[113.930544, 30.028085], [113.913842, 30.022971], [113.903744, 30.016525], [113.894033, 30.004919], [113.894033, 29.997827], [113.924097, 30.020092], [113.936215, 30.026839], [113.930544, 30.028085]]], [[[111.573875, 30.147954], [111.596869, 30.155336], [111.588246, 30.166924], [111.583663, 30.166194], [111.573875, 30.147954]]], [[[112.902021, 29.791273], [112.894408, 29.783778], [112.923772, 29.766544], [112.929366, 29.774084], [112.902021, 29.791273]]]]}, "properties": {"adcode": 421000, "name": "荆州市", "areas": ["山南茶区"], "areaLabel": "山南茶区", "pointCount": 1, "layer": "tea_city"}}, {"type": "Feature", "geometry": {"type": "MultiPolygon", "coordinates": [[[[112.995396, 27.438309], [112.978109, 27.439188], [112.955954, 27.430293], [112.939597, 27.426284], [112.9251, 27.418871], [112.921818, 27.409865], [112.924936, 27.367074], [112.920177, 27.356635], [112.901906, 27.360536], [112.869958, 27.356141], [112.863886, 27.351196], [112.852999, 27.355097], [112.834947, 27.354382], [112.831118, 27.338337], [112.815691, 27.343777], [112.807868, 27.338392], [112.799826, 27.344327], [112.806282, 27.348723], [112.80382, 27.36202], [112.791566, 27.36213], [112.77417, 27.376359], [112.771818, 27.392784], [112.76033, 27.403988], [112.748404, 27.39899], [112.735822, 27.401517], [112.727507, 27.394871], [112.715308, 27.404263], [112.704093, 27.407668], [112.685658, 27.405691], [112.677397, 27.419255], [112.678491, 27.42892], [112.687244, 27.437101], [112.69069, 27.454121], [112.673075, 27.456811], [112.659727, 27.452309], [112.64627, 27.464715], [112.639596, 27.45983], [112.63046, 27.466252], [112.615143, 27.465978], [112.608305, 27.455987], [112.592605, 27.454999], [112.587244, 27.437046], [112.576576, 27.434466], [112.566893, 27.441768], [112.553327, 27.432379], [112.55453, 27.424911], [112.538885, 27.416674], [112.531007, 27.430293], [112.521981, 27.429194], [112.522418, 27.420464], [112.508359, 27.417004], [112.51279, 27.403164], [112.50453, 27.403988], [112.499005, 27.397727], [112.49988, 27.374931], [112.489596, 27.371909], [112.485712, 27.359877], [112.471871, 27.372404], [112.459891, 27.355152], [112.438118, 27.344602], [112.432374, 27.354218], [112.408523, 27.36147], [112.368151, 27.356086], [112.370503, 27.363888], [112.358742, 27.362459], [112.339267, 27.365921], [112.331061, 27.370206], [112.321543, 27.363998], [112.312133, 27.367074], [112.309125, 27.360426], [112.299715, 27.358723], [112.282593, 27.337073], [112.287844, 27.328939], [112.279857, 27.31223], [112.267275, 27.305084], [112.256116, 27.310691], [112.254912, 27.295684], [112.239048, 27.287822], [112.233085, 27.265388], [112.223785, 27.261209], [112.213938, 27.268908], [112.206225, 27.285128], [112.20535, 27.296564], [112.197691, 27.295794], [112.190634, 27.311791], [112.182374, 27.309812], [112.174824, 27.319651], [112.163883, 27.324542], [112.153654, 27.305689], [112.162844, 27.284193], [112.163063, 27.277321], [112.150535, 27.265828], [112.1507, 27.254609], [112.160054, 27.247515], [112.154091, 27.239375], [112.137899, 27.237009], [112.127942, 27.227658], [112.129529, 27.220892], [112.112625, 27.222322], [112.114211, 27.210714], [112.107209, 27.214125], [112.092165, 27.205652], [112.08861, 27.195143], [112.091235, 27.185623], [112.076739, 27.185183], [112.070666, 27.191071], [112.058139, 27.175442], [112.049003, 27.150784], [112.05245, 27.142856], [112.046596, 27.132672], [112.056006, 27.116649], [112.051684, 27.102882], [112.056224, 27.085754], [112.046925, 27.077271], [112.05059, 27.071102], [112.071815, 27.064987], [112.078052, 27.041792], [112.086859, 27.033912], [112.086804, 27.013246], [112.081006, 27.008561], [112.060108, 27.013026], [112.050152, 27.006467], [112.043205, 26.995663], [112.047143, 26.975265], [112.019846, 26.9649], [112.01629, 26.955416], [112.007045, 26.952658], [112.000644, 26.943669], [111.979474, 26.942291], [111.986366, 26.950011], [111.983795, 26.958228], [111.972526, 26.958118], [111.961804, 26.951169], [111.953598, 26.955195], [111.9356, 26.952217], [111.929802, 26.93854], [111.917821, 26.935176], [111.907427, 26.924752], [111.89851, 26.926627], [111.898237, 26.96887], [111.894353, 26.978243], [111.898401, 26.986677], [111.881278, 26.999632], [111.868696, 27.013411], [111.863171, 27.009774], [111.841946, 27.008726], [111.817438, 27.020962], [111.823237, 27.036778], [111.81607, 27.045428], [111.809178, 27.046035], [111.807865, 27.033141], [111.786913, 27.039698], [111.776683, 27.046586], [111.772525, 27.058045], [111.753543, 27.057329], [111.758029, 27.062728], [111.737897, 27.061571], [111.724768, 27.069063], [111.712842, 27.052316], [111.699276, 27.046586], [111.68828, 27.031377], [111.665796, 27.031763], [111.659615, 27.012144], [111.651518, 27.008726], [111.649768, 27.00112], [111.6577, 26.986016], [111.649713, 26.962915], [111.635271, 26.963742], [111.622033, 26.954202], [111.613663, 26.959717], [111.604472, 26.958393], [111.587569, 26.96694], [111.581442, 26.962143], [111.576463, 26.945048], [111.567109, 26.934845], [111.583137, 26.925028], [111.583028, 26.909031], [111.5891, 26.896728], [111.578597, 26.8831], [111.569078, 26.884314], [111.564483, 26.86958], [111.551026, 26.860033], [111.550752, 26.846952], [111.543586, 26.840935], [111.549111, 26.832324], [111.545938, 26.821724], [111.549986, 26.812338], [111.558083, 26.808639], [111.575369, 26.809357], [111.577229, 26.79986], [111.588006, 26.797596], [111.601245, 26.785888], [111.618477, 26.7913], [111.629637, 26.789312], [111.638006, 26.802344], [111.644516, 26.803228], [111.642437, 26.817252], [111.650862, 26.840438], [111.66596, 26.843309], [111.684615, 26.833538], [111.701464, 26.836188], [111.700589, 26.843198], [111.712678, 26.84916], [111.719243, 26.847283], [111.731278, 26.8326], [111.739046, 26.832876], [111.746759, 26.841487], [111.752285, 26.831551], [111.745009, 26.825534], [111.744735, 26.812173], [111.753707, 26.807038], [111.772142, 26.80875], [111.771705, 26.79986], [111.781278, 26.789147], [111.797307, 26.79257], [111.802504, 26.801516], [111.820556, 26.804498], [111.824057, 26.798479], [111.817055, 26.784011], [111.827504, 26.780918], [111.831825, 26.786164], [111.850206, 26.789809], [111.859178, 26.799584], [111.871486, 26.796491], [111.874769, 26.785888], [111.903325, 26.751754], [111.917985, 26.748936], [111.916399, 26.733688], [111.927066, 26.711032], [111.94036, 26.699427], [111.949003, 26.681519], [111.951902, 26.664216], [111.959342, 26.65642], [111.960983, 26.645307], [111.973565, 26.630929], [111.990196, 26.624182], [111.997526, 26.605101], [112.006005, 26.596914], [112.014922, 26.605322], [112.019736, 26.619205], [112.013992, 26.627556], [112.005513, 26.624791], [111.995666, 26.63939], [112.006498, 26.648458], [112.028489, 26.651831], [112.04583, 26.643205], [112.05617, 26.647961], [112.076903, 26.64398], [112.093478, 26.634026], [112.094189, 26.645141], [112.10978, 26.654043], [112.117822, 26.650504], [112.115743, 26.643371], [112.126356, 26.63574], [112.151082, 26.625731], [112.150317, 26.617048], [112.141454, 26.603386], [112.143916, 26.593429], [112.158577, 26.591825], [112.170557, 26.585352], [112.168205, 26.574674], [112.174715, 26.571188], [112.169518, 26.557078], [112.156389, 26.555529], [112.149113, 26.547173], [112.162735, 26.539314], [112.147363, 26.527469], [112.144737, 26.504441], [112.15245, 26.502725], [112.174223, 26.524148], [112.19047, 26.536879], [112.213118, 26.548556], [112.227833, 26.546453], [112.242713, 26.535052], [112.243205, 26.514073], [112.236695, 26.505382], [112.211258, 26.502725], [112.195339, 26.486613], [112.1757, 26.500178], [112.159999, 26.493866], [112.159562, 26.486336], [112.166509, 26.477033], [112.152177, 26.469668], [112.157975, 26.465016], [112.161914, 26.450727], [112.155295, 26.444523], [112.143205, 26.441477], [112.145612, 26.431727], [112.152724, 26.430065], [112.150098, 26.416326], [112.153271, 26.403139], [112.140634, 26.407959], [112.141728, 26.387068], [112.150152, 26.38463], [112.148183, 26.35736], [112.153161, 26.349544], [112.158741, 26.353036], [112.181498, 26.34339], [112.177724, 26.325925], [112.177942, 26.305741], [112.190415, 26.312229], [112.199004, 26.30746], [112.20896, 26.31356], [112.212461, 26.30563], [112.205021, 26.285275], [112.197308, 26.277287], [112.200809, 26.262365], [112.19605, 26.229794], [112.190306, 26.22369], [112.194901, 26.206873], [112.192877, 26.19394], [112.185929, 26.185668], [112.195448, 26.172011], [112.206115, 26.165514], [112.217221, 26.165459], [112.212571, 26.151188], [112.222636, 26.150799], [112.224332, 26.138915], [112.231389, 26.134417], [112.232428, 26.117865], [112.257702, 26.123308], [112.258523, 26.130751], [112.266947, 26.13114], [112.284453, 26.143636], [112.290689, 26.144024], [112.292385, 26.134417], [112.304256, 26.132917], [112.31186, 26.148967], [112.310437, 26.158574], [112.327068, 26.161128], [112.33779, 26.167569], [112.357046, 26.161294], [112.364322, 26.181282], [112.375044, 26.190553], [112.377287, 26.201544], [112.386641, 26.205208], [112.395066, 26.186168], [112.405788, 26.184835], [112.429256, 26.189721], [112.444574, 26.175953], [112.450919, 26.180394], [112.47953, 26.175786], [112.485055, 26.167957], [112.482046, 26.160739], [112.48872, 26.150911], [112.507812, 26.159573], [112.50825, 26.143858], [112.5129, 26.135583], [112.524443, 26.137471], [112.529092, 26.147579], [112.554804, 26.147245], [112.566565, 26.158518], [112.578381, 26.153632], [112.582047, 26.15924], [112.576248, 26.168346], [112.577451, 26.182004], [112.572309, 26.193384], [112.58057, 26.208982], [112.581062, 26.219083], [112.597802, 26.220526], [112.602834, 26.217085], [112.608961, 26.198436], [112.623403, 26.192108], [112.633688, 26.163293], [112.630132, 26.154409], [112.637299, 26.138915], [112.654257, 26.129251], [112.670668, 26.127696], [112.658196, 26.114976], [112.646161, 26.112421], [112.642277, 26.105977], [112.654913, 26.101033], [112.665307, 26.10981], [112.673787, 26.111032], [112.676139, 26.125974], [112.686423, 26.123808], [112.688557, 26.114198], [112.707704, 26.122419], [112.710275, 26.131751], [112.720395, 26.125474], [112.735056, 26.134583], [112.739979, 26.144469], [112.746216, 26.143802], [112.752507, 26.129862], [112.760384, 26.133084], [112.758743, 26.149855], [112.768371, 26.145524], [112.782157, 26.146024], [112.783634, 26.164237], [112.791402, 26.166292], [112.78812, 26.175342], [112.777179, 26.177341], [112.775975, 26.183892], [112.786041, 26.196993], [112.79173, 26.193218], [112.78987, 26.179839], [112.795614, 26.180116], [112.802616, 26.19022], [112.809728, 26.192163], [112.818535, 26.186667], [112.818754, 26.161794], [112.838557, 26.155742], [112.846435, 26.158296], [112.857923, 26.154187], [112.870067, 26.155797], [112.875866, 26.1498], [112.891074, 26.156519], [112.903601, 26.148467], [112.920997, 26.157963], [112.921052, 26.174398], [112.930133, 26.176785], [112.942606, 26.170789], [112.949882, 26.160184], [112.968645, 26.154242], [112.984564, 26.156575], [112.992989, 26.162349], [113.008635, 26.155631], [113.035659, 26.172843], [113.034948, 26.206651], [113.039926, 26.213589], [113.025867, 26.245276], [113.032103, 26.25199], [113.045287, 26.254542], [113.05207, 26.248494], [113.068153, 26.252933], [113.073514, 26.24855], [113.091676, 26.250103], [113.087136, 26.273626], [113.103547, 26.290544], [113.117059, 26.287327], [113.119193, 26.29304], [113.128821, 26.29304], [113.130626, 26.306572], [113.127344, 26.31356], [113.142059, 26.32587], [113.162683, 26.324317], [113.173788, 26.329696], [113.164762, 26.344499], [113.168865, 26.3491], [113.156556, 26.36246], [113.167114, 26.374266], [113.16044, 26.387733], [113.163558, 26.409566], [113.171874, 26.412115], [113.179095, 26.404967], [113.191239, 26.406186], [113.212191, 26.425246], [113.211699, 26.433112], [113.192278, 26.44552], [113.194904, 26.451669], [113.210112, 26.465182], [113.217388, 26.462746], [113.226852, 26.467065], [113.230079, 26.482072], [113.214324, 26.502448], [113.189653, 26.506157], [113.179423, 26.519388], [113.171655, 26.521214], [113.160003, 26.534222], [113.159182, 26.541638], [113.179149, 26.564438], [113.179259, 26.578492], [113.186699, 26.608088], [113.179587, 26.638339], [113.188176, 26.662447], [113.182979, 26.687765], [113.160878, 26.687875], [113.152289, 26.700532], [113.134784, 26.71258], [113.13916, 26.71794], [113.122311, 26.72319], [113.121381, 26.73098], [113.131392, 26.738053], [113.12904, 26.74413], [113.115364, 26.74413], [113.113066, 26.753024], [113.101961, 26.753245], [113.09556, 26.759929], [113.097256, 26.781636], [113.149062, 26.792129], [113.142935, 26.812504], [113.144138, 26.834477], [113.153165, 26.837568], [113.160495, 26.827521], [113.183854, 26.825202], [113.207103, 26.829674], [113.206338, 26.825478], [113.223679, 26.820896], [113.224609, 26.814437], [113.238066, 26.805216], [113.258526, 26.815486], [113.259784, 26.827797], [113.252399, 26.839224], [113.232869, 26.860971], [113.227125, 26.876423], [113.239106, 26.877747], [113.24288, 26.889279], [113.239708, 26.894466], [113.254751, 26.900259], [113.257104, 26.917691], [113.266458, 26.918408], [113.278329, 26.928447], [113.280955, 26.939974], [113.245014, 26.93832], [113.235331, 26.951721], [113.225594, 26.956298], [113.221546, 26.974549], [113.226852, 26.994671], [113.21892, 27.002939], [113.224937, 27.012474], [113.235714, 27.014789], [113.23462, 27.021403], [113.220014, 27.024434], [113.215856, 27.0408], [113.198022, 27.04069], [113.199171, 27.056888], [113.193865, 27.076059], [113.175101, 27.088838], [113.170779, 27.099027], [113.164543, 27.101285], [113.16799, 27.126175], [113.193482, 27.1357], [113.196053, 27.14181], [113.219467, 27.131736], [113.236042, 27.145224], [113.244795, 27.139994], [113.245944, 27.151609], [113.257815, 27.160141], [113.260058, 27.173186], [113.280298, 27.166636], [113.283964, 27.178634], [113.271929, 27.205707], [113.255408, 27.223642], [113.248406, 27.23943], [113.23183, 27.237339], [113.182979, 27.240915], [113.173734, 27.233489], [113.164324, 27.236019], [113.148296, 27.251695], [113.144138, 27.249275], [113.133252, 27.229638], [113.127508, 27.207358], [113.115473, 27.205597], [113.107814, 27.225238], [113.087847, 27.235469], [113.092606, 27.238274], [113.082431, 27.253895], [113.085878, 27.266433], [113.068427, 27.280949], [113.051031, 27.287492], [113.04381, 27.309647], [113.048843, 27.320915], [113.032541, 27.329269], [113.033306, 27.345041], [113.042223, 27.350921], [113.025265, 27.367239], [113.021545, 27.378337], [113.024171, 27.385807], [113.002015, 27.392729], [112.994247, 27.407064], [112.999225, 27.435619], [112.995396, 27.438309]]]]}, "properties": {"adcode": 430400, "name": "衡阳市", "areas": ["山南茶区"], "areaLabel": "山南茶区", "pointCount": 1, "layer": "tea_city"}}, {"type": "Feature", "geometry": {"type": "MultiPolygon", "coordinates": [[[[109.438892, 33.152124], [109.373789, 33.147244], [109.339195, 33.135855], [109.313235, 33.167576], [109.295448, 33.173919], [109.258206, 33.167739], [109.232015, 33.192376], [109.218546, 33.193351], [109.174569, 33.161558], [109.124202, 33.15985], [109.059618, 33.214242], [109.005107, 33.168796], [108.988817, 33.176928], [108.97057, 33.160338], [108.973218, 33.13732], [108.931083, 33.125035], [108.919283, 33.151067], [108.900863, 33.147732], [108.863851, 33.192782], [108.816938, 33.225783], [108.80698, 33.24496], [108.740842, 33.283788], [108.710507, 33.270062], [108.687252, 33.274773], [108.691051, 33.291828], [108.66227, 33.323574], [108.640166, 33.321139], [108.583468, 33.298487], [108.569884, 33.318866], [108.574201, 33.373889], [108.597456, 33.407226], [108.588188, 33.459681], [108.633086, 33.501168], [108.625143, 33.533161], [108.653809, 33.54798], [108.693296, 33.535267], [108.724897, 33.530651], [108.750685, 33.536401], [108.797367, 33.58384], [108.805599, 33.605366], [108.828508, 33.617825], [108.815039, 33.633034], [108.792244, 33.642497], [108.798806, 33.654628], [108.826493, 33.649371], [108.879335, 33.698527], [108.902245, 33.678803], [108.922909, 33.684543], [108.945473, 33.726569], [108.942307, 33.747816], [108.92337, 33.774711], [108.903223, 33.781091], [108.846985, 33.777699], [108.835588, 33.792233], [108.84002, 33.815966], [108.805771, 33.817177], [108.778487, 33.798046], [108.756038, 33.812657], [108.755923, 33.839048], [108.741014, 33.841468], [108.697843, 33.828315], [108.650067, 33.841549], [108.617717, 33.825974], [108.602579, 33.791426], [108.585425, 33.780122], [108.584274, 33.764536], [108.560444, 33.765101], [108.544557, 33.788438], [108.484405, 33.804262], [108.466445, 33.800629], [108.443709, 33.781979], [108.404855, 33.763324], [108.369454, 33.793202], [108.345969, 33.793848], [108.307, 33.76292], [108.288292, 33.767282], [108.259281, 33.754763], [108.233148, 33.726649], [108.191761, 33.725276], [108.180191, 33.711862], [108.149281, 33.712347], [108.132243, 33.721882], [108.113823, 33.712589], [108.098396, 33.723498], [108.073818, 33.723417], [108.054247, 33.709842], [108.052117, 33.680016], [108.065068, 33.651635], [108.058391, 33.618796], [108.070364, 33.602129], [108.060406, 33.578499], [108.066392, 33.540692], [108.060463, 33.520042], [108.077329, 33.504004], [108.101677, 33.500358], [108.151641, 33.463977], [108.158606, 33.432363], [108.143582, 33.405604], [108.117507, 33.416795], [108.092928, 33.4009], [108.10398, 33.391492], [108.095518, 33.373483], [108.056434, 33.349222], [108.042734, 33.324061], [108.052923, 33.297025], [108.039338, 33.283139], [108.033237, 33.260965], [108.021839, 33.257878], [108.048606, 33.237972], [108.046591, 33.226677], [108.077502, 33.212373], [108.070594, 33.203757], [108.107318, 33.21091], [108.097993, 33.190587], [108.104498, 33.134147], [108.090108, 33.093461], [108.095115, 33.072053], [108.132243, 33.023112], [108.137941, 33.008857], [108.126832, 32.988243], [108.12545, 32.943903], [108.078423, 32.902314], [108.078192, 32.877514], [108.102598, 32.850341], [108.112787, 32.819567], [108.130228, 32.807809], [108.121191, 32.79997], [108.128962, 32.777021], [108.149914, 32.782003], [108.150547, 32.76779], [108.189286, 32.766728], [108.230961, 32.729796], [108.240574, 32.716147], [108.228601, 32.693994], [108.255137, 32.685817], [108.253065, 32.673634], [108.265958, 32.615308], [108.258878, 32.605652], [108.197345, 32.620709], [108.187962, 32.608188], [108.211678, 32.600577], [108.249496, 32.571273], [108.251625, 32.545071], [108.277931, 32.519926], [108.27914, 32.497068], [108.247078, 32.473303], [108.18612, 32.438709], [108.176392, 32.42846], [108.156073, 32.439611], [108.121133, 32.439857], [108.11555, 32.433216], [108.135927, 32.382692], [108.117046, 32.38704], [108.109448, 32.372026], [108.126717, 32.349541], [108.13679, 32.318103], [108.167125, 32.291744], [108.180825, 32.259053], [108.156649, 32.239005], [108.179328, 32.221994], [108.213289, 32.248208], [108.212196, 32.256999], [108.247193, 32.274825], [108.265152, 32.256999], [108.287832, 32.249359], [108.312065, 32.232185], [108.329276, 32.232596], [108.347984, 32.25396], [108.387644, 32.262257], [108.414985, 32.252481], [108.431045, 32.262586], [108.450789, 32.2593], [108.471741, 32.270636], [108.483656, 32.251413], [108.507142, 32.245661], [108.514509, 32.218214], [108.510595, 32.200212], [108.551061, 32.176122], [108.583986, 32.172257], [108.679769, 32.102992], [108.734049, 32.106448], [108.747749, 32.099864], [108.751721, 32.074184], [108.788675, 32.048332], [108.837891, 32.038862], [108.867765, 32.004102], [108.902417, 31.984905], [108.937127, 31.988942], [108.955086, 31.979137], [108.986745, 31.979961], [109.035097, 31.958038], [109.087823, 31.927371], [109.124605, 31.892157], [109.167028, 31.875329], [109.198284, 31.845789], [109.196212, 31.817561], [109.213595, 31.817479], [109.273575, 31.80105], [109.28123, 31.777928], [109.254694, 31.766944], [109.28313, 31.741749], [109.281576, 31.716877], [109.323193, 31.708861], [109.390252, 31.705224], [109.415464, 31.710018], [109.417882, 31.71886], [109.457023, 31.721587], [109.458981, 31.715803], [109.501116, 31.717125], [109.549755, 31.730016], [109.585731, 31.726711], [109.605993, 31.743731], [109.592984, 31.75191], [109.591833, 31.788912], [109.604554, 31.803774], [109.638227, 31.81104], [109.607547, 31.881681], [109.584983, 31.900488], [109.594481, 31.923331], [109.620614, 31.928608], [109.631263, 31.962242], [109.601388, 31.997676], [109.587573, 32.025272], [109.590969, 32.047755], [109.617851, 32.085132], [109.62165, 32.106777], [109.592581, 32.139194], [109.587113, 32.161484], [109.604324, 32.199226], [109.592754, 32.219364], [109.550446, 32.224871], [109.528688, 32.270308], [109.495417, 32.300367], [109.510671, 32.324588], [109.513204, 32.342319], [109.500425, 32.378918], [109.506239, 32.395326], [109.529609, 32.405743], [109.526903, 32.43338], [109.541639, 32.444285], [109.552748, 32.477155], [109.576003, 32.491742], [109.587516, 32.516075], [109.618138, 32.524759], [109.636788, 32.541058], [109.620038, 32.567425], [109.61929, 32.593047], [109.631838, 32.600086], [109.7267, 32.60827], [109.758186, 32.589855], [109.817071, 32.577413], [109.849479, 32.579787], [109.881253, 32.591983], [109.910552, 32.59272], [109.944801, 32.57684], [109.971164, 32.577576], [109.995743, 32.550721], [110.028207, 32.548428], [110.051578, 32.558664], [110.088187, 32.585435], [110.085366, 32.613099], [110.10252, 32.619072], [110.13343, 32.612198], [110.153807, 32.593129], [110.165147, 32.593866], [110.206418, 32.632981], [110.187883, 32.646316], [110.154498, 32.690069], [110.162326, 32.715902], [110.159621, 32.767218], [110.139589, 32.764931], [110.127501, 32.777756], [110.14218, 32.802828], [110.1195, 32.812953], [110.113802, 32.825445], [110.0841, 32.842995], [110.05129, 32.851891], [110.030452, 32.872129], [110.004319, 32.873271], [109.98872, 32.886244], [109.931274, 32.885346], [109.915962, 32.901009], [109.883785, 32.901743], [109.857077, 32.910307], [109.847752, 32.893259], [109.80838, 32.878983], [109.789902, 32.882491], [109.764345, 32.909328], [109.784607, 32.985961], [109.794507, 33.066924], [109.768029, 33.074496], [109.715245, 33.099484], [109.688076, 33.116573], [109.633277, 33.118038], [109.601964, 33.108192], [109.592236, 33.119584], [109.576176, 33.110226], [109.560347, 33.125686], [109.514009, 33.140248], [109.468536, 33.140248], [109.438892, 33.152124]]]]}, "properties": {"adcode": 610900, "name": "安康市", "areas": ["山南茶区"], "areaLabel": "山南茶区", "pointCount": 1, "layer": "tea_city"}}, {"type": "Feature", "geometry": {"type": "MultiPolygon", "coordinates": [[[[108.054247, 33.709842], [108.008312, 33.728993], [107.96612, 33.734648], [107.951672, 33.745797], [107.931583, 33.731255], [107.90309, 33.748947], [107.854278, 33.694081], [107.830102, 33.69788], [107.763503, 33.719781], [107.737427, 33.717923], [107.719353, 33.725761], [107.695868, 33.72366], [107.673764, 33.699497], [107.650682, 33.700628], [107.628694, 33.714448], [107.586846, 33.697719], [107.562555, 33.70273], [107.517082, 33.678318], [107.492503, 33.679854], [107.467694, 33.660612], [107.423601, 33.649371], [107.400347, 33.651312], [107.376516, 33.682845], [107.336165, 33.68907], [107.3056, 33.710165], [107.314177, 33.728831], [107.304334, 33.733517], [107.305543, 33.766878], [107.32212, 33.774469], [107.328279, 33.797642], [107.342037, 33.81411], [107.322581, 33.818872], [107.299499, 33.792798], [107.276762, 33.801194], [107.27279, 33.790699], [107.231173, 33.766797], [107.212581, 33.74927], [107.187369, 33.751774], [107.181612, 33.769462], [107.163135, 33.788035], [107.145233, 33.794251], [107.128368, 33.777618], [107.136945, 33.81411], [107.112078, 33.812818], [107.105746, 33.822504], [107.080477, 33.8221], [107.066432, 33.838725], [107.063093, 33.870431], [107.044904, 33.873819], [107.038514, 33.85462], [107.043234, 33.805069], [107.028153, 33.794574], [106.978247, 33.800952], [106.930701, 33.827266], [106.909691, 33.847762], [106.890063, 33.848327], [106.888681, 33.860993], [106.855583, 33.874384], [106.854375, 33.848649], [106.839409, 33.827023], [106.817823, 33.834448], [106.80585, 33.809832], [106.803835, 33.72366], [106.797273, 33.682441], [106.789215, 33.67751], [106.71427, 33.701356], [106.674955, 33.701437], [106.705693, 33.676944], [106.687043, 33.665544], [106.64226, 33.658994], [106.647325, 33.634813], [106.629827, 33.619605], [106.617911, 33.591933], [106.596729, 33.579389], [106.581475, 33.590638], [106.580554, 33.575909], [106.559774, 33.57089], [106.563055, 33.543041], [106.541124, 33.513076], [106.494269, 33.530489], [106.477461, 33.519394], [106.456048, 33.537939], [106.45271, 33.591852], [106.446896, 33.613214], [106.431354, 33.61912], [106.384902, 33.612081], [106.351401, 33.587239], [106.335169, 33.587078], [106.303395, 33.604395], [106.277492, 33.59687], [106.237429, 33.56409], [106.187178, 33.546522], [106.143719, 33.5649], [106.147518, 33.581817], [106.1333, 33.571861], [106.108491, 33.569838], [106.110851, 33.591933], [106.131343, 33.597193], [106.086675, 33.617097], [106.063881, 33.604152], [106.045749, 33.609735], [106.02848, 33.595251], [106.018983, 33.609735], [105.998951, 33.604152], [105.979726, 33.612405], [105.962112, 33.606499], [105.953996, 33.587159], [105.919459, 33.554781], [105.902708, 33.556157], [105.868344, 33.509269], [105.841981, 33.490069], [105.830986, 33.456439], [105.837951, 33.410795], [105.829662, 33.382812], [105.802609, 33.378756], [105.743262, 33.385327], [105.732844, 33.391005], [105.708956, 33.380703], [105.734168, 33.346544], [105.755235, 33.32885], [105.747752, 33.298893], [105.767438, 33.28257], [105.791499, 33.278591], [105.792823, 33.262752], [105.828799, 33.253897], [105.862588, 33.234316], [105.906565, 33.240166], [105.921301, 33.236266], [105.966889, 33.20018], [105.968328, 33.154076], [105.9468, 33.153507], [105.945534, 33.188148], [105.927747, 33.198473], [105.916926, 33.177741], [105.924582, 33.167576], [105.896376, 33.142689], [105.92343, 33.147732], [105.920092, 33.132113], [105.936785, 33.113562], [105.91871, 33.105425], [105.933273, 33.077019], [105.915084, 33.066273], [105.9133, 33.053164], [105.928093, 33.041519], [105.917444, 32.993784], [105.861724, 32.938929], [105.826957, 32.950751], [105.78557, 32.92678], [105.735434, 32.905331], [105.699401, 32.903456], [105.656575, 32.89538], [105.644544, 32.882735], [105.590609, 32.87678], [105.56557, 32.9068], [105.534141, 32.909491], [105.513995, 32.919115], [105.493503, 32.905495], [105.495517, 32.87319], [105.524528, 32.847729], [105.535868, 32.789844], [105.556302, 32.792049], [105.554691, 32.773998], [105.568102, 32.758722], [105.557856, 32.752921], [105.563785, 32.724893], [105.585198, 32.729061], [105.596365, 32.699226], [105.625376, 32.702087], [105.649264, 32.718681], [105.678045, 32.726527], [105.719202, 32.759703], [105.735952, 32.753902], [105.750688, 32.767954], [105.76882, 32.767545], [105.779584, 32.750225], [105.811415, 32.772283], [105.822525, 32.770159], [105.816941, 32.790334], [105.831159, 32.826098], [105.850788, 32.818097], [105.857753, 32.827404], [105.886879, 32.835159], [105.940929, 32.829771], [105.969307, 32.849035], [105.99521, 32.827975], [106.011557, 32.82969], [106.021688, 32.857522], [106.04667, 32.852299], [106.069925, 32.824057], [106.09364, 32.823812], [106.094676, 32.795969], [106.064226, 32.782248], [106.072688, 32.763869], [106.076717, 32.763787], [106.076487, 32.759049], [106.071652, 32.75815], [106.120003, 32.719662], [106.145388, 32.720397], [106.153677, 32.705766], [106.169334, 32.710017], [106.174342, 32.697591], [106.256424, 32.693258], [106.278816, 32.67069], [106.300862, 32.679848], [106.351171, 32.671834], [106.38329, 32.646561], [106.389046, 32.626682], [106.420533, 32.616617], [106.450983, 32.640181], [106.451673, 32.660139], [106.461977, 32.653105], [106.498068, 32.649343], [106.518733, 32.668645], [106.566797, 32.675841], [106.588613, 32.688597], [106.628733, 32.681238], [106.663443, 32.690723], [106.684453, 32.709281], [106.732056, 32.73854], [106.779429, 32.737478], [106.784322, 32.697264], [106.793244, 32.712632], [106.823119, 32.705357], [106.845913, 32.721051], [106.872564, 32.725628], [106.903417, 32.721296], [106.917002, 32.703313], [106.964778, 32.717046], [106.988436, 32.711815], [107.012554, 32.721542], [107.030225, 32.712387], [107.066835, 32.708872], [107.059697, 32.686144], [107.068389, 32.669954], [107.087672, 32.667909], [107.099069, 32.649506], [107.097572, 32.627009], [107.107761, 32.600741], [107.091989, 32.552604], [107.080131, 32.542368], [107.104653, 32.516649], [107.127102, 32.482482], [107.189613, 32.468057], [107.210048, 32.431986], [107.230597, 32.416077], [107.263926, 32.403282], [107.283784, 32.4342], [107.286087, 32.454532], [107.313889, 32.490185], [107.356888, 32.506408], [107.377898, 32.538928], [107.411283, 32.538027], [107.436323, 32.529755], [107.429243, 32.501083], [107.43874, 32.465844], [107.457793, 32.458713], [107.461995, 32.441333], [107.450195, 32.430838], [107.457217, 32.417717], [107.48974, 32.425262], [107.502864, 32.395654], [107.525255, 32.382446], [107.571132, 32.397705], [107.598243, 32.411566], [107.636349, 32.405989], [107.650452, 32.412879], [107.679463, 32.398279], [107.695292, 32.374734], [107.694774, 32.35701], [107.716763, 32.328857], [107.754581, 32.338215], [107.788715, 32.279836], [107.8358, 32.223063], [107.867517, 32.202432], [107.890541, 32.214433], [107.924733, 32.197006], [107.979359, 32.146022], [107.995706, 32.147173], [108.024372, 32.177273], [108.018616, 32.211803], [108.034676, 32.220761], [108.060751, 32.220515], [108.088208, 32.233418], [108.12309, 32.218378], [108.141683, 32.218871], [108.156649, 32.239005], [108.180825, 32.259053], [108.167125, 32.291744], [108.13679, 32.318103], [108.126717, 32.349541], [108.109448, 32.372026], [108.117046, 32.38704], [108.135927, 32.382692], [108.11555, 32.433216], [108.121133, 32.439857], [108.156073, 32.439611], [108.176392, 32.42846], [108.18612, 32.438709], [108.247078, 32.473303], [108.27914, 32.497068], [108.277931, 32.519926], [108.251625, 32.545071], [108.249496, 32.571273], [108.211678, 32.600577], [108.187962, 32.608188], [108.197345, 32.620709], [108.258878, 32.605652], [108.265958, 32.615308], [108.253065, 32.673634], [108.255137, 32.685817], [108.228601, 32.693994], [108.240574, 32.716147], [108.230961, 32.729796], [108.189286, 32.766728], [108.150547, 32.76779], [108.149914, 32.782003], [108.128962, 32.777021], [108.121191, 32.79997], [108.130228, 32.807809], [108.112787, 32.819567], [108.102598, 32.850341], [108.078192, 32.877514], [108.078423, 32.902314], [108.12545, 32.943903], [108.126832, 32.988243], [108.137941, 33.008857], [108.132243, 33.023112], [108.095115, 33.072053], [108.090108, 33.093461], [108.104498, 33.134147], [108.097993, 33.190587], [108.107318, 33.21091], [108.070594, 33.203757], [108.077502, 33.212373], [108.046591, 33.226677], [108.048606, 33.237972], [108.021839, 33.257878], [108.033237, 33.260965], [108.039338, 33.283139], [108.052923, 33.297025], [108.042734, 33.324061], [108.056434, 33.349222], [108.095518, 33.373483], [108.10398, 33.391492], [108.092928, 33.4009], [108.117507, 33.416795], [108.143582, 33.405604], [108.158606, 33.432363], [108.151641, 33.463977], [108.101677, 33.500358], [108.077329, 33.504004], [108.060463, 33.520042], [108.066392, 33.540692], [108.060406, 33.578499], [108.070364, 33.602129], [108.058391, 33.618796], [108.065068, 33.651635], [108.052117, 33.680016], [108.054247, 33.709842]]], [[[106.076717, 32.763787], [106.072688, 32.763869], [106.071652, 32.75815], [106.076487, 32.759049], [106.076717, 32.763787]]]]}, "properties": {"adcode": 610700, "name": "汉中市", "areas": ["山南茶区"], "areaLabel": "山南茶区", "pointCount": 1, "layer": "tea_city"}}, {"type": "Feature", "geometry": {"type": "MultiPolygon", "coordinates": [[[[113.749057, 32.272684], [113.749812, 32.260291], [113.739369, 32.257598], [113.740438, 32.242815], [113.748365, 32.234788], [113.752643, 32.216189], [113.764659, 32.204195], [113.777934, 32.207956], [113.783344, 32.189657], [113.763716, 32.161694], [113.766169, 32.13835], [113.750315, 32.116324], [113.739872, 32.113067], [113.736978, 32.121564], [113.722445, 32.12426], [113.728359, 32.09938], [113.728485, 32.083197], [113.744905, 32.076784], [113.747421, 32.06976], [113.763779, 32.054743], [113.781331, 32.048786], [113.791271, 32.036006], [113.779255, 32.018895], [113.769881, 32.01701], [113.758934, 32.000915], [113.759438, 31.986447], [113.768623, 31.979466], [113.776109, 31.980434], [113.788189, 31.974014], [113.798506, 31.974116], [113.816247, 31.96688], [113.807314, 31.94889], [113.805112, 31.931508], [113.81631, 31.923249], [113.832479, 31.91866], [113.835876, 31.910961], [113.83531, 31.892858], [113.831221, 31.878985], [113.838204, 31.868681], [113.838644, 31.854702], [113.858902, 31.841078], [113.867206, 31.845058], [113.872931, 31.84067], [113.896398, 31.849344], [113.906589, 31.868528], [113.914957, 31.876995], [113.93144, 31.880974], [113.933516, 31.869395], [113.954906, 31.856334], [113.956416, 31.840262], [113.946979, 31.826483], [113.953019, 31.813518], [113.952578, 31.793864], [113.96535, 31.785644], [113.972333, 31.771653], [113.972459, 31.763124], [113.978939, 31.753778], [113.988753, 31.750202], [114.015805, 31.770274], [114.038328, 31.768844], [114.048079, 31.773389], [114.059089, 31.772266], [114.063744, 31.781917], [114.0723, 31.784878], [114.086644, 31.782223], [114.089853, 31.794834], [114.099164, 31.803411], [114.119233, 31.805759], [114.127915, 31.82633], [114.12716, 31.835363], [114.13408, 31.842813], [114.15006, 31.839241], [114.162768, 31.841078], [114.166983, 31.851028], [114.180258, 31.854039], [114.194979, 31.850161], [114.208883, 31.842762], [114.221277, 31.832403], [114.236439, 31.841895], [114.235432, 31.833372], [114.248518, 31.810507], [114.262044, 31.796315], [114.264372, 31.788503], [114.287523, 31.762052], [114.292808, 31.752296], [114.313946, 31.75199], [114.321496, 31.755106], [114.350373, 31.755412], [114.373839, 31.744277], [114.390007, 31.741007], [114.399822, 31.746933], [114.416305, 31.74208], [114.419136, 31.73314], [114.4309, 31.734928], [114.446566, 31.728031], [114.450844, 31.737636], [114.46135, 31.733242], [114.471982, 31.740956], [114.488843, 31.735694], [114.50866, 31.740701], [114.504319, 31.756433], [114.509667, 31.766852], [114.521305, 31.766903], [114.530679, 31.742897], [114.545275, 31.746167], [114.550308, 31.753165], [114.54949, 31.765422], [114.554963, 31.768538], [114.572768, 31.762562], [114.582519, 31.764758], [114.587615, 31.754033], [114.581575, 31.74254], [114.584092, 31.731863], [114.579751, 31.724659], [114.579122, 31.708154], [114.59139, 31.700335], [114.586168, 31.692567], [114.574215, 31.689142], [114.570817, 31.660106], [114.559179, 31.656067], [114.549679, 31.642465], [114.55295, 31.635203], [114.548295, 31.625127], [114.548924, 31.609782], [114.561066, 31.560966], [114.572453, 31.554056], [114.57497, 31.559533], [114.587363, 31.560607], [114.595605, 31.576319], [114.612025, 31.578469], [114.616743, 31.585326], [114.641719, 31.582153], [114.644425, 31.574682], [114.653044, 31.572686], [114.656944, 31.562859], [114.670093, 31.547043], [114.678523, 31.544023], [114.69985, 31.546121], [114.696579, 31.525847], [114.717214, 31.527947], [114.723317, 31.520625], [114.739485, 31.527179], [114.747223, 31.524004], [114.757038, 31.52723], [114.771004, 31.520522], [114.778868, 31.520727], [114.774024, 31.512431], [114.774653, 31.500909], [114.783083, 31.494814], [114.78302, 31.48462], [114.789438, 31.480522], [114.81303, 31.478832], [114.824165, 31.469969], [114.829827, 31.458902], [114.841529, 31.461976], [114.850651, 31.476168], [114.875313, 31.478268], [114.87676, 31.470584], [114.8867, 31.469457], [114.896388, 31.474375], [114.925265, 31.480471], [114.936464, 31.469764], [114.939924, 31.477141], [114.964019, 31.495377], [114.976098, 31.495889], [114.985346, 31.477705], [114.998306, 31.471608], [115.002018, 31.485286], [115.010826, 31.488206], [115.001704, 31.499987], [115.010008, 31.504903], [115.023094, 31.527588], [115.030329, 31.527691], [115.038444, 31.51704], [115.048951, 31.517552], [115.066314, 31.510537], [115.096198, 31.508437], [115.092801, 31.519088], [115.102112, 31.520573], [115.113373, 31.528971], [115.105949, 31.540029], [115.110479, 31.55078], [115.103055, 31.555745], [115.106767, 31.567466], [115.127276, 31.579083], [115.125389, 31.599089], [115.134826, 31.602415], [115.164395, 31.604564], [115.176851, 31.598834], [115.180374, 31.577752], [115.192831, 31.569564], [115.192957, 31.564037], [115.207238, 31.564241], [115.212586, 31.55554], [115.235611, 31.556206], [115.230578, 31.538238], [115.218248, 31.515299], [115.219506, 31.506901], [115.212334, 31.490101], [115.216926, 31.481598], [115.217052, 31.462898], [115.210509, 31.445476], [115.220512, 31.426718], [115.232969, 31.427077], [115.252598, 31.421695], [115.260273, 31.41216], [115.250459, 31.391755], [115.260399, 31.387396], [115.281349, 31.399856], [115.294057, 31.395036], [115.301103, 31.384063], [115.31356, 31.383448], [115.327212, 31.391139], [115.335957, 31.403394], [115.355271, 31.399958], [115.373641, 31.405752], [115.383392, 31.418671], [115.385657, 31.443324], [115.389809, 31.450293], [115.377667, 31.470532], [115.371565, 31.495838], [115.377164, 31.502957], [115.389621, 31.507566], [115.398366, 31.516067], [115.415918, 31.52595], [115.428563, 31.547196], [115.431583, 31.559021], [115.428249, 31.563371], [115.438881, 31.579953], [115.440013, 31.588703], [115.47537, 31.606712], [115.486569, 31.610089], [115.490658, 31.623593], [115.477132, 31.645431], [115.484241, 31.649061], [115.486128, 31.66118], [115.495376, 31.672938], [115.515068, 31.682855], [115.531865, 31.698547], [115.553507, 31.695276], [115.564894, 31.709023], [115.582636, 31.713929], [115.586977, 31.721696], [115.601446, 31.731659], [115.619125, 31.738351], [115.637243, 31.755616], [115.65964, 31.760213], [115.676564, 31.778393], [115.689775, 31.776555], [115.697136, 31.76864], [115.710851, 31.770887], [115.719407, 31.76578], [115.736456, 31.763277], [115.734254, 31.776044], [115.741992, 31.782121], [115.762691, 31.782325], [115.767912, 31.78784], [115.787226, 31.780436], [115.793769, 31.773593], [115.808428, 31.772572], [115.815348, 31.762358], [115.831013, 31.777576], [115.837493, 31.773593], [115.850264, 31.786767], [115.858317, 31.773695], [115.885244, 31.776096], [115.900783, 31.792026], [115.91022, 31.792333], [115.915001, 31.811885], [115.913114, 31.820103], [115.904054, 31.829392], [115.892982, 31.83327], [115.895687, 31.867507], [115.898329, 31.88026], [115.910597, 31.894949], [115.92016, 31.920445], [115.916134, 31.935994], [115.909025, 31.943232], [115.911352, 31.958013], [115.92318, 31.985479], [115.924564, 31.995617], [115.931107, 31.994496], [115.927835, 32.02358], [115.919531, 32.027858], [115.927709, 32.036311], [115.922236, 32.049652], [115.925382, 32.057543], [115.9396, 32.065841], [115.942557, 32.07765], [115.932491, 32.084266], [115.926577, 32.105283], [115.93916, 32.138961], [115.937901, 32.151777], [115.94155, 32.166423], [115.933686, 32.180456], [115.923369, 32.191691], [115.922865, 32.203636], [115.912736, 32.227623], [115.914687, 32.254855], [115.921481, 32.268519], [115.911038, 32.284161], [115.90827, 32.299243], [115.90028, 32.301426], [115.906948, 32.31158], [115.904558, 32.34102], [115.89921, 32.344978], [115.897889, 32.373596], [115.899084, 32.390792], [115.88927, 32.413462], [115.889396, 32.424263], [115.87933, 32.432324], [115.883356, 32.438814], [115.882727, 32.456099], [115.864231, 32.458937], [115.873479, 32.470594], [115.88128, 32.472469], [115.883545, 32.489241], [115.874486, 32.497804], [115.873165, 32.504694], [115.853033, 32.50444], [115.845735, 32.501806], [115.84737, 32.509557], [115.856996, 32.517965], [115.873039, 32.525816], [115.87587, 32.542477], [115.899399, 32.556198], [115.91022, 32.566982], [115.929282, 32.567235], [115.911856, 32.577561], [115.891535, 32.576245], [115.887571, 32.56764], [115.8614, 32.537413], [115.845986, 32.53164], [115.839947, 32.524803], [115.841457, 32.501198], [115.823841, 32.502262], [115.80415, 32.485441], [115.788736, 32.468922], [115.781313, 32.468466], [115.787415, 32.480121], [115.785654, 32.489393], [115.771498, 32.505301], [115.760237, 32.481996], [115.741992, 32.476371], [115.719344, 32.485644], [115.701225, 32.495321], [115.692103, 32.487519], [115.692229, 32.480628], [115.700785, 32.472874], [115.698772, 32.468212], [115.675872, 32.466438], [115.68166, 32.450473], [115.68059, 32.43998], [115.674425, 32.430854], [115.666938, 32.409405], [115.656306, 32.408746], [115.657816, 32.428826], [115.645611, 32.417519], [115.627115, 32.40545], [115.604529, 32.425936], [115.586096, 32.419243], [115.563888, 32.403015], [115.553633, 32.407478], [115.569109, 32.414629], [115.5676, 32.421626], [115.547279, 32.424719], [115.537465, 32.438966], [115.523183, 32.442007], [115.524127, 32.447837], [115.515571, 32.450625], [115.502863, 32.48306], [115.497515, 32.492535], [115.484996, 32.503934], [115.485059, 32.512292], [115.477635, 32.511836], [115.477761, 32.51989], [115.465745, 32.520143], [115.438944, 32.532551], [115.443725, 32.543287], [115.434666, 32.545211], [115.431646, 32.5523], [115.418057, 32.552958], [115.410004, 32.548097], [115.412772, 32.559793], [115.411577, 32.574777], [115.403273, 32.576701], [115.391948, 32.566324], [115.38767, 32.57088], [115.329602, 32.561211], [115.32048, 32.562628], [115.324003, 32.554831], [115.304186, 32.553768], [115.296511, 32.562729], [115.300348, 32.568399], [115.310855, 32.570576], [115.297769, 32.576347], [115.30557, 32.58318], [115.299404, 32.58814], [115.294812, 32.581054], [115.289213, 32.589861], [115.267193, 32.578068], [115.254737, 32.585002], [115.26128, 32.591683], [115.2548, 32.595225], [115.243538, 32.593505], [115.227118, 32.578624], [115.229509, 32.590569], [115.212145, 32.588494], [115.201136, 32.591834], [115.192013, 32.603018], [115.175341, 32.605346], [115.152127, 32.590012], [115.145647, 32.580143], [115.137028, 32.587026], [115.140362, 32.599223], [115.12476, 32.607573], [115.111548, 32.607421], [115.099532, 32.619868], [115.098022, 32.63378], [115.090599, 32.637017], [115.065182, 32.629075], [115.05002, 32.640153], [115.030077, 32.6486], [114.985472, 32.659322], [114.957791, 32.659979], [114.93357, 32.649308], [114.919351, 32.648903], [114.911047, 32.653405], [114.901296, 32.648954], [114.901799, 32.634741], [114.89167, 32.61749], [114.884875, 32.616225], [114.862856, 32.624117], [114.856565, 32.61926], [114.822404, 32.622853], [114.813785, 32.611165], [114.806172, 32.609495], [114.79403, 32.613695], [114.788997, 32.607168], [114.791325, 32.584141], [114.802649, 32.583433], [114.810136, 32.569007], [114.808877, 32.558882], [114.785789, 32.545616], [114.781133, 32.535539], [114.786858, 32.52384], [114.793527, 32.521764], [114.789689, 32.50824], [114.774024, 32.508696], [114.752319, 32.523942], [114.736088, 32.516901], [114.729545, 32.519333], [114.724512, 32.541464], [114.713062, 32.543743], [114.702115, 32.535134], [114.701927, 32.517357], [114.676699, 32.514977], [114.666067, 32.527183], [114.650338, 32.527842], [114.615737, 32.509911], [114.606866, 32.512697], [114.582393, 32.51371], [114.571258, 32.508088], [114.569559, 32.495119], [114.574781, 32.486353], [114.571509, 32.466793], [114.585665, 32.455136], [114.582142, 32.445657], [114.570125, 32.435721], [114.576542, 32.425733], [114.603595, 32.41833], [114.634673, 32.39982], [114.647759, 32.387597], [114.644551, 32.375879], [114.623727, 32.370602], [114.620141, 32.363398], [114.623349, 32.352539], [114.610767, 32.350002], [114.607998, 32.33701], [114.5929, 32.321326], [114.575976, 32.316402], [114.582519, 32.308432], [114.563645, 32.306401], [114.550685, 32.289036], [114.535083, 32.286091], [114.521934, 32.298684], [114.498342, 32.301527], [114.492177, 32.299953], [114.490856, 32.28665], [114.483621, 32.285177], [114.468333, 32.294165], [114.452479, 32.281368], [114.438324, 32.288478], [114.429328, 32.289341], [114.421589, 32.279134], [114.397054, 32.293353], [114.376607, 32.292032], [114.369813, 32.298735], [114.368177, 32.313407], [114.349303, 32.323002], [114.348422, 32.347566], [114.34276, 32.365021], [114.315142, 32.37324], [114.293877, 32.36492], [114.286894, 32.369892], [114.28098, 32.407428], [114.288467, 32.418939], [114.277961, 32.418888], [114.269027, 32.409253], [114.254117, 32.424516], [114.247511, 32.436583], [114.249084, 32.450625], [114.243485, 32.458583], [114.226876, 32.454122], [114.221214, 32.445961], [114.204479, 32.445252], [114.201522, 32.453514], [114.210078, 32.45838], [114.209135, 32.468719], [114.198314, 32.46877], [114.197433, 32.486353], [114.192274, 32.492585], [114.167675, 32.487012], [114.163397, 32.469986], [114.16497, 32.461877], [114.157421, 32.458279], [114.136723, 32.461978], [114.112564, 32.447786], [114.097654, 32.451639], [114.085512, 32.450777], [114.080731, 32.454832], [114.078529, 32.479614], [114.087336, 32.481236], [114.07639, 32.493548], [114.071357, 32.505909], [114.072992, 32.517205], [114.066638, 32.527031], [114.067204, 32.534881], [114.056258, 32.539033], [114.053867, 32.523233], [114.014861, 32.51599], [114.007375, 32.507784], [113.982147, 32.503579], [113.962204, 32.505403], [113.95434, 32.514268], [113.953837, 32.526575], [113.938046, 32.555996], [113.940373, 32.576195], [113.932824, 32.578219], [113.92238, 32.59396], [113.919738, 32.605295], [113.911811, 32.607775], [113.893315, 32.604891], [113.886646, 32.607016], [113.87268, 32.622751], [113.86513, 32.623814], [113.850409, 32.617338], [113.843614, 32.622245], [113.826691, 32.622397], [113.820337, 32.619109], [113.820211, 32.601804], [113.814423, 32.600842], [113.805301, 32.597705], [113.789698, 32.586368], [113.782023, 32.566172], [113.769126, 32.559287], [113.763212, 32.547895], [113.774285, 32.537362], [113.768245, 32.534425], [113.759375, 32.508797], [113.764219, 32.489951], [113.761828, 32.470645], [113.753398, 32.465425], [113.741319, 32.465374], [113.73767, 32.453362], [113.730498, 32.46061], [113.730875, 32.449307], [113.725339, 32.436025], [113.710555, 32.421221], [113.718608, 32.417215], [113.735279, 32.410876], [113.740753, 32.393125], [113.751699, 32.390031], [113.753209, 32.38435], [113.743835, 32.369435], [113.751448, 32.36081], [113.760381, 32.369182], [113.768874, 32.369486], [113.770699, 32.358628], [113.758494, 32.352235], [113.753838, 32.342085], [113.753838, 32.32823], [113.7651, 32.319448], [113.773907, 32.306147], [113.769063, 32.301324], [113.768182, 32.28406], [113.769944, 32.275985], [113.758305, 32.276747], [113.749057, 32.272684]]], [[[113.768182, 32.28406], [113.769063, 32.301324], [113.748491, 32.291931], [113.743898, 32.283603], [113.749057, 32.272684], [113.758305, 32.276747], [113.754027, 32.288275], [113.758494, 32.291931], [113.768182, 32.28406]]]]}, "properties": {"adcode": 411500, "name": "信阳市", "areas": ["淮南茶区"], "areaLabel": "淮南茶区", "pointCount": 2, "layer": "tea_city"}}, {"type": "Feature", "geometry": {"type": "Polygon", "coordinates": [[[116.903341, 30.357289], [116.910347, 30.332869], [116.9205, 30.314283], [116.928793, 30.290978], [116.927173, 30.273455], [116.920547, 30.257966], [116.892711, 30.240492], [116.867497, 30.213576], [116.860061, 30.17732], [116.841901, 30.146739], [116.816925, 30.115075], [116.771787, 30.073681], [116.747335, 30.057248], [116.720309, 30.053918], [116.685705, 30.07062], [116.666877, 30.076742], [116.642616, 30.076366], [116.611015, 30.070728], [116.596572, 30.059718], [116.586039, 30.046291], [116.57131, 30.014433], [116.571215, 29.98923], [116.564542, 29.949343], [116.558727, 29.924338], [116.551959, 29.90987], [116.54152, 29.901641], [116.525552, 29.897498], [116.479842, 29.897875], [116.467736, 29.896154], [116.441758, 29.879852], [116.392521, 29.855745], [116.35968, 29.843635], [116.343093, 29.835669], [116.322788, 29.820004], [116.312302, 29.808967], [116.280796, 29.788882], [116.261444, 29.782042], [116.253627, 29.783119], [116.227364, 29.816881], [116.208108, 29.827487], [116.187326, 29.829048], [116.167354, 29.827379], [116.135181, 29.819412], [116.131987, 29.844281], [116.134561, 29.877431], [116.125791, 29.901372], [116.104056, 29.926866], [116.085705, 29.950795], [116.077936, 29.956117], [116.073837, 29.969987], [116.081463, 29.981759], [116.078317, 30.010242], [116.088994, 30.026952], [116.091663, 30.036192], [116.079986, 30.057248], [116.079223, 30.066217], [116.0848, 30.075937], [116.083751, 30.095642], [116.088375, 30.11019], [116.085038, 30.126185], [116.075029, 30.133538], [116.06316, 30.151622], [116.056725, 30.169917], [116.05601, 30.181022], [116.063923, 30.193573], [116.064352, 30.206873], [116.046096, 30.223925], [116.031702, 30.227035], [116.026601, 30.239741], [116.012254, 30.249497], [115.994809, 30.255018], [115.988899, 30.267078], [115.985324, 30.291031], [115.980939, 30.295746], [115.958394, 30.305336], [115.938708, 30.306944], [115.921883, 30.301265], [115.904438, 30.310051], [115.903723, 30.315783], [115.914352, 30.3243], [115.916687, 30.334422], [115.896478, 30.3567], [115.884895, 30.379561], [115.90091, 30.397867], [115.909252, 30.398831], [115.921501, 30.416384], [115.930987, 30.420505], [115.938184, 30.417776], [115.946144, 30.425213], [115.920786, 30.429868], [115.915543, 30.443993], [115.894809, 30.452712], [115.894047, 30.459559], [115.900815, 30.469722], [115.898098, 30.482236], [115.909728, 30.506725], [115.919881, 30.515011], [115.905153, 30.52458], [115.899481, 30.537889], [115.887803, 30.542485], [115.883132, 30.559425], [115.875553, 30.569363], [115.87908, 30.578285], [115.866211, 30.587901], [115.857298, 30.589503], [115.84848, 30.601895], [115.828079, 30.606168], [115.824123, 30.596127], [115.819166, 30.59789], [115.807822, 30.615568], [115.814924, 30.624806], [115.809919, 30.642586], [115.798766, 30.65006], [115.797002, 30.658601], [115.775362, 30.668849], [115.77236, 30.677869], [115.762541, 30.685607], [115.767402, 30.694358], [115.765544, 30.707537], [115.776363, 30.728875], [115.782893, 30.751702], [115.79276, 30.759275], [115.810491, 30.759434], [115.820119, 30.750689], [115.834657, 30.756395], [115.85153, 30.756715], [115.854342, 30.767433], [115.868356, 30.774257], [115.8695, 30.782467], [115.85868, 30.784813], [115.865877, 30.798246], [115.86378, 30.815781], [115.848813, 30.82857], [115.849481, 30.841251], [115.863875, 30.855262], [115.865686, 30.864264], [115.876935, 30.869005], [115.885705, 30.877846], [115.912779, 30.887592], [115.932369, 30.889402], [115.936134, 30.902874], [115.970548, 30.920017], [115.976268, 30.931461], [115.993427, 30.936731], [116.009871, 30.949717], [116.024743, 30.953602], [116.034514, 30.951154], [116.039519, 30.957859], [116.07174, 30.956688], [116.06969, 30.969139], [116.0603, 30.994941], [116.058918, 31.012759], [116.046144, 31.014514], [116.051578, 31.042217], [116.050958, 31.049554], [116.066354, 31.070072], [116.092664, 31.082668], [116.093379, 31.090108], [116.10458, 31.094465], [116.11888, 31.086866], [116.157679, 31.099301], [116.166258, 31.0976], [116.18132, 31.083359], [116.183751, 31.064917], [116.203293, 31.0579], [116.222455, 31.061781], [116.243427, 31.0756], [116.261396, 31.082403], [116.268498, 31.100098], [116.293045, 31.114761], [116.303532, 31.123155], [116.309776, 31.140418], [116.3307, 31.145622], [116.342712, 31.15242], [116.344952, 31.163624], [116.359537, 31.173978], [116.378984, 31.165377], [116.395572, 31.162084], [116.415305, 31.162191], [116.431892, 31.144135], [116.437707, 31.128414], [116.4603, 31.125917], [116.470071, 31.135637], [116.481844, 31.136965], [116.496715, 31.148756], [116.501911, 31.141427], [116.508298, 31.142489], [116.519547, 31.160173], [116.538469, 31.174456], [116.543474, 31.181941], [116.552816, 31.179712], [116.556582, 31.172173], [116.552816, 31.165908], [116.558346, 31.147587], [116.555867, 31.123314], [116.562683, 31.111096], [116.549385, 31.093243], [116.538708, 31.072145], [116.533512, 31.056624], [116.534799, 31.044185], [116.530939, 31.035306], [116.530605, 31.021002], [116.543617, 31.020311], [116.560347, 31.034614], [116.563779, 31.045567], [116.571072, 31.051787], [116.591711, 31.04764], [116.594571, 31.054126], [116.611539, 31.067309], [116.614018, 31.073899], [116.622502, 31.074112], [116.647049, 31.05891], [116.65396, 31.052212], [116.665495, 31.059123], [116.68356, 31.055774], [116.68866, 31.048703], [116.70968, 31.043228], [116.722883, 31.059601], [116.736753, 31.063907], [116.752721, 31.060877], [116.761301, 31.068372], [116.777602, 31.070019], [116.78866, 31.065289], [116.805962, 31.08219], [116.815638, 31.085378], [116.829365, 31.101213], [116.843331, 31.104455], [116.842187, 31.11338], [116.847144, 31.124642], [116.862254, 31.129901], [116.875981, 31.127458], [116.894952, 31.133407], [116.919356, 31.151305], [116.92274, 31.160067], [116.943903, 31.161766], [116.946906, 31.182738], [116.954008, 31.189161], [116.963255, 31.214532], [116.981415, 31.244564], [116.998193, 31.2565], [117.006725, 31.267693], [117.016257, 31.266844], [117.032273, 31.256607], [117.042235, 31.252469], [117.055104, 31.235386], [117.071358, 31.236871], [117.079174, 31.221643], [117.100147, 31.190488], [117.109394, 31.169571], [117.12212, 31.148543], [117.121977, 31.129264], [117.117163, 31.12443], [117.122787, 31.101798], [117.117306, 31.08506], [117.13599, 31.073155], [117.156248, 31.072411], [117.149908, 31.058272], [117.144141, 31.054179], [117.14395, 31.039293], [117.137611, 31.028925], [117.141186, 31.014514], [117.134799, 31.007281], [117.124599, 31.006749], [117.111348, 31.01345], [117.093903, 31.0101], [117.095142, 30.988558], [117.082654, 30.974885], [117.080366, 30.961743], [117.086419, 30.92864], [117.096477, 30.885728], [117.106248, 30.827558], [117.105009, 30.790677], [117.101005, 30.767379], [117.117211, 30.755968], [117.124694, 30.740343], [117.162969, 30.708604], [117.178078, 30.702148], [117.187277, 30.70663], [117.190566, 30.698467], [117.200337, 30.701881], [117.205009, 30.69201], [117.241376, 30.690356], [117.223979, 30.686514], [117.212968, 30.678616], [117.207296, 30.669543], [117.205485, 30.654384], [117.211872, 30.635111], [117.217068, 30.630626], [117.21783, 30.620641], [117.247906, 30.58929], [117.252244, 30.563967], [117.243807, 30.538156], [117.241281, 30.523083], [117.236372, 30.504747], [117.226315, 30.489027], [117.213397, 30.476941], [117.192187, 30.465871], [117.164017, 30.474802], [117.135133, 30.492075], [117.111586, 30.495337], [117.025457, 30.494267], [117.01049, 30.489294], [116.986372, 30.470791], [116.975552, 30.458062], [116.950433, 30.442816], [116.935609, 30.440301], [116.914446, 30.425481], [116.9011, 30.436503], [116.892425, 30.431099], [116.891949, 30.414725], [116.888279, 30.407019], [116.893855, 30.381595], [116.903341, 30.357289]], [[116.956963, 30.658013], [116.951434, 30.656145], [116.934465, 30.661323], [116.92212, 30.654277], [116.920643, 30.646163], [116.934656, 30.632121], [116.960728, 30.628544], [116.97703, 30.643547], [116.967354, 30.657053], [116.956963, 30.658013]]]}, "properties": {"adcode": 340800, "name": "安庆市", "areas": ["淮南茶区"], "areaLabel": "淮南茶区", "pointCount": 1, "layer": "tea_city"}}, {"type": "Feature", "geometry": {"type": "MultiPolygon", "coordinates": [[[[116.771072, 31.911286], [116.790042, 31.922557], [116.810157, 31.921188], [116.831606, 31.935881], [116.841424, 31.94815], [116.859346, 31.960523], [116.865352, 31.96942], [116.879175, 31.974315], [116.921024, 31.980579], [116.937421, 31.989474], [116.929175, 31.998736], [116.923789, 32.013523], [116.940423, 32.027728], [116.957106, 32.022362], [116.96254, 32.013154], [116.971358, 32.016311], [116.985562, 32.013944], [116.996667, 32.006419], [116.996572, 31.993421], [117.020738, 32.001052], [117.029937, 32.006998], [117.040757, 32.024256], [117.046715, 32.041247], [117.047001, 32.051767], [117.030557, 32.064599], [117.02355, 32.074432], [117.020309, 32.095514], [117.010299, 32.115015], [116.997573, 32.117696], [116.985943, 32.128206], [116.978412, 32.152271], [116.983274, 32.161937], [117.007392, 32.16199], [117.019022, 32.168923], [117.024456, 32.177642], [117.025314, 32.190877], [117.004389, 32.202902], [117.003102, 32.212458], [117.013636, 32.2228], [117.047239, 32.225162], [117.059727, 32.23461], [117.072215, 32.266256], [117.067354, 32.280054], [117.05763, 32.284146], [117.046238, 32.276329], [117.038374, 32.281156], [117.035705, 32.29469], [117.047621, 32.320179], [117.057297, 32.32815], [117.052053, 32.33549], [117.043331, 32.332973], [117.037897, 32.342148], [117.043712, 32.347863], [117.045619, 32.381145], [117.042282, 32.38539], [117.017687, 32.383084], [117.00458, 32.386228], [117.009203, 32.404567], [117.026601, 32.413787], [117.039661, 32.415987], [117.048336, 32.430601], [117.047668, 32.438824], [117.06702, 32.461445], [117.070786, 32.469141], [117.068116, 32.482804], [117.074694, 32.491754], [117.079603, 32.511589], [117.07355, 32.51656], [117.084847, 32.530477], [117.09457, 32.531995], [117.110681, 32.527862], [117.115828, 32.521949], [117.127649, 32.524618], [117.139613, 32.520432], [117.150766, 32.526606], [117.157773, 32.535866], [117.167115, 32.534296], [117.2011, 32.534035], [117.203245, 32.542457], [117.211396, 32.54659], [117.214637, 32.560345], [117.199146, 32.579851], [117.195952, 32.60871], [117.17498, 32.653495], [117.172406, 32.664675], [117.1613, 32.679562], [117.162349, 32.686874], [117.184322, 32.696691], [117.189804, 32.716846], [117.205152, 32.728279], [117.195905, 32.734699], [117.182034, 32.735952], [117.179365, 32.74112], [117.160395, 32.739919], [117.15906, 32.749888], [117.146143, 32.751349], [117.125266, 32.75782], [117.084561, 32.744095], [117.081701, 32.735117], [117.0909, 32.727757], [117.074837, 32.717525], [117.066448, 32.723946], [117.046334, 32.716167], [117.04376, 32.721388], [117.054437, 32.729688], [117.04009, 32.732873], [117.033607, 32.747435], [117.028698, 32.747696], [117.029318, 32.758081], [117.018736, 32.757403], [117.001958, 32.779161], [116.991901, 32.783752], [116.960919, 32.791786], [116.935037, 32.808737], [116.921072, 32.80952], [116.923312, 32.816508], [116.897239, 32.834289], [116.898336, 32.842996], [116.889232, 32.847271], [116.882225, 32.8443], [116.834179, 32.877607], [116.840614, 32.88657], [116.836467, 32.890843], [116.817831, 32.894021], [116.804866, 32.902566], [116.790996, 32.905014], [116.78499, 32.917204], [116.768403, 32.921476], [116.761301, 32.916371], [116.757869, 32.923767], [116.735657, 32.928663], [116.705676, 32.936944], [116.684323, 32.93934], [116.627888, 32.941475], [116.446382, 32.984896], [116.382416, 33.004777], [116.376649, 32.993744], [116.376458, 32.969019], [116.371739, 32.964906], [116.365162, 32.946891], [116.365877, 32.940694], [116.385705, 32.921632], [116.393856, 32.910745], [116.394618, 32.891311], [116.394428, 32.884121], [116.386563, 32.86833], [116.389995, 32.857071], [116.406058, 32.85337], [116.421882, 32.857853], [116.445572, 32.843518], [116.439614, 32.821619], [116.449194, 32.8139], [116.442473, 32.809207], [116.441377, 32.800184], [116.448765, 32.789073], [116.44743, 32.760951], [116.442998, 32.748583], [116.445238, 32.732977], [116.45539, 32.729845], [116.45315, 32.71481], [116.444142, 32.70656], [116.44519, 32.697997], [116.460252, 32.680972], [116.487135, 32.677942], [116.489327, 32.681807], [116.502197, 32.681024], [116.506439, 32.662899], [116.526267, 32.657779], [116.535276, 32.628466], [116.541711, 32.622874], [116.537898, 32.615452], [116.540138, 32.60296], [116.555867, 32.600032], [116.554771, 32.585864], [116.601863, 32.588949], [116.620119, 32.583354], [116.628984, 32.575197], [116.635085, 32.55386], [116.613827, 32.544811], [116.566591, 32.544183], [116.523741, 32.509234], [116.522597, 32.486468], [116.509966, 32.460607], [116.494714, 32.465319], [116.490471, 32.448407], [116.484799, 32.439347], [116.480176, 32.406767], [116.492187, 32.395817], [116.485371, 32.388062], [116.481129, 32.375276], [116.48418, 32.360286], [116.506534, 32.344403], [116.519261, 32.314411], [116.521501, 32.292539], [116.52641, 32.270716], [116.521835, 32.261113], [116.527554, 32.240594], [116.515305, 32.223377], [116.501101, 32.215345], [116.515638, 32.202692], [116.517068, 32.194395], [116.509299, 32.18468], [116.515495, 32.163461], [116.526601, 32.151746], [116.530224, 32.134249], [116.524694, 32.116434], [116.533131, 32.097932], [116.549385, 32.078848], [116.544046, 32.067701], [116.551911, 32.042036], [116.546858, 32.028149], [116.571167, 32.020468], [116.586801, 32.018784], [116.612635, 32.000947], [116.667735, 31.977947], [116.677936, 31.976263], [116.681939, 31.967999], [116.680462, 31.957259], [116.680509, 31.915552], [116.687754, 31.903437], [116.70234, 31.905122], [116.723169, 31.916711], [116.748479, 31.919028], [116.771072, 31.911286]]]]}, "properties": {"adcode": 340400, "name": "淮南市", "areas": ["淮南茶区"], "areaLabel": "淮南茶区", "pointCount": 2, "layer": "tea_city"}}, {"type": "Feature", "geometry": {"type": "MultiPolygon", "coordinates": [[[[115.147294, 30.233461], [115.134787, 30.22261], [115.134476, 30.222353], [115.133777, 30.220466], [115.131524, 30.216991], [115.126164, 30.21], [115.147449, 30.208112], [115.15646, 30.209828], [115.175182, 30.219265], [115.209518, 30.213517], [115.223112, 30.196144], [115.269256, 30.155164], [115.301494, 30.116616], [115.317419, 30.089691], [115.321925, 30.074744], [115.322624, 30.04652], [115.329383, 30.028945], [115.361776, 30.002942], [115.385159, 29.965409], [115.409008, 29.950357], [115.411027, 29.941798], [115.406677, 29.92356], [115.415533, 29.90919], [115.43107, 29.900542], [115.436896, 29.893571], [115.448781, 29.869384], [115.460356, 29.859397], [115.488011, 29.845018], [115.511627, 29.840282], [115.550002, 29.837914], [115.578823, 29.84067], [115.611683, 29.841574], [115.667847, 29.850185], [115.683073, 29.847774], [115.706223, 29.837871], [115.762543, 29.792996], [115.837196, 29.748532], [115.90983, 29.72418], [115.932669, 29.72112], [115.96584, 29.724741], [115.988212, 29.733879], [116.049582, 29.761891], [116.077237, 29.787008], [116.107145, 29.808287], [116.135188, 29.819441], [116.132003, 29.844243], [116.134567, 29.877432], [116.125789, 29.901359], [116.104038, 29.926829], [116.085704, 29.950787], [116.077936, 29.95612], [116.073819, 29.97001], [116.08151, 29.981748], [116.078325, 30.010249], [116.088967, 30.026968], [116.091686, 30.036207], [116.079956, 30.057261], [116.079257, 30.066196], [116.084772, 30.075947], [116.083762, 30.095661], [116.087724, 30.103305], [116.085005, 30.12619], [116.075062, 30.133531], [116.063176, 30.151602], [116.056729, 30.169928], [116.056029, 30.181041], [116.063875, 30.19357], [116.064342, 30.206911], [116.046086, 30.223897], [116.031715, 30.227028], [116.026588, 30.239765], [116.013382, 30.248941], [115.994815, 30.255029], [115.988911, 30.267034], [115.985338, 30.291038], [115.980988, 30.295753], [115.953799, 30.306381], [115.938728, 30.306938], [115.921871, 30.301281], [115.904392, 30.310066], [115.903771, 30.315808], [115.914336, 30.324292], [115.916666, 30.334403], [115.896469, 30.356678], [115.884894, 30.379547], [115.900896, 30.39783], [115.909286, 30.398857], [115.921482, 30.416366], [115.93096, 30.420475], [115.938184, 30.417778], [115.946186, 30.425183], [115.920783, 30.429849], [115.917987, 30.441104], [115.894837, 30.452743], [115.89406, 30.459547], [115.900819, 30.469729], [115.8981, 30.482263], [115.909752, 30.506771], [115.919929, 30.514981], [115.905169, 30.524602], [115.899498, 30.537856], [115.887768, 30.542516], [115.883107, 30.559443], [115.875572, 30.569359], [115.879068, 30.578291], [115.86625, 30.587905], [115.857316, 30.589486], [115.84846, 30.60192], [115.828108, 30.606149], [115.824146, 30.596109], [115.819174, 30.597904], [115.807832, 30.615547], [115.814979, 30.624774], [115.80993, 30.642584], [115.798743, 30.6501], [115.797034, 30.658597], [115.775361, 30.668844], [115.772409, 30.677852], [115.762543, 30.685621], [115.767359, 30.694329], [115.765573, 30.707517], [115.776371, 30.728853], [115.782896, 30.75172], [115.792762, 30.75927], [115.810473, 30.75944], [115.822437, 30.750355], [115.834633, 30.756369], [115.851568, 30.75671], [115.854364, 30.767459], [115.868347, 30.774283], [115.869513, 30.782471], [115.858715, 30.784816], [115.865861, 30.798247], [115.863764, 30.815769], [115.848771, 30.828557], [115.851645, 30.844199], [115.863919, 30.855278], [115.865628, 30.864226], [115.876892, 30.868998], [115.885671, 30.877859], [115.912782, 30.887572], [115.932358, 30.889404], [115.936087, 30.902863], [115.970578, 30.920025], [115.976327, 30.931479], [115.993417, 30.936759], [116.009886, 30.949701], [116.024723, 30.953617], [116.034511, 30.951148], [116.039561, 30.957831], [116.071721, 30.956682], [116.069702, 30.969153], [116.060302, 30.994941], [116.058904, 31.012725], [116.039405, 31.014894], [116.015013, 31.011916], [116.010041, 31.017319], [116.006623, 31.034673], [115.994038, 31.034588], [115.983707, 31.041903], [115.961101, 31.046879], [115.946186, 31.042414], [115.938573, 31.047304], [115.942224, 31.060699], [115.939816, 31.071668], [115.925755, 31.076813], [115.909597, 31.090713], [115.902761, 31.089225], [115.887457, 31.109244], [115.88637, 31.127346], [115.880077, 31.141919], [115.86928, 31.147654], [115.857161, 31.143279], [115.834944, 31.126327], [115.81327, 31.130916], [115.797889, 31.127856], [115.781498, 31.113536], [115.770078, 31.113026], [115.764019, 31.118211], [115.755862, 31.142557], [115.740559, 31.152964], [115.730382, 31.171568], [115.700863, 31.201123], [115.678102, 31.207661], [115.655263, 31.210972], [115.645941, 31.209614], [115.636308, 31.199976], [115.629084, 31.184648], [115.603681, 31.173734], [115.596767, 31.150161], [115.585736, 31.144171], [115.559557, 31.160313], [115.542467, 31.187026], [115.539282, 31.20367], [115.540059, 31.22914], [115.530038, 31.249341], [115.515977, 31.263513], [115.507587, 31.267926], [115.501062, 31.262368], [115.493993, 31.265932], [115.473096, 31.265253], [115.466415, 31.276326], [115.457793, 31.281586], [115.462609, 31.31751], [115.449636, 31.315856], [115.442023, 31.346128], [115.420505, 31.349943], [115.40458, 31.337819], [115.399064, 31.342991], [115.37203, 31.349308], [115.38244, 31.356598], [115.375759, 31.371051], [115.383217, 31.375628], [115.392772, 31.389866], [115.373662, 31.405754], [115.355329, 31.39995], [115.335986, 31.403382], [115.327207, 31.391137], [115.313535, 31.383425], [115.301106, 31.384061], [115.294037, 31.395035], [115.281374, 31.399865], [115.2604, 31.387409], [115.250457, 31.391773], [115.260322, 31.412151], [115.252554, 31.421682], [115.232978, 31.427104], [115.220471, 31.426722], [115.210527, 31.445442], [115.212237, 31.456747], [115.218373, 31.466867], [115.218063, 31.477069], [115.212314, 31.490107], [115.219539, 31.506909], [115.218218, 31.515288], [115.23057, 31.53822], [115.23593, 31.555478], [115.212625, 31.555521], [115.207265, 31.564233], [115.192971, 31.564064], [115.192816, 31.569562], [115.180386, 31.577766], [115.176891, 31.598865], [115.164384, 31.604572], [115.134864, 31.602416], [115.125387, 31.599119], [115.127251, 31.579077], [115.106743, 31.56749], [115.103092, 31.555774], [115.111093, 31.552348], [115.106122, 31.545538], [115.113346, 31.528954], [115.102082, 31.520577], [115.092838, 31.519096], [115.096256, 31.508475], [115.06627, 31.510506], [115.048947, 31.51753], [115.03846, 31.517023], [115.030303, 31.527685], [115.023078, 31.5276], [115.010028, 31.504878], [115.001716, 31.499968], [115.010804, 31.488244], [115.001405, 31.484435], [114.998297, 31.471608], [114.985402, 31.477704], [114.976158, 31.495905], [114.968001, 31.496625], [114.939958, 31.477154], [114.936462, 31.469788], [114.925275, 31.480456], [114.896377, 31.47436], [114.886745, 31.469449], [114.876801, 31.47055], [114.869965, 31.479355], [114.848835, 31.474529], [114.841533, 31.461955], [114.829803, 31.458907], [114.82421, 31.469957], [114.813023, 31.478847], [114.789408, 31.48054], [114.783038, 31.484604], [114.783115, 31.494805], [114.774648, 31.500899], [114.774027, 31.512452], [114.778843, 31.520746], [114.770997, 31.520535], [114.757014, 31.52722], [114.747226, 31.524046], [114.739535, 31.527177], [114.7233, 31.520619], [114.71724, 31.527939], [114.696577, 31.525823], [114.699839, 31.54613], [114.678476, 31.544015], [114.670087, 31.547061], [114.656958, 31.56288], [114.652996, 31.572692], [114.644451, 31.574679], [114.641732, 31.582164], [114.616796, 31.585335], [114.612057, 31.578485], [114.595666, 31.576286], [114.587354, 31.560596], [114.574925, 31.559539], [114.572517, 31.55404], [114.561097, 31.560934], [114.558689, 31.568928], [114.551698, 31.553279], [114.542065, 31.549049], [114.527849, 31.550276], [114.51977, 31.557466], [114.521246, 31.541815], [114.513788, 31.536147], [114.510992, 31.524258], [114.503068, 31.514018], [114.50369, 31.499333], [114.512312, 31.479186], [114.512002, 31.461532], [114.489707, 31.463861], [114.481705, 31.440487], [114.481705, 31.409271], [114.477821, 31.405288], [114.46547, 31.406347], [114.450943, 31.414481], [114.454361, 31.398594], [114.450321, 31.387493], [114.43696, 31.381307], [114.428182, 31.361091], [114.429114, 31.352402], [114.440999, 31.342143], [114.437581, 31.336335], [114.441233, 31.327432], [114.440067, 31.307968], [114.411868, 31.258719], [114.402236, 31.249341], [114.405887, 31.229564], [114.424453, 31.211779], [114.434785, 31.206047], [114.454982, 31.204052], [114.45273, 31.195943], [114.472306, 31.190932], [114.472228, 31.183884], [114.459177, 31.183077], [114.461585, 31.168553], [114.471218, 31.170167], [114.486522, 31.159761], [114.493591, 31.149184], [114.518139, 31.144978], [114.525674, 31.135462], [114.527616, 31.122375], [114.53453, 31.117021], [114.528548, 31.108224], [114.534064, 31.094369], [114.515653, 31.063675], [114.515575, 31.050834], [114.504855, 31.045008], [114.500427, 31.03344], [114.512157, 31.01349], [114.525286, 31.01264], [114.540978, 31.000132], [114.544007, 30.990814], [114.551775, 30.998004], [114.559932, 30.984175], [114.576246, 30.969876], [114.604367, 30.960555], [114.608562, 30.944166], [114.614233, 30.940079], [114.615942, 30.927264], [114.628604, 30.927945], [114.642975, 30.933395], [114.650744, 30.941868], [114.655405, 30.932246], [114.682594, 30.948679], [114.693625, 30.947615], [114.708617, 30.939909], [114.70116, 30.953106], [114.704112, 30.957831], [114.702481, 30.973792], [114.713589, 30.980558], [114.730524, 30.980048], [114.750566, 30.994005], [114.757869, 30.995069], [114.760743, 30.987154], [114.77022, 30.985622], [114.764472, 30.979196], [114.762996, 30.966386], [114.767967, 30.96047], [114.777988, 30.978516], [114.778765, 30.986643], [114.798497, 31.000855], [114.795312, 30.988899], [114.80712, 30.993622], [114.808829, 30.974175], [114.818151, 30.956256], [114.825453, 30.956426], [114.825608, 30.948807], [114.8413, 30.949573], [114.843009, 30.944805], [114.862352, 30.945699], [114.876257, 30.968897], [114.870509, 30.980175], [114.855516, 30.984175], [114.855205, 30.991367], [114.863906, 30.991026], [114.883482, 31.006471], [114.905699, 31.005748], [114.921469, 31.014341], [114.929004, 31.025188], [114.93351, 31.03714], [114.946328, 31.034035], [114.947726, 31.023317], [114.939258, 31.019914], [114.93786, 31.001834], [114.942754, 30.993622], [114.957359, 31.000004], [114.954484, 30.990558], [114.964661, 30.985878], [114.969089, 30.99392], [114.977867, 31.006131], [114.971575, 31.021148], [114.980663, 31.025231], [114.98548, 31.017659], [114.982916, 31.002387], [114.988976, 30.99643], [114.991228, 30.981963], [114.983848, 30.979665], [114.983072, 30.971749], [114.994103, 30.965067], [114.9868, 30.957022], [114.990529, 30.945146], [115.009562, 30.926114], [115.035896, 30.926923], [115.028283, 30.916576], [115.036828, 30.909549], [115.05454, 30.908783], [115.059822, 30.903246], [115.057026, 30.896219], [115.079399, 30.89098], [115.081651, 30.87803], [115.062153, 30.869083], [115.051899, 30.860136], [115.056327, 30.855832], [115.03442, 30.846841], [115.029914, 30.857579], [115.011271, 30.858644], [115.010571, 30.85221], [114.999385, 30.857537], [114.992704, 30.843602], [115.000861, 30.834524], [114.993248, 30.82438], [114.989752, 30.808778], [114.983848, 30.815769], [114.972196, 30.805666], [114.970099, 30.810867], [114.946949, 30.801147], [114.958135, 30.788654], [114.952231, 30.774368], [114.933898, 30.792918], [114.924887, 30.791297], [114.917662, 30.783451], [114.900728, 30.788568], [114.900106, 30.793984], [114.883404, 30.797309], [114.875947, 30.793387], [114.877966, 30.776458], [114.875558, 30.764516], [114.848214, 30.741695], [114.829415, 30.735295], [114.811004, 30.72625], [114.79873, 30.73201], [114.791428, 30.718783], [114.795467, 30.708285], [114.81279, 30.685578], [114.805954, 30.671576], [114.815587, 30.659707], [114.830813, 30.668374], [114.840213, 30.658383], [114.848136, 30.641046], [114.855283, 30.642669], [114.859556, 30.636349], [114.85101, 30.628191], [114.803235, 30.621485], [114.791738, 30.616829], [114.808673, 30.615291], [114.828793, 30.596494], [114.836018, 30.580513], [114.839591, 30.561495], [114.840135, 30.527253], [114.835474, 30.493384], [114.835707, 30.474349], [114.839203, 30.45929], [114.846116, 30.44641], [114.86375, 30.427537], [114.892493, 30.413712], [114.917429, 30.407933], [114.979187, 30.400998], [115.018417, 30.404679], [115.03776, 30.401126], [115.056016, 30.388667], [115.071009, 30.366742], [115.082739, 30.329819], [115.088643, 30.296096], [115.086545, 30.281094], [115.079787, 30.259231], [115.080175, 30.240065], [115.095168, 30.22201], [115.112492, 30.213732], [115.140069, 30.23702], [115.135253, 30.247783], [115.15009, 30.243538], [115.164228, 30.23449], [115.162908, 30.229944], [115.147294, 30.233461]]], [[[114.939258, 31.019914], [114.929004, 31.025188], [114.921469, 31.014341], [114.931878, 30.994856], [114.93786, 31.001834], [114.939258, 31.019914]]], [[[115.126164, 30.21], [115.131524, 30.216991], [115.133777, 30.220466], [115.134476, 30.222353], [115.134787, 30.22261], [115.147294, 30.233461], [115.140069, 30.23702], [115.112492, 30.213732], [115.126164, 30.21]]]]}, "properties": {"adcode": 421100, "name": "黄冈市", "areas": ["淮南茶区"], "areaLabel": "淮南茶区", "pointCount": 2, "layer": "tea_city"}}, {"type": "Feature", "geometry": {"type": "MultiPolygon", "coordinates": [[[[120.022422, 31.967767], [120.016248, 31.970461], [119.980103, 31.998057], [119.975501, 32.006886], [119.951704, 32.002339], [119.919712, 32.003663], [119.905906, 32.015361], [119.895972, 32.040163], [119.890864, 32.046164], [119.883736, 32.039281], [119.878629, 32.042193], [119.869593, 32.058121], [119.859939, 32.051547], [119.843831, 32.059841], [119.829014, 32.0519], [119.822223, 32.055827], [119.804768, 32.056091], [119.796293, 32.049032], [119.777435, 32.014257], [119.784788, 32.012315], [119.775639, 31.986446], [119.778165, 31.984106], [119.767613, 31.949306], [119.777154, 31.944624], [119.789446, 31.926909], [119.78389, 31.919354], [119.760485, 31.926644], [119.759643, 31.921121], [119.781757, 31.913875], [119.780466, 31.901634], [119.771823, 31.900839], [119.75521, 31.880331], [119.764077, 31.872595], [119.763348, 31.8569], [119.769914, 31.847615], [119.782262, 31.852081], [119.811784, 31.852213], [119.800503, 31.833331], [119.790344, 31.826564], [119.785461, 31.816745], [119.790456, 31.806968], [119.763965, 31.808119], [119.757342, 31.786218], [119.748755, 31.780333], [119.736295, 31.7621], [119.734724, 31.74373], [119.74, 31.731157], [119.723892, 31.732928], [119.708289, 31.737931], [119.706717, 31.747139], [119.693303, 31.756966], [119.688196, 31.769402], [119.656541, 31.773607], [119.650817, 31.777678], [119.644643, 31.795554], [119.629601, 31.801173], [119.615009, 31.796174], [119.605692, 31.806128], [119.605131, 31.822052], [119.597329, 31.827847], [119.589416, 31.826962], [119.59211, 31.835321], [119.586946, 31.847438], [119.576731, 31.848366], [119.570053, 31.854557], [119.559894, 31.85606], [119.556077, 31.862515], [119.550016, 31.856458], [119.508203, 31.851859], [119.468803, 31.871666], [119.46392, 31.881215], [119.448822, 31.885414], [119.437541, 31.876397], [119.423229, 31.871666], [119.419525, 31.852081], [119.42553, 31.852788], [119.432041, 31.840362], [119.443378, 31.828908], [119.432995, 31.825812], [119.429347, 31.832314], [119.422331, 31.829395], [119.40409, 31.832092], [119.387028, 31.846642], [119.372436, 31.845802], [119.364129, 31.857961], [119.342072, 31.859553], [119.3295, 31.845757], [119.332643, 31.836338], [119.320015, 31.825414], [119.313785, 31.813825], [119.314571, 31.796616], [119.320071, 31.797058], [119.314683, 31.777324], [119.307387, 31.776527], [119.304637, 31.767367], [119.305647, 31.733017], [119.321643, 31.73222], [119.331072, 31.727305], [119.321586, 31.715527], [119.321081, 31.707644], [119.328658, 31.704013], [119.316535, 31.671013], [119.299922, 31.654752], [119.282804, 31.642787], [119.258389, 31.632195], [119.23695, 31.625192], [119.234087, 31.627053], [119.221852, 31.59478], [119.216239, 31.585423], [119.21579, 31.570389], [119.197662, 31.551849], [119.189075, 31.55176], [119.181105, 31.538096], [119.180656, 31.526959], [119.198616, 31.530021], [119.199458, 31.524519], [119.183518, 31.500199], [119.1664, 31.493453], [119.152986, 31.493186], [119.149114, 31.483998], [119.156017, 31.480135], [119.152481, 31.464374], [119.141481, 31.451674], [119.140919, 31.444969], [119.155568, 31.438618], [119.164155, 31.441105], [119.169207, 31.421739], [119.169207, 31.394015], [119.174089, 31.380906], [119.190085, 31.379084], [119.2003, 31.368817], [119.204509, 31.357838], [119.214107, 31.355883], [119.218035, 31.348859], [119.198336, 31.330674], [119.193172, 31.318935], [119.195361, 31.309373], [119.181105, 31.300478], [119.199458, 31.293583], [119.197157, 31.27352], [119.204229, 31.265689], [119.215285, 31.274098], [119.218148, 31.264799], [119.236276, 31.259326], [119.238577, 31.254653], [119.249971, 31.256967], [119.249746, 31.261995], [119.26142, 31.261328], [119.266977, 31.250425], [119.294815, 31.263241], [119.314851, 31.265733], [119.33326, 31.264131], [119.337526, 31.258881], [119.345945, 31.268981], [119.35021, 31.280905], [119.350154, 31.301012], [119.356609, 31.30328], [119.367946, 31.288957], [119.371594, 31.271606], [119.379676, 31.269382], [119.370528, 31.242548], [119.365196, 31.232667], [119.360088, 31.212145], [119.365757, 31.195938], [119.371369, 31.197719], [119.379171, 31.189214], [119.394886, 31.19959], [119.405662, 31.192777], [119.395335, 31.193356], [119.389329, 31.188324], [119.391182, 31.174518], [119.400611, 31.178749], [119.415428, 31.172959], [119.423454, 31.181866], [119.438832, 31.177056], [119.454771, 31.164897], [119.460608, 31.156389], [119.475818, 31.158928], [119.482497, 31.152513], [119.485584, 31.161601], [119.494508, 31.164006], [119.514376, 31.156077], [119.532617, 31.159106], [119.543, 31.175498], [119.553552, 31.17915], [119.552542, 31.212412], [119.553832, 31.221049], [119.534469, 31.236762], [119.522571, 31.242192], [119.532224, 31.259014], [119.530933, 31.277657], [119.535199, 31.291226], [119.523693, 31.301145], [119.520045, 31.318223], [119.53054, 31.330897], [119.527566, 31.360328], [119.530428, 31.370818], [119.540699, 31.39015], [119.53649, 31.408234], [119.553327, 31.411699], [119.554562, 31.43391], [119.576675, 31.430712], [119.5879, 31.445812], [119.591717, 31.463042], [119.588349, 31.466683], [119.56517, 31.46433], [119.56517, 31.471389], [119.572971, 31.471744], [119.57516, 31.480801], [119.567976, 31.490434], [119.567022, 31.504726], [119.583635, 31.504549], [119.593625, 31.532195], [119.600921, 31.538717], [119.613325, 31.557882], [119.627918, 31.559922], [119.640939, 31.569281], [119.646776, 31.577663], [119.642679, 31.582364], [119.639367, 31.600277], [119.657945, 31.609322], [119.673042, 31.609322], [119.684941, 31.604046], [119.699814, 31.576554], [119.709973, 31.576022], [119.712891, 31.558281], [119.721198, 31.556861], [119.733265, 31.56316], [119.768567, 31.553801], [119.792196, 31.553401], [119.807406, 31.548522], [119.832326, 31.529178], [119.847816, 31.529799], [119.861904, 31.546259], [119.897599, 31.546747], [119.935652, 31.552736], [119.948336, 31.543376], [119.971741, 31.535967], [119.973593, 31.515866], [119.996099, 31.497492], [119.997165, 31.508099], [120.005528, 31.503306], [120.015799, 31.505437], [120.036228, 31.497891], [120.045489, 31.490257], [120.046219, 31.47978], [120.037631, 31.42587], [120.027866, 31.409033], [120.021075, 31.382995], [120.023712, 31.364951], [120.041785, 31.34588], [120.060643, 31.339122], [120.089603, 31.332453], [120.100155, 31.335343], [120.09617, 31.352504], [120.057275, 31.356105], [120.044872, 31.358816], [120.040157, 31.364506], [120.039708, 31.378106], [120.044591, 31.406234], [120.054806, 31.434309], [120.06098, 31.440439], [120.089996, 31.454738], [120.110089, 31.461532], [120.105711, 31.470501], [120.108742, 31.480979], [120.129733, 31.504726], [120.113457, 31.518129], [120.107451, 31.512005], [120.10341, 31.518573], [120.101726, 31.542], [120.09415, 31.541912], [120.097349, 31.548744], [120.069174, 31.55247], [120.056153, 31.563382], [120.057051, 31.580412], [120.074899, 31.595356], [120.075572, 31.607105], [120.093981, 31.618099], [120.104477, 31.628782], [120.119462, 31.630909], [120.124457, 31.648238], [120.128554, 31.684613], [120.143259, 31.676063], [120.15106, 31.682398], [120.142978, 31.688334], [120.14528, 31.697059], [120.156841, 31.703836], [120.155719, 31.713224], [120.161387, 31.718051], [120.154765, 31.741428], [120.155607, 31.756833], [120.169021, 31.760949], [120.178674, 31.758382], [120.18395, 31.749928], [120.205726, 31.75338], [120.201629, 31.764003], [120.192537, 31.767367], [120.185577, 31.786528], [120.17424, 31.80104], [120.179235, 31.812852], [120.17048, 31.817275], [120.164081, 31.832712], [120.173174, 31.83877], [120.185185, 31.860437], [120.175868, 31.870208], [120.158132, 31.86782], [120.144213, 31.858934], [120.122829, 31.859332], [120.117385, 31.854999], [120.098696, 31.855574], [120.08545, 31.853053], [120.080287, 31.847482], [120.056377, 31.833331], [120.044984, 31.821743], [120.025284, 31.831694], [120.019279, 31.822804], [120.003339, 31.828245], [120.000477, 31.845625], [119.990206, 31.854866], [120.003283, 31.859155], [120.013217, 31.871666], [120.014789, 31.881789], [119.997839, 31.894342], [120.005472, 31.911886], [120.022422, 31.919707], [120.00738, 31.935922], [120.007661, 31.947981], [120.022422, 31.967767]]]]}, "properties": {"adcode": 320400, "name": "常州市", "areas": ["浙西茶区"], "areaLabel": "浙西茶区", "pointCount": 1, "layer": "tea_city"}}, {"type": "Feature", "geometry": {"type": "MultiPolygon", "coordinates": [[[[118.868878, 30.10144], [118.871642, 30.113035], [118.887228, 30.117437], [118.888134, 30.127259], [118.895951, 30.138797], [118.896809, 30.148081], [118.881032, 30.146793], [118.865732, 30.151515], [118.856389, 30.148188], [118.845713, 30.156129], [118.852862, 30.166537], [118.864397, 30.169005], [118.910822, 30.187512], [118.920641, 30.199043], [118.929888, 30.203387], [118.924979, 30.213844], [118.903196, 30.21792], [118.893043, 30.242689], [118.882414, 30.24746], [118.889707, 30.254268], [118.878077, 30.282726], [118.881795, 30.298532], [118.879888, 30.314872], [118.899764, 30.322586], [118.908391, 30.330888], [118.917877, 30.332441], [118.936323, 30.34508], [118.936418, 30.35081], [118.955388, 30.359216], [118.959964, 30.347275], [118.96902, 30.351345], [118.975741, 30.347168], [118.988086, 30.348668], [118.988039, 30.333458], [119.004435, 30.328959], [119.028792, 30.312569], [119.048334, 30.312676], [119.05086, 30.306729], [119.063015, 30.304961], [119.073405, 30.31589], [119.090231, 30.324032], [119.111013, 30.311283], [119.128506, 30.304694], [119.151289, 30.304586], [119.156723, 30.29955], [119.188181, 30.291674], [119.201051, 30.291031], [119.205674, 30.301586], [119.222595, 30.299604], [119.229173, 30.289692], [119.236227, 30.2973], [119.245903, 30.321621], [119.239993, 30.327031], [119.247142, 30.340796], [119.265064, 30.338064], [119.278124, 30.341599], [119.289468, 30.349632], [119.300669, 30.36366], [119.329077, 30.371531], [119.342662, 30.363178], [119.34943, 30.34915], [119.375598, 30.354826], [119.386132, 30.363928], [119.399954, 30.367783], [119.403052, 30.374368], [119.393806, 30.38304], [119.371451, 30.38395], [119.366589, 30.388393], [119.368925, 30.39974], [119.363205, 30.409481], [119.349525, 30.408625], [119.352957, 30.424839], [119.349716, 30.438803], [119.336132, 30.445544], [119.334463, 30.478118], [119.330317, 30.488225], [119.336322, 30.507153], [119.328696, 30.52164], [119.326551, 30.533025], [119.313634, 30.531208], [119.287943, 30.512606], [119.272118, 30.510521], [119.261632, 30.517738], [119.261918, 30.525542], [119.242566, 30.530032], [119.236942, 30.546707], [119.245522, 30.561402], [119.264778, 30.573424], [119.264778, 30.582025], [119.254149, 30.588649], [119.253672, 30.596447], [119.239135, 30.609319], [119.25005, 30.620267], [119.258772, 30.614393], [119.275741, 30.617597], [119.291232, 30.616048], [119.311966, 30.621228], [119.323119, 30.630306], [119.333653, 30.652195], [119.343138, 30.664205], [119.35453, 30.666927], [119.372357, 30.680377], [119.379411, 30.679363], [119.391518, 30.685233], [119.395665, 30.678722], [119.400002, 30.658868], [119.412681, 30.642959], [119.433653, 30.644454], [119.448286, 30.655825], [119.452909, 30.671624], [119.466017, 30.683899], [119.482747, 30.704442], [119.479697, 30.736823], [119.484606, 30.744609], [119.478791, 30.753089], [119.480126, 30.773298], [119.491518, 30.777243], [119.507104, 30.769619], [119.524501, 30.776017], [119.55453, 30.825639], [119.561203, 30.829476], [119.575741, 30.829742], [119.573739, 30.853344], [119.558963, 30.871189], [119.559058, 30.891745], [119.556341, 30.896697], [119.563825, 30.919218], [119.580364, 30.929173], [119.582175, 30.947428], [119.580412, 30.967117], [119.588372, 30.979142], [119.607437, 30.991856], [119.616255, 31.002388], [119.624025, 31.005313], [119.634034, 31.01946], [119.631317, 31.046311], [119.634987, 31.064172], [119.629554, 31.085538], [119.634702, 31.093775], [119.649144, 31.105092], [119.624168, 31.115983], [119.623786, 31.130273], [119.613729, 31.129157], [119.599763, 31.109183], [119.581985, 31.108652], [119.57412, 31.113965], [119.571308, 31.128998], [119.56025, 31.140736], [119.545855, 31.147853], [119.534511, 31.158102], [119.5235, 31.159748], [119.51392, 31.156031], [119.494473, 31.163996], [119.48556, 31.161394], [119.482509, 31.152526], [119.475836, 31.158898], [119.460583, 31.156403], [119.454768, 31.164899], [119.438801, 31.177057], [119.423167, 31.181835], [119.415398, 31.172969], [119.400622, 31.178756], [119.39147, 31.174243], [119.389325, 31.188365], [119.405674, 31.194416], [119.394902, 31.199618], [119.379173, 31.189214], [119.371403, 31.197707], [119.365779, 31.195956], [119.360059, 31.212144], [119.365207, 31.232627], [119.379697, 31.26939], [119.371594, 31.271617], [119.367876, 31.289224], [119.356627, 31.303275], [119.350145, 31.301049], [119.350288, 31.281641], [119.345951, 31.268965], [119.337562, 31.258888], [119.333224, 31.264139], [119.314873, 31.26573], [119.294473, 31.263131], [119.266971, 31.250453], [119.261394, 31.261328], [119.249764, 31.262017], [119.250193, 31.257243], [119.238563, 31.254644], [119.236275, 31.259312], [119.218544, 31.264563], [119.215255, 31.27411], [119.204244, 31.26573], [119.197142, 31.273527], [119.199478, 31.293625], [119.181127, 31.300465], [119.176218, 31.293944], [119.158153, 31.294792], [119.150098, 31.277133], [119.14066, 31.276019], [119.131747, 31.262548], [119.120021, 31.261699], [119.107009, 31.250612], [119.105293, 31.23528], [119.085465, 31.240267], [119.073787, 31.232892], [119.062347, 31.238463], [119.048858, 31.233529], [119.039516, 31.23841], [119.022881, 31.238145], [119.015017, 31.241646], [119.003291, 31.233741], [118.986466, 31.231141], [118.983939, 31.237773], [118.953053, 31.237773], [118.924979, 31.239683], [118.915207, 31.244193], [118.891232, 31.237986], [118.869688, 31.24223], [118.851051, 31.23963], [118.824073, 31.230451], [118.819116, 31.236022], [118.802672, 31.228223], [118.795331, 31.229443], [118.781413, 31.239843], [118.779983, 31.259524], [118.761394, 31.277663], [118.726599, 31.282224], [118.707915, 31.296807], [118.704435, 31.302798], [118.719593, 31.294792], [118.72107, 31.322679], [118.714731, 31.321671], [118.704102, 31.307782], [118.692186, 31.309001], [118.681747, 31.304336], [118.656866, 31.304654], [118.661442, 31.290762], [118.66006, 31.269761], [118.651861, 31.261009], [118.647286, 31.245519], [118.663587, 31.236871], [118.66821, 31.22488], [118.682986, 31.214054], [118.695045, 31.189108], [118.708963, 31.177004], [118.718401, 31.173978], [118.733558, 31.149446], [118.717305, 31.144188], [118.702004, 31.135797], [118.690327, 31.124961], [118.683082, 31.111893], [118.685513, 31.096272], [118.676838, 31.08963], [118.676123, 31.081393], [118.682653, 31.074909], [118.663396, 31.054445], [118.650003, 31.036848], [118.627314, 31.020576], [118.606819, 31.020204], [118.600956, 31.028021], [118.603768, 31.044238], [118.596142, 31.047853], [118.584273, 31.026107], [118.572262, 31.016269], [118.581223, 30.994728], [118.582462, 30.981855], [118.570975, 30.972278], [118.550956, 30.970682], [118.510251, 30.9511], [118.515255, 30.937582], [118.495713, 30.941042], [118.509154, 30.928694], [118.511537, 30.914054], [118.489707, 30.900052], [118.492948, 30.883491], [118.485846, 30.87726], [118.475742, 30.88184], [118.472119, 30.875077], [118.483987, 30.870762], [118.47741, 30.857553], [118.485513, 30.864051], [118.498239, 30.859843], [118.490041, 30.848656], [118.490899, 30.842849], [118.477982, 30.833579], [118.482224, 30.822549], [118.495522, 30.819884], [118.503101, 30.810451], [118.502863, 30.801497], [118.48475, 30.79025], [118.480699, 30.780602], [118.48027, 30.76642], [118.451671, 30.779162], [118.455198, 30.790144], [118.446476, 30.800911], [118.4317, 30.796434], [118.419498, 30.813649], [118.429841, 30.813916], [118.4368, 30.824733], [118.424502, 30.841091], [118.409536, 30.84871], [118.376409, 30.845513], [118.358916, 30.84578], [118.34762, 30.824414], [118.33823, 30.826812], [118.318687, 30.821749], [118.306724, 30.806934], [118.312872, 30.795101], [118.305008, 30.800964], [118.302577, 30.793822], [118.307582, 30.77639], [118.297906, 30.772391], [118.294569, 30.757088], [118.276647, 30.743169], [118.275694, 30.736449], [118.294712, 30.722421], [118.297191, 30.715966], [118.314445, 30.705083], [118.30496, 30.698146], [118.293282, 30.699961], [118.278745, 30.712659], [118.267591, 30.714206], [118.242901, 30.703482], [118.229221, 30.709244], [118.218354, 30.709458], [118.205437, 30.702148], [118.171214, 30.691637], [118.153578, 30.666554], [118.1368, 30.652195], [118.100956, 30.641251], [118.077934, 30.623684], [118.073073, 30.609533], [118.065923, 30.600026], [118.046142, 30.597142], [118.022977, 30.575454], [117.997048, 30.570806], [117.985132, 30.561348], [117.987229, 30.537675], [117.98108, 30.525382], [117.970118, 30.512231], [117.985751, 30.498705], [118.016924, 30.500576], [118.034941, 30.498438], [118.053721, 30.503677], [118.075218, 30.515011], [118.089612, 30.51731], [118.117591, 30.509238], [118.130747, 30.49817], [118.121118, 30.493091], [118.118211, 30.483252], [118.103435, 30.465229], [118.109774, 30.452712], [118.107582, 30.42928], [118.125027, 30.423662], [118.130175, 30.429601], [118.142901, 30.433828], [118.15782, 30.434309], [118.163254, 30.446775], [118.181128, 30.447844], [118.16864, 30.453033], [118.188039, 30.474481], [118.185847, 30.46448], [118.196571, 30.468652], [118.21373, 30.466833], [118.213873, 30.461271], [118.225217, 30.455013], [118.231604, 30.445651], [118.228077, 30.439713], [118.215399, 30.438322], [118.222977, 30.423929], [118.221452, 30.414351], [118.237801, 30.40049], [118.250337, 30.394816], [118.255913, 30.378437], [118.265684, 30.376402], [118.278173, 30.38031], [118.280365, 30.372387], [118.300289, 30.370139], [118.295141, 30.358306], [118.305532, 30.351399], [118.299765, 30.340796], [118.302052, 30.329709], [118.310203, 30.32055], [118.307629, 30.309301], [118.294903, 30.302122], [118.31211, 30.292907], [118.320546, 30.293764], [118.304912, 30.284387], [118.292472, 30.283691], [118.271404, 30.269865], [118.266638, 30.259842], [118.267782, 30.243333], [118.271881, 30.238186], [118.286562, 30.232879], [118.289946, 30.219046], [118.290708, 30.199526], [118.31149, 30.193197], [118.326647, 30.175282], [118.339326, 30.16584], [118.347477, 30.134289], [118.356962, 30.121945], [118.355103, 30.111908], [118.370642, 30.099722], [118.384607, 30.097145], [118.394807, 30.106271], [118.404483, 30.099615], [118.417734, 30.097306], [118.449955, 30.102621], [118.468926, 30.082434], [118.477696, 30.076527], [118.494474, 30.072124], [118.514016, 30.038932], [118.513492, 30.030659], [118.498096, 30.018141], [118.498716, 30.005997], [118.50577, 29.99138], [118.509297, 29.998312], [118.520403, 29.99885], [118.524502, 29.992508], [118.520784, 29.975201], [118.524741, 29.967407], [118.548668, 29.945203], [118.564588, 29.947569], [118.574931, 29.963751], [118.583463, 29.968321], [118.605818, 29.971654], [118.614016, 29.980469], [118.618592, 29.997399], [118.614493, 30.001805], [118.628029, 30.016529], [118.651004, 30.024534], [118.669021, 30.023675], [118.688754, 30.028993], [118.694807, 30.036675], [118.69781, 30.056818], [118.730365, 30.070298], [118.743139, 30.092743], [118.754626, 30.080608], [118.767972, 30.076796], [118.789945, 30.078299], [118.82107, 30.102728], [118.85005, 30.110458], [118.868878, 30.10144]]]]}, "properties": {"adcode": 341800, "name": "宣城市", "areas": ["浙西茶区"], "areaLabel": "浙西茶区", "pointCount": 1, "layer": "tea_city"}}, {"type": "Feature", "geometry": {"type": "MultiPolygon", "coordinates": [[[[120.721941, 30.286334], [120.710868, 30.297542], [120.706045, 30.309444], [120.704126, 30.330791], [120.70388, 30.365867], [120.692955, 30.377965], [120.658998, 30.385607], [120.633899, 30.389449], [120.567856, 30.387855], [120.498761, 30.38904], [120.460227, 30.382665], [120.43882, 30.373388], [120.413771, 30.318319], [120.378091, 30.344937], [120.388524, 30.370118], [120.400926, 30.377025], [120.398318, 30.38479], [120.362835, 30.374695], [120.342953, 30.37163], [120.318642, 30.380621], [120.315689, 30.394311], [120.306388, 30.396232], [120.322038, 30.404731], [120.332963, 30.417314], [120.330749, 30.427282], [120.340345, 30.433899], [120.337245, 30.464324], [120.341379, 30.472286], [120.329174, 30.468407], [120.326123, 30.500414], [120.317707, 30.521596], [120.299892, 30.5198], [120.285817, 30.507802], [120.277451, 30.504822], [120.25191, 30.506536], [120.239262, 30.50523], [120.224597, 30.509761], [120.205404, 30.505843], [120.201762, 30.514413], [120.195659, 30.503598], [120.185079, 30.502618], [120.185915, 30.494618], [120.173809, 30.492046], [120.180551, 30.482534], [120.175039, 30.476818], [120.149793, 30.467509], [120.146004, 30.482697], [120.11121, 30.476206], [120.096742, 30.48678], [120.099252, 30.495801], [120.068297, 30.496618], [120.065836, 30.483595], [120.059488, 30.47343], [120.059242, 30.459016], [120.0681, 30.445948], [120.062145, 30.434634], [120.064754, 30.4301], [120.046102, 30.427445], [120.041525, 30.433368], [120.013818, 30.435614], [120.00368, 30.444273], [119.982962, 30.445294], [119.965048, 30.431571], [119.955895, 30.433654], [119.950728, 30.444232], [119.934979, 30.446764], [119.931436, 30.456443], [119.921544, 30.462528], [119.90934, 30.456321], [119.90304, 30.459424], [119.890048, 30.457056], [119.872578, 30.462487], [119.880796, 30.476206], [119.867115, 30.477757], [119.854123, 30.493964], [119.851121, 30.502006], [119.836013, 30.496577], [119.815884, 30.510659], [119.794182, 30.505638], [119.784044, 30.511026], [119.766376, 30.514087], [119.768936, 30.551341], [119.743246, 30.550158], [119.729073, 30.551749], [119.71175, 30.566516], [119.69241, 30.556155], [119.695018, 30.542325], [119.70486, 30.525963], [119.709191, 30.508822], [119.704713, 30.494577], [119.708896, 30.487964], [119.701711, 30.467999], [119.695362, 30.464488], [119.694919, 30.452727], [119.709191, 30.434062], [119.686012, 30.417559], [119.681091, 30.408735], [119.668099, 30.399501], [119.6555, 30.40518], [119.646691, 30.39378], [119.633256, 30.395292], [119.63739, 30.410369], [119.631829, 30.424667], [119.642951, 30.428507], [119.650579, 30.440352], [119.635569, 30.441782], [119.627941, 30.431775], [119.594968, 30.421644], [119.581779, 30.423646], [119.572823, 30.431326], [119.565933, 30.443375], [119.55176, 30.43978], [119.535273, 30.424055], [119.533452, 30.409429], [119.513127, 30.401666], [119.490391, 30.408203], [119.467015, 30.408122], [119.450234, 30.410818], [119.441031, 30.392472], [119.435716, 30.391492], [119.418147, 30.376085], [119.403038, 30.373347], [119.399987, 30.367788], [119.386159, 30.363905], [119.375627, 30.354789], [119.349446, 30.349148], [119.342654, 30.363169], [119.326562, 30.371753], [119.300676, 30.363701], [119.289455, 30.349639], [119.278136, 30.341585], [119.265046, 30.338069], [119.247132, 30.340808], [119.239997, 30.327029], [119.245902, 30.321631], [119.233747, 30.293411], [119.225479, 30.288789], [119.222624, 30.299628], [119.205695, 30.301551], [119.201069, 30.291039], [119.188225, 30.291652], [119.156729, 30.299547], [119.151266, 30.304577], [119.12853, 30.3047], [119.11101, 30.311285], [119.090242, 30.324003], [119.073411, 30.315865], [119.062978, 30.304945], [119.050823, 30.306745], [119.048313, 30.312675], [119.028775, 30.312593], [119.004464, 30.328951], [118.988027, 30.333489], [118.988126, 30.348698], [118.975724, 30.347145], [118.969031, 30.351356], [118.959385, 30.347267], [118.955399, 30.359204], [118.936452, 30.350824], [118.936354, 30.34506], [118.917899, 30.332467], [118.908401, 30.330872], [118.899789, 30.322572], [118.879857, 30.314884], [118.881826, 30.298524], [118.878086, 30.282734], [118.8897, 30.254258], [118.882417, 30.247465], [118.892554, 30.243249], [118.903184, 30.217913], [118.924986, 30.213861], [118.929858, 30.20338], [118.920655, 30.198999], [118.910812, 30.187493], [118.864405, 30.168983], [118.85284, 30.166566], [118.845704, 30.156122], [118.856383, 30.148216], [118.865733, 30.151493], [118.877348, 30.147396], [118.896787, 30.148093], [118.89595, 30.138793], [118.888125, 30.127239], [118.887239, 30.117446], [118.871639, 30.113021], [118.868883, 30.101464], [118.872918, 30.094619], [118.875478, 30.072033], [118.878824, 30.064653], [118.888125, 30.062357], [118.897328, 30.049646], [118.890586, 30.04128], [118.902594, 30.029059], [118.898017, 30.017246], [118.89034, 30.012037], [118.895015, 30.000386], [118.892062, 29.994806], [118.899493, 29.98143], [118.891521, 29.959885], [118.894867, 29.939197], [118.88468, 29.93891], [118.871983, 29.946873], [118.863913, 29.93698], [118.848263, 29.941249], [118.838716, 29.934476], [118.844916, 29.915261], [118.845507, 29.899082], [118.841324, 29.891319], [118.807712, 29.86766], [118.802593, 29.860676], [118.778725, 29.841899], [118.766963, 29.848925], [118.755595, 29.845432], [118.750969, 29.831625], [118.76593, 29.823077], [118.75781, 29.816747], [118.745999, 29.818186], [118.739946, 29.813295], [118.736501, 29.788465], [118.744325, 29.779626], [118.74905, 29.761121], [118.744719, 29.738788], [118.72464, 29.722621], [118.718686, 29.709167], [118.700821, 29.706452], [118.691668, 29.693942], [118.682908, 29.688345], [118.682367, 29.681061], [118.673902, 29.669083], [118.647327, 29.643394], [118.640929, 29.641912], [118.633498, 29.648788], [118.620014, 29.654099], [118.602051, 29.643683], [118.573902, 29.638371], [118.555053, 29.613416], [118.549886, 29.613416], [118.53522, 29.590638], [118.515486, 29.583305], [118.499689, 29.573623], [118.494915, 29.553721], [118.497868, 29.543995], [118.495899, 29.519553], [118.470407, 29.507473], [118.459826, 29.505577], [118.44895, 29.51341], [118.430594, 29.503721], [118.414994, 29.509741], [118.393045, 29.507308], [118.383005, 29.510153], [118.379806, 29.502567], [118.358694, 29.477083], [118.344964, 29.475681], [118.345751, 29.465123], [118.352543, 29.45279], [118.366371, 29.45015], [118.372917, 29.437815], [118.384137, 29.433276], [118.390289, 29.423951], [118.402051, 29.425189], [118.413173, 29.420568], [118.405397, 29.408147], [118.425771, 29.397623], [118.423655, 29.387345], [118.441224, 29.375911], [118.448754, 29.37525], [118.456234, 29.365879], [118.470112, 29.360098], [118.479167, 29.366539], [118.488813, 29.367241], [118.505742, 29.359273], [118.517504, 29.363484], [118.524344, 29.36142], [118.519079, 29.344366], [118.528577, 29.345275], [118.55151, 29.335694], [118.571687, 29.338337], [118.589059, 29.327888], [118.596047, 29.330821], [118.603823, 29.323552], [118.603478, 29.316447], [118.617209, 29.303146], [118.614404, 29.296577], [118.634138, 29.272984], [118.63276, 29.263149], [118.619177, 29.276786], [118.610614, 29.279472], [118.606677, 29.267116], [118.615437, 29.25075], [118.607612, 29.239713], [118.620112, 29.219291], [118.631825, 29.219622], [118.633646, 29.205605], [118.626855, 29.19568], [118.638321, 29.192165], [118.670162, 29.200518], [118.68463, 29.202545], [118.708843, 29.188774], [118.743735, 29.213668], [118.753036, 29.213875], [118.765438, 29.220614], [118.767259, 29.234133], [118.763912, 29.248311], [118.774985, 29.250998], [118.784778, 29.259099], [118.786402, 29.266744], [118.793637, 29.267943], [118.816865, 29.281703], [118.82656, 29.280298], [118.828775, 29.287446], [118.855743, 29.303311], [118.860664, 29.31496], [118.878332, 29.326567], [118.886354, 29.322354], [118.900428, 29.332638], [118.927053, 29.310375], [118.94408, 29.306286], [118.948017, 29.301122], [118.962092, 29.296164], [118.961895, 29.290215], [118.949641, 29.281744], [118.963322, 29.267653], [118.966816, 29.269348], [118.988224, 29.243558], [118.984828, 29.239465], [118.987141, 29.226071], [118.998903, 29.216355], [119.003234, 29.207714], [119.013076, 29.212386], [119.030596, 29.215074], [119.062929, 29.226278], [119.075675, 29.224004], [119.085222, 29.230578], [119.106384, 29.227518], [119.12351, 29.236737], [119.132565, 29.235456], [119.12912, 29.227063], [119.138126, 29.220242], [119.151758, 29.22789], [119.170459, 29.217596], [119.177693, 29.207259], [119.189504, 29.205191], [119.194918, 29.216314], [119.189504, 29.227105], [119.201709, 29.229379], [119.204465, 29.223549], [119.213668, 29.225203], [119.210272, 29.23066], [119.2148, 29.246947], [119.200922, 29.257487], [119.192211, 29.258479], [119.20038, 29.272158], [119.200282, 29.29038], [119.208156, 29.284389], [119.228727, 29.284182], [119.227103, 29.276827], [119.239308, 29.258933], [119.237782, 29.250708], [119.260912, 29.247815], [119.270656, 29.251659], [119.288077, 29.268852], [119.286011, 29.279348], [119.318294, 29.279885], [119.322625, 29.296164], [119.328629, 29.299263], [119.3242, 29.307979], [119.348806, 29.319504], [119.344278, 29.324378], [119.348462, 29.336231], [119.333058, 29.355061], [119.340145, 29.38235], [119.328629, 29.393413], [119.337093, 29.411159], [119.346395, 29.408724], [119.360223, 29.416276], [119.368294, 29.415699], [119.378137, 29.42981], [119.388521, 29.429728], [119.39354, 29.411242], [119.399938, 29.411242], [119.404761, 29.400677], [119.426759, 29.405547], [119.43232, 29.415162], [119.427793, 29.422177], [119.437143, 29.424116], [119.443147, 29.404556], [119.451365, 29.397292], [119.451858, 29.385611], [119.457566, 29.370379], [119.45481, 29.365259], [119.461454, 29.350932], [119.471493, 29.349033], [119.480204, 29.332968], [119.49231, 29.331069], [119.500037, 29.335735], [119.510421, 29.333464], [119.522724, 29.350024], [119.523905, 29.366003], [119.536061, 29.373145], [119.545411, 29.367365], [119.558551, 29.372154], [119.574594, 29.372773], [119.582075, 29.379131], [119.592901, 29.377686], [119.604565, 29.369636], [119.616277, 29.368273], [119.617606, 29.380369], [119.606238, 29.388088], [119.625529, 29.410499], [119.624939, 29.417762], [119.642508, 29.432946], [119.664408, 29.424075], [119.673413, 29.425024], [119.676317, 29.419206], [119.688916, 29.421764], [119.691179, 29.438763], [119.707272, 29.433235], [119.715835, 29.448995], [119.707124, 29.464215], [119.70678, 29.472382], [119.719575, 29.491146], [119.718837, 29.505288], [119.726908, 29.511555], [119.735422, 29.510936], [119.74492, 29.516419], [119.722626, 29.542759], [119.741081, 29.551908], [119.750678, 29.550713], [119.764211, 29.557347], [119.761652, 29.566536], [119.769182, 29.579556], [119.764949, 29.594675], [119.779319, 29.603984], [119.776514, 29.626841], [119.79118, 29.654963], [119.817607, 29.673076], [119.824448, 29.671841], [119.835422, 29.678138], [119.852499, 29.668877], [119.859536, 29.671347], [119.879271, 29.66793], [119.895708, 29.660644], [119.911702, 29.66649], [119.921249, 29.66402], [119.924792, 29.669906], [119.936161, 29.666531], [119.973119, 29.674804], [119.973464, 29.68995], [119.967411, 29.694889], [119.951269, 29.699292], [119.937735, 29.70748], [119.933454, 29.699415], [119.922529, 29.697769], [119.914655, 29.704682], [119.912489, 29.720399], [119.901367, 29.728627], [119.900481, 29.74467], [119.889064, 29.753102], [119.890343, 29.762931], [119.904369, 29.754582], [119.913572, 29.755857], [119.927204, 29.744423], [119.944576, 29.755528], [119.960275, 29.755158], [119.973119, 29.765809], [119.991968, 29.753143], [120.010915, 29.757214], [120.011505, 29.761491], [120.030059, 29.770538], [120.030059, 29.78275], [120.036604, 29.788548], [120.030059, 29.806307], [120.038425, 29.82283], [120.065639, 29.822049], [120.074252, 29.82731], [120.095807, 29.816583], [120.102746, 29.823981], [120.101122, 29.830269], [120.109931, 29.845967], [120.131289, 29.858827], [120.144773, 29.874109], [120.150285, 29.887582], [120.150039, 29.905036], [120.159587, 29.906227], [120.166329, 29.917273], [120.17627, 29.913578], [120.185079, 29.904502], [120.204813, 29.924048], [120.200433, 29.929467], [120.221004, 29.942235], [120.250729, 29.936693], [120.255207, 29.94363], [120.264754, 29.930986], [120.265296, 29.924499], [120.2744, 29.919531], [120.284144, 29.922159], [120.291034, 29.935666], [120.312048, 29.927702], [120.325188, 29.93854], [120.326073, 29.946216], [120.340493, 29.956068], [120.346447, 29.973797], [120.360473, 29.973674], [120.364312, 29.978516], [120.360473, 29.98857], [120.362835, 29.99776], [120.35693, 30.011708], [120.345808, 30.019707], [120.343593, 30.034924], [120.331831, 30.037918], [120.324941, 30.048621], [120.33818, 30.060881], [120.338623, 30.070229], [120.333701, 30.09548], [120.313327, 30.107078], [120.299302, 30.097365], [120.286851, 30.106791], [120.300286, 30.118348], [120.303731, 30.126666], [120.297825, 30.128182], [120.312245, 30.1374], [120.318002, 30.12601], [120.327993, 30.125191], [120.339607, 30.142112], [120.353386, 30.142194], [120.352008, 30.150674], [120.358751, 30.147847], [120.37317, 30.155507], [120.387835, 30.156163], [120.399007, 30.136335], [120.411359, 30.132607], [120.410867, 30.149527], [120.420956, 30.152763], [120.426074, 30.144283], [120.422875, 30.135884], [120.429617, 30.132443], [120.44694, 30.135434], [120.452304, 30.15137], [120.459243, 30.151165], [120.46131, 30.168041], [120.484096, 30.172218], [120.498072, 30.169187], [120.506143, 30.159767], [120.518495, 30.155384], [120.529371, 30.157514], [120.550927, 30.15563], [120.563427, 30.147929], [120.568348, 30.151329], [120.593496, 30.146782], [120.609145, 30.152845], [120.612787, 30.16628], [120.642708, 30.217258], [120.669037, 30.23314], [120.693939, 30.262032], [120.721941, 30.286334]]]]}, "properties": {"adcode": 330100, "name": "杭州市", "areas": ["浙西茶区"], "areaLabel": "浙西茶区", "pointCount": 2, "layer": "tea_city"}}, {"type": "Feature", "geometry": {"type": "MultiPolygon", "coordinates": [[[[118.868878, 30.10144], [118.85005, 30.110458], [118.82107, 30.102728], [118.789945, 30.078299], [118.767972, 30.076796], [118.754626, 30.080608], [118.743139, 30.092743], [118.730365, 30.070298], [118.69781, 30.056818], [118.694807, 30.036675], [118.688754, 30.028993], [118.669021, 30.023675], [118.651004, 30.024534], [118.628029, 30.016529], [118.614493, 30.001805], [118.618592, 29.997399], [118.614016, 29.980469], [118.605818, 29.971654], [118.583463, 29.968321], [118.574931, 29.963751], [118.564588, 29.947569], [118.548668, 29.945203], [118.524741, 29.967407], [118.520784, 29.975201], [118.524502, 29.992508], [118.520403, 29.99885], [118.509297, 29.998312], [118.50577, 29.99138], [118.498716, 30.005997], [118.498096, 30.018141], [118.513492, 30.030659], [118.514016, 30.038932], [118.494474, 30.072124], [118.477696, 30.076527], [118.468926, 30.082434], [118.449955, 30.102621], [118.417734, 30.097306], [118.404483, 30.099615], [118.394807, 30.106271], [118.384607, 30.097145], [118.370642, 30.099722], [118.355103, 30.111908], [118.356962, 30.121945], [118.347477, 30.134289], [118.339326, 30.16584], [118.326647, 30.175282], [118.31149, 30.193197], [118.290708, 30.199526], [118.289946, 30.219046], [118.286562, 30.232879], [118.271881, 30.238186], [118.267782, 30.243333], [118.266638, 30.259842], [118.271404, 30.269865], [118.292472, 30.283691], [118.304912, 30.284387], [118.320546, 30.293764], [118.31211, 30.292907], [118.294903, 30.302122], [118.307629, 30.309301], [118.310203, 30.32055], [118.302052, 30.329709], [118.299765, 30.340796], [118.305532, 30.351399], [118.295141, 30.358306], [118.300289, 30.370139], [118.280365, 30.372387], [118.278173, 30.38031], [118.265684, 30.376402], [118.255913, 30.378437], [118.250337, 30.394816], [118.237801, 30.40049], [118.221452, 30.414351], [118.222977, 30.423929], [118.215399, 30.438322], [118.228077, 30.439713], [118.231604, 30.445651], [118.225217, 30.455013], [118.213873, 30.461271], [118.21373, 30.466833], [118.196571, 30.468652], [118.185847, 30.46448], [118.188039, 30.474481], [118.16864, 30.453033], [118.181128, 30.447844], [118.163254, 30.446775], [118.15782, 30.434309], [118.142901, 30.433828], [118.130175, 30.429601], [118.125027, 30.423662], [118.107582, 30.42928], [118.109774, 30.452712], [118.103435, 30.465229], [118.118211, 30.483252], [118.121118, 30.493091], [118.130747, 30.49817], [118.117591, 30.509238], [118.089612, 30.51731], [118.075218, 30.515011], [118.053721, 30.503677], [118.034941, 30.498438], [118.016924, 30.500576], [117.985751, 30.498705], [117.970118, 30.512231], [117.963635, 30.508436], [117.951481, 30.489134], [117.945904, 30.466726], [117.945904, 30.455066], [117.938564, 30.425106], [117.941233, 30.413602], [117.952911, 30.403594], [117.953197, 30.392568], [117.938278, 30.378115], [117.91659, 30.366552], [117.928125, 30.357289], [117.940137, 30.33469], [117.925361, 30.33078], [117.932034, 30.326335], [117.928507, 30.319747], [117.920356, 30.320014], [117.907677, 30.309783], [117.91292, 30.299283], [117.902196, 30.294246], [117.886419, 30.293228], [117.888516, 30.269597], [117.863206, 30.266435], [117.842997, 30.260378], [117.824932, 30.241617], [117.829317, 30.225212], [117.858345, 30.21733], [117.8613, 30.209072], [117.852863, 30.191749], [117.846953, 30.192286], [117.831366, 30.182202], [117.820404, 30.182577], [117.797811, 30.163694], [117.778125, 30.156719], [117.743187, 30.154037], [117.698955, 30.143466], [117.682606, 30.132733], [117.68661, 30.126132], [117.673264, 30.122106], [117.676219, 30.107936], [117.662491, 30.108902], [117.655866, 30.115451], [117.646143, 30.114484], [117.642901, 30.105627], [117.631176, 30.099293], [117.615351, 30.111693], [117.61049, 30.131499], [117.599765, 30.129781], [117.584846, 30.118027], [117.572739, 30.115719], [117.568736, 30.107399], [117.560299, 30.103748], [117.571071, 30.101762], [117.56845, 30.088233], [117.559965, 30.0834], [117.554293, 30.101601], [117.545618, 30.101601], [117.541043, 30.11062], [117.528983, 30.099561], [117.535371, 30.083776], [117.544093, 30.086783], [117.53599, 30.076581], [117.542091, 30.052844], [117.511491, 30.037105], [117.492806, 30.034903], [117.461777, 30.037965], [117.446476, 30.02303], [117.433273, 30.02072], [117.411538, 30.030444], [117.394093, 30.029745], [117.386372, 30.011048], [117.349813, 30.008254], [117.324217, 29.99799], [117.309155, 29.999065], [117.297668, 29.992777], [117.267401, 29.98321], [117.260156, 29.985253], [117.206152, 29.974288], [117.203102, 29.965149], [117.206248, 29.927511], [117.21702, 29.92692], [117.246238, 29.915088], [117.253722, 29.90901], [117.261777, 29.880659], [117.25682, 29.859512], [117.249336, 29.846111], [117.257392, 29.831255], [117.271214, 29.830071], [117.278173, 29.825118], [117.292425, 29.822803], [117.297239, 29.836853], [117.303007, 29.840352], [117.325695, 29.843851], [117.333273, 29.850578], [117.338612, 29.847887], [117.347906, 29.822319], [117.356248, 29.813705], [117.375981, 29.818066], [117.384084, 29.843635], [117.403292, 29.84891], [117.418783, 29.850417], [117.424789, 29.834646], [117.409155, 29.802613], [117.413588, 29.78802], [117.434703, 29.761143], [117.44314, 29.758935], [117.455104, 29.749184], [117.457249, 29.725315], [117.451862, 29.695942], [117.474217, 29.668339], [117.493759, 29.65955], [117.516543, 29.663379], [117.530556, 29.65405], [117.523454, 29.629619], [117.534274, 29.598545], [117.54333, 29.588563], [117.546238, 29.594337], [117.557963, 29.590128], [117.574074, 29.591099], [117.586467, 29.584732], [117.608726, 29.591585], [117.628316, 29.606207], [117.647954, 29.614893], [117.661443, 29.611818], [117.668974, 29.596981], [117.678983, 29.59547], [117.682225, 29.587268], [117.682987, 29.568002], [117.69047, 29.555912], [117.707677, 29.549002], [117.736038, 29.551539], [117.753054, 29.560392], [117.770928, 29.557099], [117.794951, 29.570323], [117.807296, 29.573561], [117.822787, 29.571834], [117.829889, 29.563846], [117.852005, 29.554994], [117.863588, 29.55413], [117.876505, 29.546195], [117.889851, 29.545817], [117.920785, 29.554508], [117.938707, 29.549596], [117.954913, 29.565087], [117.964874, 29.569999], [117.984703, 29.561633], [117.994665, 29.573183], [118.003864, 29.578094], [118.014112, 29.577285], [118.042949, 29.566275], [118.050718, 29.543172], [118.082653, 29.533778], [118.103435, 29.530647], [118.109536, 29.521954], [118.13456, 29.508778], [118.142996, 29.499867], [118.143807, 29.489767], [118.127648, 29.472049], [118.137992, 29.454868], [118.138611, 29.437684], [118.12946, 29.432604], [118.136085, 29.418876], [118.163635, 29.412066], [118.1766, 29.404714], [118.188135, 29.406119], [118.193044, 29.395253], [118.204245, 29.395415], [118.218115, 29.42039], [118.232939, 29.423903], [118.248525, 29.431307], [118.255723, 29.426173], [118.267782, 29.427848], [118.276266, 29.423417], [118.28618, 29.426713], [118.291376, 29.419957], [118.316113, 29.422606], [118.316018, 29.450545], [118.306581, 29.47945], [118.310537, 29.496032], [118.324407, 29.49695], [118.34762, 29.473994], [118.358725, 29.477073], [118.379793, 29.502567], [118.38394, 29.510398], [118.393044, 29.50732], [118.414969, 29.50975], [118.429507, 29.503647], [118.448954, 29.513422], [118.458249, 29.506348], [118.47903, 29.510938], [118.495904, 29.519578], [118.497858, 29.543982], [118.494903, 29.553698], [118.500575, 29.575666], [118.535227, 29.590614], [118.549907, 29.613382], [118.555055, 29.613382], [118.573883, 29.638357], [118.602052, 29.643696], [118.619974, 29.654104], [118.633511, 29.648765], [118.640946, 29.641916], [118.647333, 29.643372], [118.67393, 29.669094], [118.682319, 29.686454], [118.700813, 29.706452], [118.718687, 29.709201], [118.724645, 29.72262], [118.744712, 29.738786], [118.749049, 29.761143], [118.74433, 29.779618], [118.736513, 29.788451], [118.739945, 29.813274], [118.745999, 29.818173], [118.75944, 29.817151], [118.765922, 29.823073], [118.750956, 29.831632], [118.755627, 29.845412], [118.766923, 29.848964], [118.778744, 29.841913], [118.802624, 29.860642], [118.807724, 29.867638], [118.841328, 29.891312], [118.845522, 29.899112], [118.844902, 29.915249], [118.838706, 29.934502], [118.848287, 29.941278], [118.86392, 29.936976], [118.871976, 29.94687], [118.884702, 29.938912], [118.894664, 29.938051], [118.891566, 29.959881], [118.899478, 29.981437], [118.89209, 29.994819], [118.895093, 30.001214], [118.890327, 30.012015], [118.898048, 30.017227], [118.902576, 30.029047], [118.890565, 30.041242], [118.897333, 30.051877], [118.888134, 30.06235], [118.878839, 30.064659], [118.875455, 30.072017], [118.872929, 30.094622], [118.868878, 30.10144]]]]}, "properties": {"adcode": 341000, "name": "黄山市", "areas": ["浙西茶区"], "areaLabel": "浙西茶区", "pointCount": 1, "layer": "tea_city"}}, {"type": "Feature", "geometry": {"type": "MultiPolygon", "coordinates": [[[[119.234087, 31.627053], [119.23695, 31.625192], [119.258389, 31.632195], [119.282804, 31.642787], [119.299922, 31.654752], [119.316535, 31.671013], [119.328658, 31.704013], [119.321081, 31.707644], [119.321586, 31.715527], [119.331072, 31.727305], [119.321643, 31.73222], [119.305647, 31.733017], [119.304637, 31.767367], [119.307387, 31.776527], [119.314683, 31.777324], [119.320071, 31.797058], [119.314571, 31.796616], [119.313785, 31.813825], [119.320015, 31.825414], [119.332643, 31.836338], [119.3295, 31.845757], [119.342072, 31.859553], [119.364129, 31.857961], [119.372436, 31.845802], [119.387028, 31.846642], [119.40409, 31.832092], [119.422331, 31.829395], [119.429347, 31.832314], [119.432995, 31.825812], [119.443378, 31.828908], [119.432041, 31.840362], [119.42553, 31.852788], [119.419525, 31.852081], [119.423229, 31.871666], [119.437541, 31.876397], [119.448822, 31.885414], [119.46392, 31.881215], [119.468803, 31.871666], [119.508203, 31.851859], [119.550016, 31.856458], [119.556077, 31.862515], [119.559894, 31.85606], [119.570053, 31.854557], [119.576731, 31.848366], [119.586946, 31.847438], [119.59211, 31.835321], [119.589416, 31.826962], [119.597329, 31.827847], [119.605131, 31.822052], [119.605692, 31.806128], [119.615009, 31.796174], [119.629601, 31.801173], [119.644643, 31.795554], [119.650817, 31.777678], [119.656541, 31.773607], [119.688196, 31.769402], [119.693303, 31.756966], [119.706717, 31.747139], [119.708289, 31.737931], [119.723892, 31.732928], [119.74, 31.731157], [119.734724, 31.74373], [119.736295, 31.7621], [119.748755, 31.780333], [119.757342, 31.786218], [119.763965, 31.808119], [119.790456, 31.806968], [119.785461, 31.816745], [119.790344, 31.826564], [119.800503, 31.833331], [119.811784, 31.852213], [119.782262, 31.852081], [119.769914, 31.847615], [119.763348, 31.8569], [119.764077, 31.872595], [119.75521, 31.880331], [119.771823, 31.900839], [119.780466, 31.901634], [119.781757, 31.913875], [119.759643, 31.921121], [119.760485, 31.926644], [119.78389, 31.919354], [119.789446, 31.926909], [119.777154, 31.944624], [119.767613, 31.949306], [119.778165, 31.984106], [119.775639, 31.986446], [119.784788, 32.012315], [119.777435, 32.014257], [119.796293, 32.049032], [119.804768, 32.056091], [119.822223, 32.055827], [119.829014, 32.0519], [119.843831, 32.059841], [119.859939, 32.051547], [119.869593, 32.058121], [119.878629, 32.042193], [119.883736, 32.039281], [119.890864, 32.046164], [119.895972, 32.040163], [119.905906, 32.015361], [119.919712, 32.003663], [119.951704, 32.002339], [119.975501, 32.006886], [119.948729, 32.047488], [119.930601, 32.078942], [119.894063, 32.182889], [119.891987, 32.201083], [119.87846, 32.247542], [119.869537, 32.262686], [119.852699, 32.28192], [119.834571, 32.295694], [119.819192, 32.302514], [119.802299, 32.312809], [119.786022, 32.317912], [119.768623, 32.318924], [119.745163, 32.313865], [119.730683, 32.30401], [119.708401, 32.276374], [119.688589, 32.282492], [119.678094, 32.270125], [119.661368, 32.263742], [119.633923, 32.257755], [119.627581, 32.248731], [119.629714, 32.227728], [119.621744, 32.217423], [119.622081, 32.237415], [119.615795, 32.250668], [119.607207, 32.252913], [119.597947, 32.246265], [119.599406, 32.234553], [119.570894, 32.230062], [119.570838, 32.271621], [119.577854, 32.273029], [119.576395, 32.28456], [119.544852, 32.282756], [119.546424, 32.278839], [119.536714, 32.267924], [119.514769, 32.248907], [119.504442, 32.254938], [119.478569, 32.261277], [119.462461, 32.26251], [119.433893, 32.257535], [119.412678, 32.246617], [119.396738, 32.235126], [119.388375, 32.225086], [119.367609, 32.225526], [119.336403, 32.230987], [119.286115, 32.23288], [119.254966, 32.23222], [119.229036, 32.222179], [119.241664, 32.216278], [119.221403, 32.201127], [119.216239, 32.190686], [119.191095, 32.1854], [119.184529, 32.189629], [119.154446, 32.186193], [119.13671, 32.193374], [119.121332, 32.187603], [119.086871, 32.178527], [119.078677, 32.178747], [119.076039, 32.161695], [119.047976, 32.161254], [119.058472, 32.15645], [119.039333, 32.157023], [119.031756, 32.14865], [119.022383, 32.130886], [119.00925, 32.12467], [119.008913, 32.115941], [119.026649, 32.115941], [119.049772, 32.109768], [119.057686, 32.102228], [119.069248, 32.107916], [119.079799, 32.107343], [119.089733, 32.089704], [119.098882, 32.091027], [119.098489, 32.07162], [119.08659, 32.053224], [119.092652, 32.037604], [119.097928, 32.011256], [119.092371, 32.004105], [119.10281, 32.004899], [119.112464, 32.000441], [119.114204, 31.988212], [119.121612, 31.984812], [119.121107, 31.977571], [119.113923, 31.979823], [119.111061, 31.96949], [119.102979, 31.965603], [119.090126, 31.974126], [119.073738, 31.969622], [119.06487, 31.97342], [119.046854, 31.968562], [119.02923, 31.95708], [119.029455, 31.950013], [119.037537, 31.93897], [119.051512, 31.935922], [119.06762, 31.940207], [119.104157, 31.933624], [119.108423, 31.922977], [119.111173, 31.901634], [119.116449, 31.890497], [119.107806, 31.885149], [119.100341, 31.865787], [119.092427, 31.860437], [119.075421, 31.864195], [119.069753, 31.868793], [119.043374, 31.854424], [119.032822, 31.853761], [119.025919, 31.846376], [119.003357, 31.845757], [118.979672, 31.842352], [118.969457, 31.834613], [118.970411, 31.826077], [118.986407, 31.81785], [118.998137, 31.80166], [119.006387, 31.798607], [119.002908, 31.783431], [118.982534, 31.782988], [118.980458, 31.764667], [118.998867, 31.76719], [119.00504, 31.777766], [119.021541, 31.778607], [119.029679, 31.784714], [119.055665, 31.788962], [119.065768, 31.78197], [119.077105, 31.783962], [119.077835, 31.773916], [119.089902, 31.769624], [119.093999, 31.756036], [119.105392, 31.751344], [119.114428, 31.740233], [119.12498, 31.735806], [119.129245, 31.723586], [119.138674, 31.722125], [119.157701, 31.699362], [119.186437, 31.694136], [119.190422, 31.687049], [119.186605, 31.677658], [119.192274, 31.659847], [119.187335, 31.649168], [119.204734, 31.646642], [119.212423, 31.627718], [119.232516, 31.632283], [119.234087, 31.627053]]]]}, "properties": {"adcode": 321100, "name": "镇江市", "areas": ["浙西茶区"], "areaLabel": "浙西茶区", "pointCount": 1, "layer": "tea_city"}}, {"type": "Feature", "geometry": {"type": "MultiPolygon", "coordinates": [[[[119.919993, 31.17091], [119.921059, 31.1612], [119.936775, 31.146543], [119.94626, 31.106215], [119.969776, 31.074298], [119.988522, 31.059226], [120.001711, 31.027114], [120.017034, 31.017791], [120.052449, 31.005745], [120.103971, 30.965223], [120.111043, 30.955894], [120.135121, 30.941875], [120.149657, 30.937455], [120.221778, 30.926873], [120.250739, 30.926248], [120.308099, 30.932276], [120.343514, 30.94], [120.371127, 30.948751], [120.359453, 30.931919], [120.362709, 30.921648], [120.356928, 30.908875], [120.360127, 30.892795], [120.357994, 30.887077], [120.364673, 30.880465], [120.372418, 30.882163], [120.379434, 30.890785], [120.3947, 30.890785], [120.423492, 30.903069], [120.417992, 30.925578], [120.423436, 30.927453], [120.434998, 30.920799], [120.442294, 30.900612], [120.436345, 30.896949], [120.439544, 30.885201], [120.45234, 30.867911], [120.441284, 30.856292], [120.454473, 30.849634], [120.460422, 30.839846], [120.460984, 30.828269], [120.455259, 30.816825], [120.477204, 30.800014], [120.476979, 30.785571], [120.489439, 30.763432], [120.504425, 30.757974], [120.518231, 30.773227], [120.563805, 30.835511], [120.580867, 30.845656], [120.588949, 30.854416], [120.60298, 30.848919], [120.615496, 30.849589], [120.626216, 30.856069], [120.644176, 30.855354], [120.655401, 30.847489], [120.658713, 30.865274], [120.66309, 30.861342], [120.673642, 30.87573], [120.68279, 30.882565], [120.699909, 30.867821], [120.704286, 30.872959], [120.702546, 30.884039], [120.713266, 30.885067], [120.709843, 30.907535], [120.712705, 30.919683], [120.70945, 30.933169], [120.697551, 30.950358], [120.684474, 30.95518], [120.698225, 30.970803], [120.705521, 30.966473], [120.710067, 30.971919], [120.725614, 30.971517], [120.736109, 30.963706], [120.745931, 30.9625], [120.760692, 30.975445], [120.770177, 30.978078], [120.769953, 30.996642], [120.802898, 31.005388], [120.820914, 31.006369], [120.840053, 30.997803], [120.847406, 30.989592], [120.853692, 30.993206], [120.865646, 30.989815], [120.86806, 30.995348], [120.891352, 31.003737], [120.895168, 31.017345], [120.901342, 31.017479], [120.901959, 31.037641], [120.894551, 31.053875], [120.902128, 31.085666], [120.892193, 31.094181], [120.869575, 31.097212], [120.856778, 31.102828], [120.857901, 31.108533], [120.870585, 31.119719], [120.872325, 31.127161], [120.881305, 31.134736], [120.905383, 31.134202], [120.930359, 31.14142], [120.983902, 31.131706], [121.018475, 31.134113], [121.025659, 31.140751], [121.041823, 31.13888], [121.041486, 31.14984], [121.062533, 31.153137], [121.065733, 31.148593], [121.077014, 31.158438], [121.075442, 31.173449], [121.062646, 31.224655], [121.064329, 31.246153], [121.060962, 31.246509], [121.063263, 31.267913], [121.080437, 31.270138], [121.084703, 31.287622], [121.090147, 31.291893], [121.09879, 31.276233], [121.105469, 31.273653], [121.11501, 31.285265], [121.120342, 31.286154], [121.143017, 31.275477], [121.154242, 31.276723], [121.161314, 31.283975], [121.151267, 31.291937], [121.143803, 31.309685], [121.139649, 31.302969], [121.12994, 31.302613], [121.127246, 31.319291], [121.133307, 31.325561], [121.130445, 31.344191], [121.117985, 31.343435], [121.117255, 31.351704], [121.108332, 31.350637], [121.109286, 31.364684], [121.12023, 31.368684], [121.113776, 31.374462], [121.148461, 31.385395], [121.143803, 31.392327], [121.158844, 31.4101], [121.146272, 31.421072], [121.164288, 31.427203], [121.162717, 31.432222], [121.14689, 31.437241], [121.147339, 31.443947], [121.160921, 31.449676], [121.174952, 31.449276], [121.186065, 31.454339], [121.186065, 31.460822], [121.214352, 31.479114], [121.219067, 31.475207], [121.230348, 31.477427], [121.234725, 31.492698], [121.240899, 31.493675], [121.247073, 31.477072], [121.261441, 31.478848], [121.26885, 31.48746], [121.298596, 31.4915], [121.299943, 31.499756], [121.310326, 31.505925], [121.319923, 31.499711], [121.343496, 31.512049], [121.372232, 31.553224], [121.345573, 31.571676], [121.289111, 31.616282], [121.145318, 31.753911], [121.11849, 31.75909], [121.101204, 31.762542], [121.076845, 31.777014], [121.060625, 31.783077], [120.959488, 31.783032], [120.932884, 31.786705], [120.916664, 31.793652], [120.883831, 31.834702], [120.860314, 31.873037], [120.853467, 31.888641], [120.803123, 31.988432], [120.790102, 31.998101], [120.78202, 32.015979], [120.76159, 32.020437], [120.70249, 32.013375], [120.652651, 32.002383], [120.628405, 32.001147], [120.588276, 32.009711], [120.553141, 32.021143], [120.52463, 32.030455], [120.503807, 32.041002], [120.465642, 32.045811], [120.403736, 32.016199], [120.387853, 32.006665], [120.370678, 31.990817], [120.368882, 31.961099], [120.375337, 31.941709], [120.390322, 31.932211], [120.39049, 31.925849], [120.379322, 31.91414], [120.392062, 31.905302], [120.402389, 31.907379], [120.425007, 31.898408], [120.449534, 31.891955], [120.466484, 31.889967], [120.468841, 31.879623], [120.490898, 31.871313], [120.502067, 31.852125], [120.503302, 31.841733], [120.514415, 31.841512], [120.531309, 31.827847], [120.529962, 31.814666], [120.522553, 31.806305], [120.531533, 31.787811], [120.544386, 31.787148], [120.555499, 31.79405], [120.558361, 31.785732], [120.570708, 31.793784], [120.584235, 31.782147], [120.588556, 31.762542], [120.594842, 31.760418], [120.600006, 31.744616], [120.581709, 31.727615], [120.585076, 31.71442], [120.600792, 31.70884], [120.584908, 31.692807], [120.570035, 31.688909], [120.562851, 31.680493], [120.568744, 31.668576], [120.561055, 31.655682], [120.571719, 31.655771], [120.592148, 31.650276], [120.595853, 31.643762], [120.589566, 31.636538], [120.595572, 31.631397], [120.592092, 31.625059], [120.600623, 31.617124], [120.591475, 31.611494], [120.577107, 31.614154], [120.566443, 31.601918], [120.55707, 31.600322], [120.553085, 31.605598], [120.543095, 31.601741], [120.547978, 31.576598], [120.563637, 31.579614], [120.567397, 31.584004], [120.584235, 31.585157], [120.594562, 31.576022], [120.599276, 31.548477], [120.605787, 31.525229], [120.595628, 31.517153], [120.592766, 31.527536], [120.568576, 31.51236], [120.555218, 31.507567], [120.548483, 31.497403], [120.555218, 31.480313], [120.536135, 31.467083], [120.523844, 31.46837], [120.515986, 31.464418], [120.51739, 31.457847], [120.501394, 31.457536], [120.495781, 31.447944], [120.480571, 31.449143], [120.460198, 31.445501], [120.438197, 31.448788], [120.418834, 31.448388], [120.355805, 31.416452], [120.335544, 31.407345], [120.253096, 31.366106], [120.209599, 31.345658], [120.173735, 31.308795], [120.110201, 31.263998], [119.919993, 31.17091]]]]}, "properties": {"adcode": 320500, "name": "苏州市", "areas": ["浙西茶区"], "areaLabel": "浙西茶区", "pointCount": 1, "layer": "tea_city"}}, {"type": "Feature", "geometry": {"type": "MultiPolygon", "coordinates": [[[[105.459219, 31.52698], [105.416215, 31.558487], [105.395834, 31.561588], [105.393258, 31.618369], [105.366269, 31.615596], [105.333009, 31.630276], [105.345103, 31.677235], [105.317555, 31.702988], [105.315315, 31.71855], [105.284518, 31.700951], [105.25361, 31.707306], [105.284406, 31.72914], [105.283062, 31.740218], [105.311395, 31.744128], [105.3077, 31.771327], [105.288774, 31.793716], [105.264137, 31.790541], [105.262233, 31.77841], [105.243755, 31.795181], [105.251482, 31.816587], [105.243195, 31.830014], [105.205231, 31.837094], [105.223261, 31.882078], [105.203327, 31.90509], [105.18317, 31.91135], [105.205343, 31.945652], [105.185185, 31.965399], [105.187761, 31.983029], [105.174211, 31.999518], [105.194144, 31.996025], [105.208591, 32.0117], [105.215198, 32.004229], [105.235692, 32.016492], [105.25193, 31.982866], [105.26436, 32.031514], [105.250026, 32.033138], [105.252602, 32.082651], [105.286198, 32.108777], [105.262569, 32.126623], [105.28575, 32.139762], [105.275111, 32.15598], [105.251706, 32.16725], [105.273096, 32.193189], [105.240395, 32.204292], [105.262233, 32.225198], [105.252826, 32.236297], [105.27052, 32.263027], [105.268504, 32.27809], [105.254394, 32.271611], [105.238043, 32.287401], [105.254954, 32.300679], [105.247562, 32.32051], [105.218894, 32.316059], [105.208815, 32.306831], [105.176674, 32.302621], [105.112729, 32.310797], [105.08742, 32.30335], [105.082605, 32.283596], [105.044865, 32.287563], [105.032994, 32.265133], [104.995255, 32.247557], [105.00007, 32.266429], [104.976553, 32.293069], [104.964458, 32.297359], [104.974649, 32.334592], [104.940381, 32.333621], [104.911712, 32.326175], [104.884611, 32.355144], [104.856278, 32.357329], [104.840712, 32.35118], [104.822458, 32.370434], [104.804316, 32.374155], [104.773856, 32.400116], [104.775423, 32.414913], [104.755938, 32.436336], [104.761649, 32.445955], [104.749218, 32.464623], [104.759745, 32.493871], [104.750002, 32.505341], [104.754818, 32.52642], [104.745971, 32.536351], [104.709687, 32.553952], [104.655933, 32.56049], [104.651117, 32.579619], [104.634207, 32.597211], [104.618977, 32.600842], [104.617745, 32.627464], [104.635775, 32.668511], [104.596355, 32.693259], [104.582805, 32.72219], [104.555144, 32.733792], [104.526699, 32.728394], [104.510237, 32.754495], [104.458947, 32.748534], [104.447524, 32.761743], [104.422103, 32.768831], [104.421655, 32.780588], [104.371709, 32.805949], [104.365325, 32.821564], [104.330161, 32.824622], [104.294325, 32.835728], [104.28895, 32.870325], [104.277079, 32.891317], [104.247851, 32.877564], [104.220302, 32.896143], [104.217278, 32.908767], [104.195664, 32.916888], [104.158821, 32.956998], [104.113466, 32.99982], [104.069231, 33.003114], [104.013461, 33.041258], [103.986472, 33.034674], [103.973705, 33.005122], [103.978521, 32.985602], [103.959371, 32.939879], [103.965082, 32.922114], [103.952988, 32.917451], [103.958027, 32.888422], [103.993975, 32.879334], [103.994535, 32.861154], [103.971466, 32.839671], [104.004614, 32.814159], [104.032387, 32.820357], [104.035522, 32.833073], [104.068895, 32.845224], [104.079309, 32.856971], [104.101035, 32.848201], [104.108314, 32.800635], [104.121305, 32.799911], [104.146502, 32.756589], [104.130152, 32.730327], [104.155909, 32.711473], [104.182786, 32.663431], [104.177634, 32.607054], [104.168451, 32.579377], [104.174835, 32.531345], [104.162292, 32.521332], [104.144486, 32.473754], [104.0951, 32.467694], [104.132279, 32.492094], [104.129368, 32.530457], [104.084237, 32.569127], [104.068335, 32.608426], [104.065871, 32.631013], [104.035634, 32.651578], [104.007973, 32.641578], [103.993303, 32.647788], [103.922415, 32.635771], [103.890387, 32.638997], [103.877508, 32.621333], [103.853095, 32.61367], [103.84492, 32.584058], [103.906961, 32.51051], [103.902817, 32.496617], [103.914576, 32.432699], [103.889155, 32.364852], [103.904497, 32.347053], [103.898002, 32.341227], [103.921295, 32.315411], [103.960155, 32.304564], [103.981768, 32.305617], [104.022756, 32.265214], [104.033507, 32.248691], [104.066655, 32.249258], [104.075838, 32.237513], [104.131048, 32.223011], [104.135751, 32.234677], [104.162292, 32.250473], [104.159828, 32.25995], [104.182114, 32.308936], [104.211455, 32.298412], [104.209439, 32.285053], [104.247515, 32.24942], [104.257481, 32.214746], [104.221757, 32.215394], [104.18189, 32.196593], [104.158821, 32.176491], [104.156581, 32.158899], [104.142134, 32.149655], [104.152885, 32.125893], [104.129032, 32.140248], [104.100587, 32.125001], [104.048961, 32.131408], [103.994983, 32.118917], [103.974713, 32.140897], [103.938877, 32.146817], [103.922527, 32.143087], [103.897442, 32.155736], [103.850743, 32.161331], [103.855111, 32.126704], [103.826778, 32.130354], [103.82689, 32.114375], [103.811995, 32.097987], [103.824874, 32.07056], [103.817147, 32.054732], [103.795869, 32.045965], [103.758241, 31.997894], [103.754882, 31.964342], [103.763617, 31.946384], [103.817931, 31.939801], [103.845704, 31.921187], [103.876836, 31.917854], [103.886131, 31.929234], [103.920623, 31.942239], [103.957691, 31.903545], [103.975497, 31.85605], [104.01738, 31.862232], [104.030707, 31.846938], [104.046497, 31.849297], [104.061055, 31.829038], [104.080093, 31.838639], [104.127576, 31.828712], [104.132951, 31.815936], [104.152213, 31.815855], [104.169795, 31.779876], [104.171027, 31.732317], [104.147734, 31.727104], [104.142694, 31.715454], [104.103163, 31.710321], [104.09398, 31.693535], [104.116937, 31.677724], [104.098459, 31.648622], [104.102715, 31.630602], [104.132727, 31.605319], [104.146054, 31.564934], [104.16106, 31.55612], [104.152325, 31.541755], [104.155685, 31.519061], [104.170579, 31.512366], [104.185586, 31.520286], [104.202944, 31.51457], [104.236428, 31.463608], [104.27092, 31.45936], [104.285702, 31.436318], [104.311011, 31.427738], [104.326914, 31.399294], [104.347407, 31.381798], [104.358158, 31.386376], [104.37574, 31.373784], [104.387051, 31.382861], [104.418295, 31.374847], [104.478545, 31.385068], [104.477313, 31.405588], [104.496911, 31.407795], [104.523676, 31.44261], [104.585045, 31.402482], [104.590532, 31.375665], [104.586165, 31.357674], [104.656829, 31.33109], [104.658172, 31.311127], [104.670827, 31.299998], [104.677434, 31.266849], [104.697256, 31.274298], [104.724917, 31.271351], [104.731524, 31.281174], [104.74877, 31.275117], [104.741939, 31.232623], [104.713942, 31.216079], [104.719654, 31.16266], [104.743507, 31.167168], [104.756721, 31.146104], [104.757393, 31.144219], [104.762321, 31.132004], [104.788974, 31.130283], [104.791885, 31.118394], [104.774751, 31.099616], [104.80678, 31.067135], [104.819882, 31.064182], [104.82593, 31.023564], [104.83836, 31.013878], [104.82593, 30.997625], [104.846311, 30.981368], [104.85471, 30.959442], [104.841496, 30.946465], [104.870165, 30.946465], [104.875652, 30.937757], [104.876772, 30.937347], [104.891554, 30.936607], [104.894578, 30.936936], [104.903649, 30.943015], [104.904769, 30.943425], [104.931646, 30.945808], [104.947436, 30.912124], [104.945308, 30.897496], [104.967482, 30.894949], [104.960427, 30.865029], [104.992007, 30.870125], [104.987192, 30.843076], [104.998502, 30.805901], [105.025267, 30.781878], [105.07051, 30.771756], [105.081149, 30.755873], [105.115865, 30.759247], [105.118329, 30.750276], [105.156517, 30.732496], [105.157972, 30.706313], [105.168723, 30.706395], [105.215198, 30.734718], [105.243979, 30.726074], [105.248682, 30.739164], [105.271976, 30.751428], [105.260441, 30.822845], [105.232332, 30.846283], [105.228636, 30.877359], [105.200192, 30.886154], [105.194256, 30.897003], [105.208815, 30.906207], [105.177346, 30.960181], [105.193808, 30.964698], [105.194704, 30.992042], [105.174771, 31.045967], [105.189889, 31.054993], [105.199968, 31.075995], [105.193248, 31.08592], [105.223933, 31.107653], [105.241179, 31.101831], [105.296837, 31.106341], [105.344431, 31.125938], [105.35395, 31.160611], [105.381275, 31.152907], [105.389338, 31.112081], [105.410728, 31.07255], [105.42831, 31.075749], [105.453955, 31.060162], [105.474225, 31.06369], [105.489903, 31.035874], [105.504462, 31.026518], [105.534362, 31.027011], [105.546009, 31.013632], [105.565831, 31.011252], [105.573334, 30.98884], [105.595843, 30.972582], [105.618689, 30.977591], [105.613873, 30.991303], [105.633807, 31.003289], [105.65822, 30.999923], [105.663372, 31.01749], [105.686665, 31.016341], [105.714102, 31.039321], [105.708727, 31.071237], [105.721717, 31.084197], [105.712198, 31.09691], [105.726197, 31.110769], [105.716678, 31.130365], [105.721381, 31.150366], [105.707047, 31.169216], [105.674346, 31.171757], [105.674682, 31.249492], [105.647805, 31.257598], [105.637615, 31.283548], [105.616673, 31.295579], [105.599091, 31.288704], [105.594163, 31.299834], [105.609058, 31.325527], [105.606482, 31.339598], [105.629775, 31.345896], [105.64243, 31.371168], [105.641646, 31.394797], [105.620928, 31.406651], [105.612193, 31.39635], [105.591252, 31.39725], [105.57255, 31.382043], [105.56863, 31.403136], [105.551048, 31.392753], [105.533018, 31.401582], [105.524059, 31.391364], [105.49875, 31.402482], [105.481168, 31.424224], [105.486992, 31.443918], [105.501662, 31.454866], [105.471313, 31.485826], [105.458211, 31.474717], [105.441973, 31.480517], [105.462802, 31.498974], [105.459219, 31.52698]]]]}, "properties": {"adcode": 510700, "name": "绵阳市", "areas": ["剑南茶区"], "areaLabel": "剑南茶区", "pointCount": 1, "layer": "tea_city"}}, {"type": "Feature", "geometry": {"type": "MultiPolygon", "coordinates": [[[[103.395178, 30.094866], [103.360574, 30.136787], [103.372109, 30.148382], [103.36091, 30.168008], [103.370317, 30.22827], [103.350047, 30.236048], [103.320259, 30.23489], [103.313875, 30.260372], [103.282295, 30.263598], [103.242651, 30.243081], [103.233356, 30.213456], [103.215998, 30.209235], [103.211631, 30.232407], [103.183634, 30.248128], [103.147238, 30.207], [103.076798, 30.220242], [103.071534, 30.260951], [103.061456, 30.270464], [103.068623, 30.294283], [103.062128, 30.302553], [103.079038, 30.324545], [103.091132, 30.326529], [103.127976, 30.367111], [103.116329, 30.380002], [103.115993, 30.413954], [103.12596, 30.451115], [103.141751, 30.470845], [103.162244, 30.472579], [103.185874, 30.511945], [103.180834, 30.525228], [103.157765, 30.530013], [103.166276, 30.555749], [103.147798, 30.585847], [103.126856, 30.593927], [103.135591, 30.624096], [103.13156, 30.65475], [103.119017, 30.670898], [103.103115, 30.672957], [103.068735, 30.716194], [103.031331, 30.703678], [103.033907, 30.719076], [103.005126, 30.74649], [102.992919, 30.778339], [102.962683, 30.769699], [102.897954, 30.765255], [102.863574, 30.798332], [102.889443, 30.865851], [102.889555, 30.900784], [102.875221, 30.923298], [102.852375, 30.936772], [102.828298, 30.928721], [102.801869, 30.93595], [102.75405, 30.916396], [102.708247, 30.915493], [102.686634, 30.888045], [102.679802, 30.857629], [102.667148, 30.850723], [102.590996, 30.847845], [102.56132, 30.821036], [102.532091, 30.811659], [102.52134, 30.794548], [102.493791, 30.790352], [102.469042, 30.768712], [102.4864, 30.744761], [102.494463, 30.713642], [102.486512, 30.685807], [102.473298, 30.670898], [102.47173, 30.640001], [102.443397, 30.618245], [102.43119, 30.596895], [102.417976, 30.524156], [102.419656, 30.452766], [102.434438, 30.421387], [102.425255, 30.384546], [102.432758, 30.355129], [102.414168, 30.303958], [102.402298, 30.234228], [102.341824, 30.200296], [102.328946, 30.187961], [102.29367, 30.128835], [102.295126, 30.101164], [102.268137, 30.077381], [102.276872, 30.039995], [102.274968, 30.017193], [102.292214, 29.993721], [102.303189, 29.954562], [102.299381, 29.934063], [102.284487, 29.917877], [102.282583, 29.896956], [102.270824, 29.881595], [102.291094, 29.854519], [102.291094, 29.838237], [102.323346, 29.824778], [102.326258, 29.799599], [102.344064, 29.789209], [102.353247, 29.76319], [102.32861, 29.736748], [102.336001, 29.720114], [102.305764, 29.699567], [102.296133, 29.683593], [102.277208, 29.603767], [102.284375, 29.590192], [102.31002, 29.575283], [102.318755, 29.551958], [102.314051, 29.53346], [102.203296, 29.456851], [102.175859, 29.466524], [102.178547, 29.512709], [102.16578, 29.532877], [102.145174, 29.53221], [102.145622, 29.504207], [102.13308, 29.510458], [102.090637, 29.496121], [102.033747, 29.500039], [102.012021, 29.49112], [101.97417, 29.489702], [101.94942, 29.503874], [101.935982, 29.50104], [101.950764, 29.462688], [101.95222, 29.437585], [101.984136, 29.422403], [101.972154, 29.38277], [101.9567, 29.367414], [101.949532, 29.344124], [101.960171, 29.314816], [101.983801, 29.299032], [102.046066, 29.297779], [102.096348, 29.2718], [102.123337, 29.238627], [102.119529, 29.221911], [102.093996, 29.208453], [102.056032, 29.177852], [102.088509, 29.173336], [102.109562, 29.185043], [102.129608, 29.176096], [102.131736, 29.159872], [102.160741, 29.130344], [102.15167, 29.102648], [102.168468, 29.07302], [102.156485, 29.045393], [102.16522, 29.036518], [102.188961, 29.024626], [102.180898, 29.013404], [102.22155, 28.962217], [102.253802, 28.898763], [102.29087, 28.899685], [102.319763, 28.883082], [102.352351, 28.854566], [102.381804, 28.855572], [102.429846, 28.845422], [102.454148, 28.873606], [102.481473, 28.920142], [102.482929, 28.932716], [102.46613, 28.969339], [102.471506, 28.983834], [102.497823, 29.003269], [102.507006, 29.025883], [102.525484, 29.036267], [102.517757, 29.058454], [102.524476, 29.077457], [102.514845, 29.09361], [102.522236, 29.111602], [102.547657, 29.116957], [102.559864, 29.133606], [102.552697, 29.150671], [102.563, 29.159955], [102.594692, 29.160039], [102.600515, 29.169991], [102.590884, 29.191983], [102.618993, 29.209707], [102.635791, 29.210793], [102.653373, 29.188053], [102.649006, 29.177601], [102.673419, 29.161544], [102.69828, 29.167064], [102.740388, 29.153348], [102.772192, 29.159621], [102.778575, 29.173336], [102.766817, 29.18705], [102.781487, 29.236705], [102.804556, 29.249908], [102.833113, 29.241886], [102.836585, 29.208035], [102.879812, 29.206112], [102.905457, 29.222245], [102.9124, 29.264531], [102.940397, 29.302874], [102.962347, 29.301871], [103.003894, 29.287171], [102.979817, 29.320578], [102.980377, 29.340367], [102.998519, 29.368332], [102.975449, 29.397791], [102.93211, 29.400545], [102.879364, 29.415896], [102.823146, 29.46569], [102.869957, 29.530044], [102.914416, 29.553208], [102.931998, 29.61634], [102.929646, 29.668115], [102.938493, 29.67677], [102.928751, 29.711047], [102.962011, 29.721944], [102.996055, 29.708302], [103.007702, 29.72552], [103.044546, 29.700066], [103.052497, 29.675522], [103.092028, 29.683177], [103.099083, 29.693827], [103.1282, 29.671527], [103.150038, 29.672443], [103.141303, 29.703145], [103.153845, 29.713293], [103.143654, 29.730926], [103.162916, 29.737829], [103.143206, 29.760862], [103.165156, 29.77034], [103.125064, 29.864154], [103.093708, 29.886992], [103.109946, 29.915636], [103.159781, 29.930162], [103.176915, 29.945931], [103.1964, 29.944355], [103.191249, 29.966344], [103.225965, 29.970659], [103.252506, 30.040078], [103.302341, 30.087574], [103.312531, 30.071745], [103.339856, 30.074729], [103.349599, 30.097684], [103.372221, 30.082105], [103.37838, 30.095944], [103.395178, 30.094866]]]]}, "properties": {"adcode": 511800, "name": "雅安市", "areas": ["剑南茶区"], "areaLabel": "剑南茶区", "pointCount": 1, "layer": "tea_city"}}, {"type": "Feature", "geometry": {"type": "MultiPolygon", "coordinates": [[[[105.420135, 29.314399], [105.395274, 29.308553], [105.389002, 29.286502], [105.386203, 29.284832], [105.384747, 29.283579], [105.384747, 29.283328], [105.383403, 29.281991], [105.368621, 29.285918], [105.366493, 29.287839], [105.365149, 29.292684], [105.364141, 29.291932], [105.339392, 29.281741], [105.318226, 29.263612], [105.287542, 29.218233], [105.281495, 29.188471], [105.266936, 29.188638], [105.256521, 29.17526], [105.271752, 29.160123], [105.244987, 29.135196], [105.250138, 29.119969], [105.207359, 29.070258], [105.188769, 29.056613], [105.187873, 29.027306], [105.214974, 29.016168], [105.234348, 29.026636], [105.269288, 29.009719], [105.267384, 28.979561], [105.239723, 28.956937], [105.267608, 28.939086], [105.254282, 28.9271], [105.244763, 28.937745], [105.225837, 28.934644], [105.217214, 28.95568], [105.205007, 28.951825], [105.201871, 28.929279], [105.167715, 28.92995], [105.162116, 28.947467], [105.145094, 28.942271], [105.166483, 28.9271], [105.177682, 28.907148], [105.203999, 28.896751], [105.202879, 28.869748], [105.21531, 28.818405], [105.225725, 28.807748], [105.2311, 28.777448], [105.240507, 28.774846], [105.204111, 28.746635], [105.216878, 28.739078], [105.219342, 28.715813], [105.203887, 28.709514], [105.21139, 28.696325], [105.201312, 28.673555], [105.167939, 28.65036], [105.172083, 28.607908], [105.207807, 28.569055], [105.203439, 28.548192], [105.226285, 28.540536], [105.237483, 28.523455], [105.234012, 28.49341], [105.206687, 28.457041], [105.191121, 28.445757], [105.228748, 28.449631], [105.229532, 28.451483], [105.230652, 28.450978], [105.2311, 28.449378], [105.295269, 28.449041], [105.293813, 28.435651], [105.32013, 28.427987], [105.32293, 28.386371], [105.3077, 28.371541], [105.287654, 28.369181], [105.306692, 28.359321], [105.310611, 28.339597], [105.336928, 28.313378], [105.331553, 28.292634], [105.339168, 28.280236], [105.333121, 28.256533], [105.348463, 28.205314], [105.344767, 28.185646], [105.358094, 28.153478], [105.350255, 28.140811], [105.275335, 28.134392], [105.224493, 28.099843], [105.225613, 28.098999], [105.225725, 28.09883], [105.226957, 28.094859], [105.226061, 28.094183], [105.220237, 28.091901], [105.204111, 28.073396], [105.17701, 28.066889], [105.18373, 28.040349], [105.167603, 28.023611], [105.184401, 27.996468], [105.215534, 27.990548], [105.246219, 28.009237], [105.270856, 27.995792], [105.269848, 27.978961], [105.283398, 27.959929], [105.280935, 27.929132], [105.264137, 27.91153], [105.248906, 27.912969], [105.234908, 27.898919], [105.250138, 27.844818], [105.244763, 27.822544], [105.27052, 27.818139], [105.314195, 27.81941], [105.313187, 27.81077], [105.287766, 27.807042], [105.273879, 27.795266], [105.292917, 27.771287], [105.287878, 27.742386], [105.290566, 27.712459], [105.309603, 27.705676], [105.327073, 27.727042], [105.339952, 27.729077], [105.353838, 27.748828], [105.368957, 27.749421], [105.440181, 27.77527], [105.458211, 27.767897], [105.477137, 27.774846], [105.517788, 27.764931], [105.537498, 27.753744], [105.550488, 27.72611], [105.60413, 27.71619], [105.604018, 27.700758], [105.619025, 27.687614], [105.623392, 27.667088], [105.643102, 27.659963], [105.66438, 27.683882], [105.702007, 27.676927], [105.721045, 27.684815], [105.722837, 27.705846], [105.784206, 27.719158], [105.842888, 27.705337], [105.868309, 27.732552], [105.921279, 27.747048], [105.929902, 27.728144], [105.985448, 27.74976], [106.023075, 27.746963], [106.062383, 27.763321], [106.063727, 27.777134], [106.12756, 27.778659], [106.19352, 27.754422], [106.224653, 27.760948], [106.268552, 27.782133], [106.295989, 27.803145], [106.341792, 27.820172], [106.317154, 27.838721], [106.34, 27.86531], [106.325889, 27.879364], [106.325777, 27.897988], [106.304836, 27.899342], [106.308083, 27.936748], [106.328353, 27.957983], [106.294309, 28.003656], [106.268888, 28.003318], [106.246266, 28.012027], [106.244139, 28.030543], [106.265528, 28.049816], [106.266648, 28.066551], [106.25153, 28.090296], [106.231484, 28.097985], [106.226221, 28.115894], [106.207071, 28.134223], [106.145254, 28.162851], [106.122072, 28.167073], [106.093515, 28.162682], [106.060927, 28.143007], [106.027219, 28.131267], [106.036514, 28.110741], [106.01322, 28.119949], [105.976153, 28.108038], [105.970777, 28.131267], [105.945244, 28.143513], [105.936957, 28.132281], [105.903697, 28.129156], [105.895186, 28.11978], [105.876036, 28.128227], [105.8785, 28.139037], [105.860918, 28.159558], [105.870996, 28.201937], [105.889026, 28.238479], [105.874244, 28.254593], [105.862709, 28.248941], [105.845687, 28.259908], [105.823402, 28.306885], [105.797645, 28.312366], [105.785662, 28.336478], [105.771328, 28.319449], [105.78667, 28.308825], [105.740643, 28.304862], [105.738627, 28.277284], [105.730004, 28.272139], [105.688569, 28.284369], [105.670091, 28.310427], [105.639518, 28.32417], [105.654861, 28.362355], [105.643326, 28.431524], [105.612529, 28.438936], [105.619361, 28.463608], [105.609842, 28.473964], [105.627984, 28.507802], [105.684649, 28.534563], [105.683417, 28.557867], [105.69316, 28.588567], [105.720709, 28.590585], [105.747474, 28.615895], [105.757665, 28.590333], [105.78499, 28.611103], [105.798429, 28.603199], [105.884995, 28.595463], [105.905937, 28.611019], [105.890258, 28.62136], [105.895634, 28.64372], [105.889474, 28.67053], [105.904817, 28.669606], [105.935613, 28.681874], [105.934269, 28.703633], [105.955883, 28.713881], [105.967754, 28.761665], [105.979288, 28.746551], [106.008965, 28.738238], [106.030802, 28.695064], [106.080413, 28.686327], [106.10337, 28.636071], [106.144582, 28.644729], [106.165747, 28.636239], [106.192064, 28.577802], [106.236187, 28.560138], [106.254889, 28.539443], [106.292629, 28.537339], [106.305396, 28.50452], [106.330705, 28.48213], [106.378859, 28.479689], [106.373036, 28.526906], [106.350191, 28.5402], [106.34224, 28.532627], [106.332049, 28.55324], [106.346607, 28.583773], [106.324546, 28.616736], [106.329809, 28.634054], [106.304052, 28.649856], [106.321522, 28.664648], [106.308531, 28.672547], [106.305172, 28.704221], [106.287702, 28.732359], [106.273143, 28.739833], [106.267656, 28.779295], [106.252426, 28.785842], [106.244363, 28.814629], [106.264856, 28.846093], [106.206959, 28.904548], [106.173474, 28.920813], [106.149173, 28.901949], [106.101243, 28.898931], [106.070558, 28.919807], [106.04928, 28.906393], [106.039426, 28.917711], [106.043793, 28.954172], [106.017476, 28.952915], [106.000902, 28.974031], [105.970217, 28.966071], [105.944012, 28.939589], [105.909744, 28.920477], [105.90952, 28.900188], [105.889362, 28.909495], [105.888019, 28.926848], [105.875028, 28.933973], [105.852742, 28.927351], [105.830457, 28.944283], [105.797533, 28.935901], [105.803804, 28.947635], [105.788238, 28.978221], [105.761921, 28.993049], [105.765952, 29.013906], [105.744563, 29.046649], [105.757777, 29.06624], [105.729892, 29.098799], [105.735156, 29.122396], [105.752066, 29.129758], [105.728884, 29.134443], [105.721381, 29.169573], [105.704471, 29.175678], [105.711974, 29.218902], [105.693944, 29.267539], [105.695176, 29.287338], [105.715894, 29.290846], [105.705031, 29.299199], [105.678042, 29.27347], [105.665164, 29.276561], [105.666507, 29.252917], [105.647581, 29.253251], [105.631791, 29.280404], [105.607938, 29.255758], [105.609506, 29.272719], [105.583301, 29.270379], [105.558328, 29.278483], [105.51846, 29.264447], [105.509165, 29.285416], [105.476241, 29.279235], [105.465378, 29.29235], [105.466498, 29.32158], [105.420135, 29.314399]]], [[[105.225613, 28.098999], [105.224493, 28.099843], [105.220237, 28.091901], [105.226061, 28.094183], [105.226957, 28.094859], [105.225725, 28.09883], [105.225613, 28.098999]]], [[[105.384747, 29.283579], [105.384747, 29.283328], [105.383403, 29.281991], [105.386203, 29.284832], [105.384747, 29.283579]]], [[[105.230652, 28.450978], [105.229532, 28.451483], [105.228748, 28.449631], [105.2311, 28.449378], [105.230652, 28.450978]]]]}, "properties": {"adcode": 510500, "name": "泸州市", "areas": ["剑南茶区"], "areaLabel": "剑南茶区", "pointCount": 1, "layer": "tea_city"}}, {"type": "Feature", "geometry": {"type": "MultiPolygon", "coordinates": [[[[102.975449, 29.397791], [102.983512, 29.418483], [103.014869, 29.448011], [103.054736, 29.446009], [103.090012, 29.425573], [103.126968, 29.440421], [103.157541, 29.425573], [103.18005, 29.430161], [103.186434, 29.474278], [103.204464, 29.483867], [103.258889, 29.478447], [103.277703, 29.485617], [103.294166, 29.506874], [103.259673, 29.511375], [103.27132, 29.53221], [103.256426, 29.55679], [103.2702, 29.573701], [103.267848, 29.596105], [103.298869, 29.599853], [103.338737, 29.63424], [103.337281, 29.651803], [103.361694, 29.661791], [103.352959, 29.698735], [103.337057, 29.672776], [103.321826, 29.683094], [103.303684, 29.677935], [103.295957, 29.694409], [103.304356, 29.706389], [103.299429, 29.727516], [103.315779, 29.741488], [103.315667, 29.771753], [103.333473, 29.794196], [103.359118, 29.799516], [103.38062, 29.792617], [103.394058, 29.805416], [103.416904, 29.774829], [103.439413, 29.770922], [103.430566, 29.787879], [103.432918, 29.820623], [103.464386, 29.82162], [103.485776, 29.814807], [103.518028, 29.843388], [103.517916, 29.8502], [103.517021, 29.85834], [103.533595, 29.860666], [103.513885, 29.87902], [103.558008, 29.868058], [103.584661, 29.880847], [103.571782, 29.895462], [103.590484, 29.902021], [103.590484, 29.91904], [103.607954, 29.909244], [103.64211, 29.91796], [103.648158, 29.92817], [103.677834, 29.919621], [103.676715, 29.90393], [103.692729, 29.898866], [103.729125, 29.849286], [103.728789, 29.816053], [103.741107, 29.811067], [103.747267, 29.789957], [103.703368, 29.771587], [103.688025, 29.759365], [103.705607, 29.737247], [103.704711, 29.714375], [103.7317, 29.721944], [103.755442, 29.720197], [103.765073, 29.706555], [103.799229, 29.714042], [103.822522, 29.73076], [103.842344, 29.731093], [103.85623, 29.746976], [103.893522, 29.742486], [103.912784, 29.775826], [103.903265, 29.783391], [103.934622, 29.804668], [103.927678, 29.825526], [103.962395, 29.827603], [103.951084, 29.841727], [103.967658, 29.85643], [103.982888, 29.8502], [104.003606, 29.869968], [104.050081, 29.868473], [104.05624, 29.84696], [104.043809, 29.830677], [104.069231, 29.828517], [104.088716, 29.813643], [104.062623, 29.777821], [104.089388, 29.743733], [104.116937, 29.733421], [104.12612, 29.717452], [104.152885, 29.707304], [104.157477, 29.716371], [104.191297, 29.705058], [104.187489, 29.686339], [104.203727, 29.665702], [104.228477, 29.676187], [104.240347, 29.64323], [104.249754, 29.636154], [104.269576, 29.632491], [104.3081, 29.695075], [104.321314, 29.709966], [104.350319, 29.70173], [104.336769, 29.722276], [104.360286, 29.737746], [104.372157, 29.734586], [104.39769, 29.74839], [104.41572, 29.732257], [104.442373, 29.733837], [104.457155, 29.748223], [104.470146, 29.785386], [104.486608, 29.786965], [104.50307, 29.807411], [104.477425, 29.811317], [104.483248, 29.852194], [104.482688, 29.852609], [104.483136, 29.854104], [104.483584, 29.854104], [104.503294, 29.897454], [104.490079, 29.904761], [104.488512, 29.92153], [104.473281, 29.93481], [104.481792, 29.942363], [104.461859, 29.950579], [104.479217, 29.98891], [104.455363, 30.000606], [104.467234, 30.034689], [104.464322, 30.049944], [104.479888, 30.047374], [104.467234, 30.066937], [104.481904, 30.086663], [104.461411, 30.086663], [104.450212, 30.101081], [104.428374, 30.089729], [104.41012, 30.125521], [104.39881, 30.124776], [104.386379, 30.161798], [104.358158, 30.173638], [104.364541, 30.185974], [104.327138, 30.204269], [104.315379, 30.200792], [104.282231, 30.220904], [104.2726, 30.217842], [104.264537, 30.241592], [104.243259, 30.244239], [104.23094, 30.256153], [104.243371, 30.267403], [104.231836, 30.280472], [104.2315, 30.282209], [104.232284, 30.313798], [104.2016, 30.316526], [104.192977, 30.329836], [104.17853, 30.318262], [104.174051, 30.298666], [104.152213, 30.265335], [104.150533, 30.245646], [104.116601, 30.227194], [104.091628, 30.24879], [104.047393, 30.270381], [104.030035, 30.266245], [104.030035, 30.266245], [103.998343, 30.264508], [103.974713, 30.290727], [103.965866, 30.316774], [103.959819, 30.311565], [103.954331, 30.313302], [103.959259, 30.320742], [103.93563, 30.346203], [103.942237, 30.357773], [103.913904, 30.353972], [103.910432, 30.330663], [103.887699, 30.328761], [103.87426, 30.348104], [103.845368, 30.34331], [103.794749, 30.345872], [103.769776, 30.332068], [103.75141, 30.307927], [103.727893, 30.30462], [103.736516, 30.285848], [103.718374, 30.283201], [103.705271, 30.268975], [103.681754, 30.269885], [103.693065, 30.245894], [103.648046, 30.229263], [103.649502, 30.199799], [103.628, 30.214863], [103.617473, 30.195412], [103.597204, 30.203524], [103.533819, 30.178109], [103.544233, 30.161218], [103.533819, 30.146643], [103.504142, 30.128503], [103.486224, 30.104147], [103.474577, 30.131237], [103.450948, 30.132231], [103.468082, 30.114255], [103.462483, 30.096027], [103.4505, 30.096524], [103.443893, 30.117486], [103.439637, 30.119474], [103.395178, 30.094866], [103.37838, 30.095944], [103.372221, 30.082105], [103.349599, 30.097684], [103.339856, 30.074729], [103.312531, 30.071745], [103.302341, 30.087574], [103.252506, 30.040078], [103.225965, 29.970659], [103.191249, 29.966344], [103.1964, 29.944355], [103.176915, 29.945931], [103.159781, 29.930162], [103.109946, 29.915636], [103.093708, 29.886992], [103.125064, 29.864154], [103.165156, 29.77034], [103.143206, 29.760862], [103.162916, 29.737829], [103.143654, 29.730926], [103.153845, 29.713293], [103.141303, 29.703145], [103.150038, 29.672443], [103.1282, 29.671527], [103.099083, 29.693827], [103.092028, 29.683177], [103.052497, 29.675522], [103.044546, 29.700066], [103.007702, 29.72552], [102.996055, 29.708302], [102.962011, 29.721944], [102.928751, 29.711047], [102.938493, 29.67677], [102.929646, 29.668115], [102.931998, 29.61634], [102.914416, 29.553208], [102.869957, 29.530044], [102.823146, 29.46569], [102.879364, 29.415896], [102.93211, 29.400545], [102.975449, 29.397791]]], [[[103.533595, 29.860666], [103.517021, 29.85834], [103.517916, 29.8502], [103.518028, 29.843388], [103.533371, 29.84156], [103.533595, 29.860666]]], [[[103.959259, 30.320742], [103.954331, 30.313302], [103.959819, 30.311565], [103.965866, 30.316774], [103.959259, 30.320742]]], [[[104.483584, 29.854104], [104.483136, 29.854104], [104.482688, 29.852609], [104.483248, 29.852194], [104.483584, 29.854104]]]]}, "properties": {"adcode": 511400, "name": "眉山市", "areas": ["剑南茶区"], "areaLabel": "剑南茶区", "pointCount": 1, "layer": "tea_city"}}, {"type": "Feature", "geometry": {"type": "MultiPolygon", "coordinates": [[[[105.168723, 30.706395], [105.157972, 30.706313], [105.156517, 30.732496], [105.118329, 30.750276], [105.115865, 30.759247], [105.081149, 30.755873], [105.07051, 30.771756], [105.025267, 30.781878], [104.998502, 30.805901], [104.987192, 30.843076], [104.992007, 30.870125], [104.960427, 30.865029], [104.967482, 30.894949], [104.945308, 30.897496], [104.947436, 30.912124], [104.931646, 30.945808], [104.904769, 30.943425], [104.906785, 30.940879], [104.906449, 30.939975], [104.906113, 30.939647], [104.906001, 30.939647], [104.903649, 30.943015], [104.894578, 30.936936], [104.893682, 30.936361], [104.893682, 30.936197], [104.89357, 30.934964], [104.893458, 30.934964], [104.891554, 30.936607], [104.876772, 30.937347], [104.87666, 30.936607], [104.87666, 30.936279], [104.875652, 30.934554], [104.875316, 30.934718], [104.875204, 30.935786], [104.875204, 30.936114], [104.875652, 30.937757], [104.870165, 30.946465], [104.841496, 30.946465], [104.85471, 30.959442], [104.846311, 30.981368], [104.82593, 30.997625], [104.83836, 31.013878], [104.82593, 31.023564], [104.819882, 31.064182], [104.80678, 31.067135], [104.774751, 31.099616], [104.791885, 31.118394], [104.788974, 31.130283], [104.762321, 31.132004], [104.757393, 31.144219], [104.756385, 31.144383], [104.75605, 31.14512], [104.756721, 31.146104], [104.743507, 31.167168], [104.719654, 31.16266], [104.713942, 31.216079], [104.741939, 31.232623], [104.74877, 31.275117], [104.731524, 31.281174], [104.724917, 31.271351], [104.697256, 31.274298], [104.677434, 31.266849], [104.670827, 31.299998], [104.658172, 31.311127], [104.656829, 31.33109], [104.586165, 31.357674], [104.590532, 31.375665], [104.585045, 31.402482], [104.523676, 31.44261], [104.496911, 31.407795], [104.477313, 31.405588], [104.478545, 31.385068], [104.418295, 31.374847], [104.387051, 31.382861], [104.37574, 31.373784], [104.358158, 31.386376], [104.347407, 31.381798], [104.326914, 31.399294], [104.311011, 31.427738], [104.285702, 31.436318], [104.27092, 31.45936], [104.236428, 31.463608], [104.202944, 31.51457], [104.185586, 31.520286], [104.170579, 31.512366], [104.155685, 31.519061], [104.152325, 31.541755], [104.16106, 31.55612], [104.146054, 31.564934], [104.132727, 31.605319], [104.102715, 31.630602], [104.098459, 31.648622], [104.116937, 31.677724], [104.09398, 31.693535], [104.085917, 31.688075], [104.040786, 31.697691], [104.016037, 31.678539], [103.989384, 31.68237], [103.962842, 31.656612], [103.928238, 31.639572], [103.917376, 31.612089], [103.923311, 31.60328], [103.907409, 31.564444], [103.915136, 31.538409], [103.898226, 31.512856], [103.857798, 31.53849], [103.84212, 31.510896], [103.795757, 31.471777], [103.802588, 31.430108], [103.816027, 31.431906], [103.828682, 31.412454], [103.868437, 31.420954], [103.897554, 31.416377], [103.894754, 31.408858], [103.92835, 31.355139], [103.894418, 31.326018], [103.891618, 31.308017], [103.914128, 31.278964], [103.928014, 31.272497], [103.929134, 31.234425], [103.949404, 31.215997], [103.983, 31.200925], [104.014693, 31.167577], [104.009429, 31.153235], [104.022868, 31.142661], [104.019844, 31.103963], [104.057584, 31.07821], [104.060608, 31.0641], [104.094876, 31.032756], [104.10641, 31.031771], [104.10697, 31.032263], [104.117385, 31.017572], [104.143478, 31.01158], [104.166884, 30.993438], [104.166324, 30.951311], [104.142582, 30.925845], [104.149974, 30.91311], [104.168787, 30.918533], [104.202384, 30.91311], [104.21571, 30.8984], [104.244491, 30.896921], [104.288726, 30.90292], [104.322322, 30.891743], [104.351887, 30.902345], [104.367117, 30.93365], [104.389739, 30.925681], [104.39601, 30.942358], [104.44506, 30.940468], [104.465218, 30.9509], [104.495791, 30.935457], [104.511917, 30.935868], [104.533083, 30.917875], [104.520764, 30.882456], [104.585269, 30.862891], [104.596355, 30.864535], [104.613937, 30.847763], [104.629952, 30.852449], [104.640366, 30.837895], [104.698376, 30.825559], [104.718086, 30.771756], [104.732084, 30.778257], [104.750786, 30.726898], [104.768032, 30.71817], [104.788526, 30.721299], [104.78875, 30.694043], [104.800956, 30.690995], [104.818315, 30.664307], [104.821226, 30.643874], [104.842728, 30.649395], [104.847319, 30.631101], [104.819994, 30.598296], [104.819098, 30.580076], [104.858854, 30.582385], [104.859078, 30.611321], [104.878788, 30.617997], [104.886403, 30.609343], [104.910928, 30.625662], [104.932206, 30.617091], [104.93019, 30.601429], [104.953371, 30.612475], [104.970393, 30.586425], [104.963226, 30.56746], [104.983944, 30.529271], [105.025043, 30.530178], [105.022916, 30.546099], [105.048449, 30.545192], [105.066927, 30.53587], [105.079021, 30.543129], [105.094812, 30.584198], [105.117657, 30.602913], [105.130088, 30.624756], [105.153829, 30.640249], [105.142742, 30.653185], [105.146998, 30.669168], [105.161108, 30.672545], [105.174547, 30.697666], [105.168723, 30.706395]]], [[[104.876772, 30.937347], [104.875652, 30.937757], [104.875204, 30.936114], [104.875204, 30.935786], [104.875316, 30.934718], [104.875652, 30.934554], [104.87666, 30.936279], [104.87666, 30.936607], [104.876772, 30.937347]]], [[[104.894578, 30.936936], [104.891554, 30.936607], [104.893458, 30.934964], [104.89357, 30.934964], [104.893682, 30.936197], [104.893682, 30.936361], [104.894578, 30.936936]]], [[[104.904769, 30.943425], [104.903649, 30.943015], [104.906001, 30.939647], [104.906113, 30.939647], [104.906449, 30.939975], [104.906785, 30.940879], [104.904769, 30.943425]]], [[[104.756721, 31.146104], [104.75605, 31.14512], [104.756385, 31.144383], [104.757393, 31.144219], [104.756721, 31.146104]]]]}, "properties": {"adcode": 510600, "name": "德阳市", "areas": ["剑南茶区"], "areaLabel": "剑南茶区", "pointCount": 1, "layer": "tea_city"}}, {"type": "Feature", "geometry": {"type": "MultiPolygon", "coordinates": [[[[120.86702, 30.271729], [120.893447, 30.228843], [120.916233, 30.188394], [120.92765, 30.165215], [120.931194, 30.146618], [120.939461, 30.125723], [120.930455, 30.115192], [120.93828, 30.113021], [120.950141, 30.091012], [120.959737, 30.094537], [120.96766, 30.089987], [120.973861, 30.078305], [120.969924, 30.07027], [120.98144, 30.067359], [120.986656, 30.054402], [120.992562, 30.050425], [120.986509, 30.044274], [120.990151, 30.027787], [121.018202, 30.010765], [121.039511, 30.013923], [121.034737, 30.003955], [121.038133, 29.998704], [121.05142, 30.006786], [121.064413, 30.006827], [121.075781, 30.001986], [121.082621, 29.991072], [121.091627, 29.987257], [121.085869, 29.972648], [121.07647, 29.970391], [121.066135, 29.960829], [121.045072, 29.955616], [121.042021, 29.933203], [121.0308, 29.918792], [121.031637, 29.911073], [121.023172, 29.897357], [121.016578, 29.894934], [121.031096, 29.874602], [121.060574, 29.854143], [121.063133, 29.859032], [121.077011, 29.849007], [121.085771, 29.849295], [121.10649, 29.836228], [121.096499, 29.815966], [121.104964, 29.805485], [121.096007, 29.797839], [121.092612, 29.788959], [121.08208, 29.778433], [121.055111, 29.760669], [121.045515, 29.76729], [121.033999, 29.76877], [121.024796, 29.763918], [121.03518, 29.746439], [121.014954, 29.741667], [121.010722, 29.73525], [121.019727, 29.723403], [121.035869, 29.72114], [121.034787, 29.715997], [121.009639, 29.709003], [121.006785, 29.698592], [121.01397, 29.693119], [121.010229, 29.68674], [120.992956, 29.685259], [120.992414, 29.675833], [121.017759, 29.669742], [121.038428, 29.675751], [121.054226, 29.68567], [121.058802, 29.683859], [121.068399, 29.66686], [121.074895, 29.66085], [121.074206, 29.637259], [121.08774, 29.628077], [121.101716, 29.626265], [121.113281, 29.613745], [121.110181, 29.607444], [121.117562, 29.605508], [121.105702, 29.585447], [121.115643, 29.586724], [121.120417, 29.575601], [121.113478, 29.56596], [121.112986, 29.554834], [121.130948, 29.554174], [121.140348, 29.543006], [121.155702, 29.54177], [121.169334, 29.537112], [121.183557, 29.538802], [121.20585, 29.536947], [121.213183, 29.530311], [121.225585, 29.532908], [121.231539, 29.51308], [121.216726, 29.496795], [121.228488, 29.490733], [121.219827, 29.477785], [121.216972, 29.452666], [121.224059, 29.449242], [121.217514, 29.439217], [121.209197, 29.436742], [121.218252, 29.421146], [121.215102, 29.417267], [121.226815, 29.414749], [121.231441, 29.393825], [121.226421, 29.384662], [121.230063, 29.362658], [121.213134, 29.353575], [121.20024, 29.342384], [121.193399, 29.341434], [121.194187, 29.322189], [121.190742, 29.312358], [121.201077, 29.312482], [121.196992, 29.303229], [121.180899, 29.292033], [121.175289, 29.278274], [121.179325, 29.258727], [121.166824, 29.258892], [121.158852, 29.244756], [121.174403, 29.223095], [121.164708, 29.2116], [121.173517, 29.20639], [121.202701, 29.203578], [121.225338, 29.203868], [121.233705, 29.196797], [121.232966, 29.186623], [121.238872, 29.175745], [121.251028, 29.163542], [121.253045, 29.157172], [121.264364, 29.1544], [121.257622, 29.149311], [121.258754, 29.129243], [121.256096, 29.114055], [121.270713, 29.11033], [121.271746, 29.101803], [121.295221, 29.092696], [121.298616, 29.114593], [121.308213, 29.11451], [121.316973, 29.105653], [121.323813, 29.117159], [121.336609, 29.121959], [121.348715, 29.135574], [121.345418, 29.145173], [121.361904, 29.173305], [121.356343, 29.186044], [121.366924, 29.189146], [121.378784, 29.199236], [121.385378, 29.196921], [121.403833, 29.17864], [121.401225, 29.160978], [121.407032, 29.156882], [121.431048, 29.159778], [121.450044, 29.159612], [121.470517, 29.147615], [121.484542, 29.142856], [121.508361, 29.140622], [121.529719, 29.136277], [121.53592, 29.139795], [121.555802, 29.168961], [121.564267, 29.173056], [121.60846, 29.169127], [121.648814, 29.150924], [121.715596, 29.12498], [121.749947, 29.136691], [121.768008, 29.166686], [121.769386, 29.148277], [121.780557, 29.109626], [121.794238, 29.105197], [121.811167, 29.109916], [121.827014, 29.101845], [121.842368, 29.08835], [121.860036, 29.086404], [121.884494, 29.105446], [121.898077, 29.103956], [121.909642, 29.085866], [121.899406, 29.076426], [121.903835, 29.069056], [121.931591, 29.070713], [121.935085, 29.05183], [121.951621, 29.04744], [121.966138, 29.052866], [121.969829, 29.075888], [121.984396, 29.086942], [121.983314, 29.091454], [121.968747, 29.093028], [121.983363, 29.101224], [121.98853, 29.110992], [121.985381, 29.137601], [121.979278, 29.144842], [121.988284, 29.149269], [121.98666, 29.154855], [121.96043, 29.170575], [121.949111, 29.183314], [121.9373, 29.182859], [121.948619, 29.19324], [121.971896, 29.193364], [121.977457, 29.224087], [121.968008, 29.243888], [121.968304, 29.250006], [121.990991, 29.260793], [122.001965, 29.26009], [121.99852, 29.266124], [122.000243, 29.278811], [121.981099, 29.2841], [121.967566, 29.281414], [121.944829, 29.284182], [121.940892, 29.298271], [121.946552, 29.316695], [121.958363, 29.334373], [121.952064, 29.344119], [121.935971, 29.348124], [121.932231, 29.353451], [121.938579, 29.369512], [121.937693, 29.384125], [121.945814, 29.395311], [121.959642, 29.407156], [121.975538, 29.411159], [121.981493, 29.429934], [121.991729, 29.445942], [121.992074, 29.461411], [121.973127, 29.477991], [121.96668, 29.506566], [121.968993, 29.515595], [121.986414, 29.541193], [121.995076, 29.545108], [121.985774, 29.563776], [121.987201, 29.570616], [122.000292, 29.58244], [121.999751, 29.593686], [121.985381, 29.606291], [121.966089, 29.635859], [121.937595, 29.642571], [121.923422, 29.65167], [121.909593, 29.650105], [121.893845, 29.636559], [121.872486, 29.632483], [121.858953, 29.636601], [121.833559, 29.653111], [121.863234, 29.67925], [121.906443, 29.719247], [121.925538, 29.741256], [121.937595, 29.748536], [121.959199, 29.750017], [122.003146, 29.762273], [122.015991, 29.771936], [122.037595, 29.813747], [122.04857, 29.826036], [122.08479, 29.844528], [122.102212, 29.859649], [122.135922, 29.872261], [122.143058, 29.877724], [122.140155, 29.901751], [122.11673, 29.909964], [122.096257, 29.905036], [122.080115, 29.892634], [122.00979, 29.891114], [122.003442, 29.898999], [122.0029, 29.923186], [121.994534, 29.934599], [121.984396, 29.937637], [121.981739, 29.947037], [121.968008, 29.956519], [121.9529, 29.950732], [121.927113, 29.931151], [121.919534, 29.920804], [121.901817, 29.923678], [121.859986, 29.944], [121.835183, 29.957956], [121.814366, 29.974331], [121.784051, 29.993493], [121.771453, 29.99497], [121.724996, 29.992221], [121.69975, 30.008016], [121.667466, 30.048867], [121.653096, 30.071131], [121.63533, 30.069819], [121.626029, 30.07769], [121.619927, 30.088512], [121.61471, 30.108308], [121.591678, 30.143546], [121.561462, 30.184176], [121.527554, 30.224913], [121.49778, 30.258595], [121.476274, 30.279421], [121.452701, 30.298565], [121.395073, 30.338437], [121.371894, 30.370894], [121.328046, 30.397131], [121.278784, 30.405057], [121.225486, 30.404649], [121.183212, 30.434348], [121.119236, 30.48976], [121.099501, 30.443661], [121.086952, 30.397131], [121.06018, 30.376371], [121.040102, 30.352868], [121.032572, 30.337006], [121.01392, 30.323635], [120.99517, 30.319914], [120.954373, 30.306418], [120.916036, 30.285762], [120.86702, 30.271729]]], [[[122.026375, 29.178351], [122.013383, 29.151504], [122.027605, 29.155806], [122.037645, 29.151959], [122.039859, 29.163253], [122.056739, 29.158454], [122.06791, 29.165611], [122.074505, 29.178144], [122.063235, 29.174008], [122.049013, 29.175083], [122.044534, 29.1841], [122.057576, 29.188939], [122.050095, 29.193488], [122.056198, 29.200518], [122.036217, 29.207383], [122.031247, 29.196342], [122.037005, 29.190552], [122.029771, 29.187367], [122.040843, 29.17955], [122.026375, 29.178351]]], [[[122.231297, 28.859829], [122.238679, 28.853315], [122.243797, 28.861322], [122.231297, 28.859829]]], [[[122.181936, 29.407693], [122.190204, 29.415905], [122.205362, 29.418092], [122.207921, 29.429645], [122.223866, 29.428366], [122.22485, 29.438392], [122.21112, 29.44095], [122.199358, 29.436247], [122.197242, 29.425478], [122.187497, 29.421806], [122.179771, 29.424694], [122.181936, 29.407693]]], [[[121.790892, 29.082264], [121.791089, 29.074232], [121.808559, 29.059243], [121.817319, 29.063052], [121.82352, 29.051043], [121.832329, 29.050381], [121.838628, 29.057752], [121.840941, 29.081519], [121.831591, 29.095015], [121.820272, 29.099402], [121.793795, 29.099444], [121.788677, 29.094601], [121.790892, 29.082264]]], [[[122.184299, 29.460627], [122.183216, 29.455595], [122.194141, 29.45345], [122.19483, 29.465453], [122.184299, 29.460627]]], [[[122.026473, 29.621859], [122.022389, 29.620211], [122.025686, 29.604314], [122.037645, 29.613457], [122.033855, 29.624741], [122.026473, 29.621859]]], [[[122.258807, 28.886586], [122.267321, 28.880364], [122.267025, 28.886835], [122.258807, 28.886586]]], [[[121.983461, 29.227808], [121.991089, 29.221441], [122.001818, 29.221441], [121.993451, 29.227808], [121.983461, 29.227808]]], [[[121.980705, 29.472671], [121.990843, 29.467845], [121.987792, 29.474898], [121.980705, 29.472671]]], [[[121.976178, 29.501124], [121.983806, 29.497042], [121.984741, 29.503886], [122.004574, 29.500299], [122.004967, 29.503763], [121.989908, 29.510071], [121.976178, 29.501124]]], [[[121.952064, 29.187616], [121.951719, 29.183107], [121.971404, 29.163294], [121.983511, 29.165404], [121.981788, 29.175911], [121.971601, 29.185093], [121.975636, 29.192123], [121.952064, 29.187616]]], [[[121.930459, 29.036051], [121.940991, 29.03369], [121.954524, 29.043961], [121.948766, 29.047233], [121.931, 29.041394], [121.930459, 29.036051]]], [[[122.006641, 29.234877], [122.00103, 29.227394], [122.008609, 29.222971], [122.013826, 29.23281], [122.006641, 29.234877]]], [[[122.001621, 29.410416], [122.003835, 29.405051], [122.016286, 29.404185], [122.018944, 29.409674], [122.001621, 29.410416]]], [[[121.981444, 29.332638], [121.978688, 29.340485], [121.985135, 29.348454], [121.970223, 29.340856], [121.981444, 29.332638]]], [[[122.178295, 29.406001], [122.173866, 29.399769], [122.184348, 29.399604], [122.178295, 29.406001]]], [[[122.009987, 29.902654], [122.02165, 29.901546], [122.02416, 29.909594], [122.011513, 29.917027], [122.005312, 29.913044], [122.009987, 29.902654]]], [[[122.006247, 29.899574], [122.014367, 29.892634], [122.017221, 29.900806], [122.006247, 29.899574]]]]}, "properties": {"adcode": 330200, "name": "宁波市", "areas": ["浙东茶区"], "areaLabel": "浙东茶区", "pointCount": 2, "layer": "tea_city"}}, {"type": "Feature", "geometry": {"type": "MultiPolygon", "coordinates": [[[[119.322428, 28.800897], [119.328629, 28.800565], [119.327694, 28.779806], [119.338422, 28.761161], [119.346247, 28.757008], [119.358206, 28.761037], [119.359534, 28.768304], [119.368737, 28.774118], [119.371887, 28.784789], [119.387684, 28.786948], [119.412438, 28.76166], [119.413619, 28.751983], [119.421198, 28.749159], [119.430696, 28.755596], [119.470854, 28.765356], [119.473019, 28.749782], [119.479663, 28.739647], [119.463767, 28.742306], [119.460814, 28.73944], [119.46421, 28.70824], [119.458895, 28.683848], [119.462241, 28.661237], [119.455696, 28.650886], [119.461208, 28.634879], [119.468442, 28.633632], [119.482025, 28.639453], [119.488423, 28.626438], [119.507911, 28.615335], [119.509879, 28.603357], [119.498068, 28.584848], [119.494427, 28.554018], [119.498413, 28.54865], [119.514653, 28.561675], [119.53488, 28.555724], [119.535175, 28.543782], [119.542458, 28.532628], [119.568492, 28.532295], [119.574201, 28.523888], [119.613374, 28.5278], [119.629171, 28.525386], [119.638276, 28.528508], [119.644722, 28.541867], [119.660224, 28.539953], [119.674742, 28.530006], [119.703581, 28.533211], [119.707813, 28.545738], [119.717705, 28.553769], [119.720461, 28.56596], [119.739309, 28.584848], [119.7399, 28.591462], [119.754122, 28.592668], [119.767065, 28.588009], [119.773955, 28.603233], [119.772725, 28.608556], [119.749398, 28.622696], [119.752449, 28.635253], [119.764949, 28.638704], [119.777252, 28.630887], [119.794969, 28.632883], [119.811751, 28.65392], [119.813867, 28.68684], [119.826367, 28.695317], [119.849644, 28.716591], [119.86618, 28.718503], [119.874448, 28.73541], [119.87179, 28.742306], [119.882371, 28.7492], [119.886751, 28.744632], [119.89807, 28.750363], [119.906731, 28.768553], [119.921003, 28.784], [119.921298, 28.796164], [119.942164, 28.793009], [119.948562, 28.787197], [119.967607, 28.787819], [119.971643, 28.794255], [119.982421, 28.796662], [120.005304, 28.780886], [120.010669, 28.772207], [120.025679, 28.764151], [120.028976, 28.758047], [120.049202, 28.763155], [120.083946, 28.787031], [120.097037, 28.768553], [120.109882, 28.767224], [120.111309, 28.762324], [120.131437, 28.759708], [120.145561, 28.784], [120.165344, 28.774325], [120.178435, 28.775239], [120.183553, 28.785162], [120.198858, 28.783958], [120.209341, 28.795832], [120.200335, 28.80181], [120.20186, 28.810029], [120.215148, 28.825885], [120.216526, 28.832608], [120.236506, 28.844808], [120.241821, 28.857256], [120.260719, 28.865471], [120.261752, 28.911429], [120.250729, 28.913792], [120.258603, 28.927103], [120.255453, 28.931], [120.264951, 28.93896], [120.271004, 28.950112], [120.277894, 28.930544], [120.303977, 28.931664], [120.314312, 28.9191], [120.303239, 28.892808], [120.315394, 28.887042], [120.316428, 28.876879], [120.331388, 28.868914], [120.338278, 28.860244], [120.347284, 28.858252], [120.357914, 28.839372], [120.368446, 28.838044], [120.388475, 28.829454], [120.392855, 28.834558], [120.392954, 28.847132], [120.404715, 28.853813], [120.406881, 28.845182], [120.418101, 28.851655], [120.426713, 28.831985], [120.441773, 28.841406], [120.473909, 28.839206], [120.481143, 28.828167], [120.486802, 28.846012], [120.498466, 28.849207], [120.502206, 28.857215], [120.494972, 28.86601], [120.509982, 28.874888], [120.514706, 28.890734], [120.525484, 28.878663], [120.533948, 28.879534], [120.533604, 28.866301], [120.542757, 28.867048], [120.56323, 28.861696], [120.579962, 28.869371], [120.590051, 28.881111], [120.60447, 28.890692], [120.619086, 28.895628], [120.64699, 28.90048], [120.663771, 28.916488], [120.664953, 28.923786], [120.659638, 28.937136], [120.673417, 28.959895], [120.673319, 28.973158], [120.677699, 28.977302], [120.696695, 28.980037], [120.69886, 28.972992], [120.717315, 28.973779], [120.726665, 28.98128], [120.72199, 28.995245], [120.72952, 28.99711], [120.72824, 29.009829], [120.720317, 29.012356], [120.724451, 29.023873], [120.713575, 29.035264], [120.701714, 29.022713], [120.693151, 29.040565], [120.70073, 29.044334], [120.691626, 29.052079], [120.702207, 29.060195], [120.704864, 29.075888], [120.694382, 29.086942], [120.701222, 29.097457], [120.709884, 29.098409], [120.723614, 29.119145], [120.736606, 29.11331], [120.746843, 29.122911], [120.734441, 29.13127], [120.722187, 29.130236], [120.712295, 29.143767], [120.731095, 29.164494], [120.749648, 29.176035], [120.759884, 29.189022], [120.77824, 29.19965], [120.773171, 29.205687], [120.783063, 29.221193], [120.776518, 29.225079], [120.773171, 29.231859], [120.776567, 29.242111], [120.772384, 29.262859], [120.775091, 29.276951], [120.759047, 29.281125], [120.756784, 29.28629], [120.773024, 29.304633], [120.76141, 29.313391], [120.749894, 29.31591], [120.738723, 29.30959], [120.725927, 29.310251], [120.720415, 29.303187], [120.711508, 29.302113], [120.699844, 29.318843], [120.707866, 29.341311], [120.704667, 29.347587], [120.697433, 29.341847], [120.687935, 29.341889], [120.670218, 29.325534], [120.653683, 29.33429], [120.645218, 29.328054], [120.624106, 29.336355], [120.600976, 29.334166], [120.590986, 29.348496], [120.579125, 29.340113], [120.571399, 29.34288], [120.57819, 29.357704], [120.566675, 29.367324], [120.553781, 29.371493], [120.55949, 29.379626], [120.550484, 29.390936], [120.53823, 29.391514], [120.523761, 29.401461], [120.511163, 29.419412], [120.511852, 29.44029], [120.515592, 29.451593], [120.522186, 29.456997], [120.515247, 29.468546], [120.496448, 29.466773], [120.497777, 29.474361], [120.474844, 29.492877], [120.461458, 29.48496], [120.427796, 29.477207], [120.410375, 29.450645], [120.398465, 29.45576], [120.383997, 29.456172], [120.367314, 29.445571], [120.36441, 29.433854], [120.369971, 29.428655], [120.372825, 29.414915], [120.361999, 29.415038], [120.343692, 29.41021], [120.334243, 29.403483], [120.333308, 29.395146], [120.325335, 29.380658], [120.317953, 29.379791], [120.307619, 29.365714], [120.289902, 29.355598], [120.278288, 29.363443], [120.266723, 29.376571], [120.261359, 29.390358], [120.264016, 29.400842], [120.277992, 29.416771], [120.281536, 29.440785], [120.267215, 29.452253], [120.261801, 29.469165], [120.269676, 29.481042], [120.282077, 29.489249], [120.268494, 29.49865], [120.250925, 29.496052], [120.249449, 29.504793], [120.241821, 29.512008], [120.227057, 29.514441], [120.223809, 29.52182], [120.207864, 29.528951], [120.2119, 29.535711], [120.200728, 29.549476], [120.186506, 29.548776], [120.185472, 29.541357], [120.17125, 29.521614], [120.157421, 29.512544], [120.13877, 29.508463], [120.127057, 29.494279], [120.114212, 29.497496], [120.102893, 29.506608], [120.093346, 29.500299], [120.079616, 29.504711], [120.07558, 29.513163], [120.085029, 29.514523], [120.091722, 29.532249], [120.08808, 29.536412], [120.073612, 29.537648], [120.05875, 29.542635], [120.051122, 29.549682], [120.054714, 29.558213], [120.040147, 29.570162], [120.02996, 29.56596], [120.007076, 29.57247], [120.006486, 29.593563], [120.019232, 29.617864], [120.035078, 29.617452], [120.045216, 29.626389], [120.044625, 29.631618], [120.031732, 29.636806], [120.024744, 29.647923], [120.036702, 29.653852], [120.037194, 29.663979], [120.029468, 29.667807], [120.029074, 29.653275], [120.021692, 29.647964], [120.002598, 29.655087], [119.991082, 29.654346], [119.988818, 29.661179], [119.973119, 29.674804], [119.936161, 29.666531], [119.924792, 29.669906], [119.921249, 29.66402], [119.911702, 29.66649], [119.895708, 29.660644], [119.879271, 29.66793], [119.859536, 29.671347], [119.852499, 29.668877], [119.835422, 29.678138], [119.824448, 29.671841], [119.817607, 29.673076], [119.79118, 29.654963], [119.776514, 29.626841], [119.779319, 29.603984], [119.764949, 29.594675], [119.769182, 29.579556], [119.761652, 29.566536], [119.764211, 29.557347], [119.750678, 29.550713], [119.741081, 29.551908], [119.722626, 29.542759], [119.74492, 29.516419], [119.735422, 29.510936], [119.726908, 29.511555], [119.718837, 29.505288], [119.719575, 29.491146], [119.70678, 29.472382], [119.707124, 29.464215], [119.715835, 29.448995], [119.707272, 29.433235], [119.691179, 29.438763], [119.688916, 29.421764], [119.676317, 29.419206], [119.673413, 29.425024], [119.664408, 29.424075], [119.642508, 29.432946], [119.624939, 29.417762], [119.625529, 29.410499], [119.606238, 29.388088], [119.617606, 29.380369], [119.616277, 29.368273], [119.604565, 29.369636], [119.592901, 29.377686], [119.582075, 29.379131], [119.574594, 29.372773], [119.558551, 29.372154], [119.545411, 29.367365], [119.536061, 29.373145], [119.523905, 29.366003], [119.522724, 29.350024], [119.510421, 29.333464], [119.500037, 29.335735], [119.49231, 29.331069], [119.480204, 29.332968], [119.471493, 29.349033], [119.461454, 29.350932], [119.45481, 29.365259], [119.457566, 29.370379], [119.451858, 29.385611], [119.451365, 29.397292], [119.443147, 29.404556], [119.437143, 29.424116], [119.427793, 29.422177], [119.43232, 29.415162], [119.426759, 29.405547], [119.404761, 29.400677], [119.399938, 29.411242], [119.39354, 29.411242], [119.388521, 29.429728], [119.378137, 29.42981], [119.368294, 29.415699], [119.360223, 29.416276], [119.346395, 29.408724], [119.337093, 29.411159], [119.328629, 29.393413], [119.340145, 29.38235], [119.333058, 29.355061], [119.348462, 29.336231], [119.344278, 29.324378], [119.348806, 29.319504], [119.3242, 29.307979], [119.328629, 29.299263], [119.322625, 29.296164], [119.318294, 29.279885], [119.286011, 29.279348], [119.288077, 29.268852], [119.270656, 29.251659], [119.260912, 29.247815], [119.244918, 29.228634], [119.234928, 29.221937], [119.233353, 29.195845], [119.242162, 29.189683], [119.241522, 29.165735], [119.253333, 29.154772], [119.251119, 29.141656], [119.267162, 29.133919], [119.267703, 29.119104], [119.282762, 29.118317], [119.292507, 29.105901], [119.302595, 29.100893], [119.299987, 29.090709], [119.305351, 29.085617], [119.32602, 29.086238], [119.332517, 29.075971], [119.327841, 29.067649], [119.334288, 29.052369], [119.332369, 29.043423], [119.334682, 29.022216], [119.327349, 29.03808], [119.321542, 29.00059], [119.328038, 28.987579], [119.325922, 28.979125], [119.316621, 28.970256], [119.304613, 28.969345], [119.311503, 28.959853], [119.315587, 28.943231], [119.327152, 28.924739], [119.333796, 28.907945], [119.34546, 28.899734], [119.333599, 28.865181], [119.319672, 28.867794], [119.310912, 28.85124], [119.311306, 28.842153], [119.331926, 28.846966], [119.338028, 28.843149], [119.336355, 28.835222], [119.345558, 28.827711], [119.331631, 28.807912], [119.322428, 28.800897]]]]}, "properties": {"adcode": 330700, "name": "金华市", "areas": ["浙东茶区"], "areaLabel": "浙东茶区", "pointCount": 1, "layer": "tea_city"}}, {"type": "Feature", "geometry": {"type": "MultiPolygon", "coordinates": [[[[121.60846, 29.169127], [121.564267, 29.173056], [121.555802, 29.168961], [121.53592, 29.139795], [121.529719, 29.136277], [121.508361, 29.140622], [121.484542, 29.142856], [121.470517, 29.147615], [121.450044, 29.159612], [121.431048, 29.159778], [121.407032, 29.156882], [121.401225, 29.160978], [121.403833, 29.17864], [121.385378, 29.196921], [121.378784, 29.199236], [121.366924, 29.189146], [121.356343, 29.186044], [121.361904, 29.173305], [121.345418, 29.145173], [121.348715, 29.135574], [121.336609, 29.121959], [121.323813, 29.117159], [121.316973, 29.105653], [121.308213, 29.11451], [121.298616, 29.114593], [121.295221, 29.092696], [121.271746, 29.101803], [121.270713, 29.11033], [121.256096, 29.114055], [121.258754, 29.129243], [121.257622, 29.149311], [121.264364, 29.1544], [121.253045, 29.157172], [121.251028, 29.163542], [121.238872, 29.175745], [121.232966, 29.186623], [121.233705, 29.196797], [121.225338, 29.203868], [121.202701, 29.203578], [121.173517, 29.20639], [121.164708, 29.2116], [121.174403, 29.223095], [121.158852, 29.244756], [121.166824, 29.258892], [121.179325, 29.258727], [121.175289, 29.278274], [121.180899, 29.292033], [121.196992, 29.303229], [121.201077, 29.312482], [121.190742, 29.312358], [121.194187, 29.322189], [121.180456, 29.32921], [121.175092, 29.323097], [121.163084, 29.325039], [121.160574, 29.340154], [121.149846, 29.330903], [121.133704, 29.338337], [121.122041, 29.336396], [121.117956, 29.33111], [121.120368, 29.318719], [121.117513, 29.304509], [121.096155, 29.305707], [121.099501, 29.317893], [121.074698, 29.322106], [121.056539, 29.322891], [121.04084, 29.309549], [121.024009, 29.308103], [121.020515, 29.317728], [121.005554, 29.319421], [120.990889, 29.309219], [120.964806, 29.306327], [120.956883, 29.282447], [120.942611, 29.289595], [120.928093, 29.291702], [120.915347, 29.303311], [120.904225, 29.295462], [120.903782, 29.276042], [120.891627, 29.270009], [120.890692, 29.260462], [120.897335, 29.253478], [120.900042, 29.240788], [120.882227, 29.239217], [120.867266, 29.24455], [120.862148, 29.252362], [120.853634, 29.253519], [120.838428, 29.237895], [120.82391, 29.229503], [120.806144, 29.234009], [120.776518, 29.225079], [120.783063, 29.221193], [120.773171, 29.205687], [120.77824, 29.19965], [120.759884, 29.189022], [120.749648, 29.176035], [120.731095, 29.164494], [120.712295, 29.143767], [120.722187, 29.130236], [120.734441, 29.13127], [120.746843, 29.122911], [120.736606, 29.11331], [120.723614, 29.119145], [120.709884, 29.098409], [120.701222, 29.097457], [120.694382, 29.086942], [120.704864, 29.075888], [120.702207, 29.060195], [120.691626, 29.052079], [120.70073, 29.044334], [120.693151, 29.040565], [120.701714, 29.022713], [120.713575, 29.035264], [120.724451, 29.023873], [120.720317, 29.012356], [120.72824, 29.009829], [120.72952, 28.99711], [120.72199, 28.995245], [120.726665, 28.98128], [120.717315, 28.973779], [120.69886, 28.972992], [120.696695, 28.980037], [120.677699, 28.977302], [120.673319, 28.973158], [120.673417, 28.959895], [120.659638, 28.937136], [120.664953, 28.923786], [120.663771, 28.916488], [120.64699, 28.90048], [120.619086, 28.895628], [120.60447, 28.890692], [120.590051, 28.881111], [120.579962, 28.869371], [120.56323, 28.861696], [120.542757, 28.867048], [120.533604, 28.866301], [120.533948, 28.879534], [120.525484, 28.878663], [120.514706, 28.890734], [120.509982, 28.874888], [120.494972, 28.86601], [120.502206, 28.857215], [120.498466, 28.849207], [120.486802, 28.846012], [120.481143, 28.828167], [120.473909, 28.839206], [120.441773, 28.841406], [120.426713, 28.831985], [120.415099, 28.822315], [120.408111, 28.806626], [120.409883, 28.798572], [120.40068, 28.785494], [120.386064, 28.787114], [120.368987, 28.763861], [120.369971, 28.740893], [120.362934, 28.734538], [120.347481, 28.730218], [120.343101, 28.721909], [120.351861, 28.723986], [120.355503, 28.712187], [120.349499, 28.704334], [120.331585, 28.701301], [120.324056, 28.686341], [120.32253, 28.6698], [120.336211, 28.654378], [120.357471, 28.646853], [120.356733, 28.637665], [120.349745, 28.633008], [120.353288, 28.626896], [120.368839, 28.618205], [120.371644, 28.606394], [120.381733, 28.599864], [120.3807, 28.581852], [120.371152, 28.573615], [120.361359, 28.580188], [120.349597, 28.574198], [120.332963, 28.580563], [120.322481, 28.573449], [120.326221, 28.56388], [120.322087, 28.554143], [120.311556, 28.557639], [120.290935, 28.539037], [120.292658, 28.511983], [120.304223, 28.506988], [120.313376, 28.522181], [120.324252, 28.512358], [120.336802, 28.509236], [120.341034, 28.49633], [120.36628, 28.499785], [120.379715, 28.498037], [120.387786, 28.479467], [120.398957, 28.465017], [120.405995, 28.480425], [120.419135, 28.491875], [120.414952, 28.496871], [120.414952, 28.512358], [120.422186, 28.522223], [120.422727, 28.533627], [120.430503, 28.534293], [120.434145, 28.553727], [120.4307, 28.568165], [120.441871, 28.573324], [120.446349, 28.584307], [120.471891, 28.586928], [120.493495, 28.577776], [120.501566, 28.56001], [120.524056, 28.55535], [120.528781, 28.548359], [120.541232, 28.543365], [120.549204, 28.533585], [120.554716, 28.535958], [120.567856, 28.531879], [120.572236, 28.537498], [120.583358, 28.530797], [120.598811, 28.53396], [120.624303, 28.533377], [120.627157, 28.547402], [120.621202, 28.55639], [120.631291, 28.564005], [120.640002, 28.557847], [120.649647, 28.563006], [120.63946, 28.577443], [120.653043, 28.585014], [120.669234, 28.579606], [120.687344, 28.582476], [120.701026, 28.592751], [120.70201, 28.606352], [120.709096, 28.611509], [120.729372, 28.603773], [120.743496, 28.611592], [120.757817, 28.604314], [120.758703, 28.591586], [120.782916, 28.590547], [120.793644, 28.583766], [120.798713, 28.588758], [120.798221, 28.576528], [120.802601, 28.572201], [120.825829, 28.566335], [120.829225, 28.555558], [120.843054, 28.542034], [120.83267, 28.524595], [120.845071, 28.514189], [120.854323, 28.515313], [120.86953, 28.491167], [120.894481, 28.485546], [120.91082, 28.48921], [120.914412, 28.495997], [120.92765, 28.505031], [120.944776, 28.503449], [120.954028, 28.498911], [120.954471, 28.509027], [120.962198, 28.509027], [120.95767, 28.494831], [120.965593, 28.482965], [120.98705, 28.481715], [120.99517, 28.473346], [121.002946, 28.478717], [121.01771, 28.478592], [121.025436, 28.472763], [121.036115, 28.481715], [121.049895, 28.478259], [121.070417, 28.480341], [121.076864, 28.484089], [121.078734, 28.495331], [121.085131, 28.500993], [121.088182, 28.51727], [121.104816, 28.537289], [121.121352, 28.532503], [121.129866, 28.521723], [121.145565, 28.523929], [121.156736, 28.520475], [121.16958, 28.505905], [121.180949, 28.478343], [121.195171, 28.473012], [121.19463, 28.467099], [121.209098, 28.458853], [121.206096, 28.455979], [121.214413, 28.43836], [121.226815, 28.435569], [121.222829, 28.422029], [121.236165, 28.422696], [121.25772, 28.408113], [121.251274, 28.405279], [121.246155, 28.385776], [121.227553, 28.384818], [121.222041, 28.372897], [121.204866, 28.368437], [121.21589, 28.351512], [121.205949, 28.318654], [121.173911, 28.277485], [121.155358, 28.274064], [121.147385, 28.263132], [121.146401, 28.236133], [121.136805, 28.168583], [121.123271, 28.148117], [121.108409, 28.139011], [121.121106, 28.125266], [121.135279, 28.070522], [121.13587, 28.050581], [121.140988, 28.031389], [121.149797, 28.025284], [121.176175, 28.022315], [121.238675, 28.028838], [121.261165, 28.034442], [121.282278, 28.054636], [121.297829, 28.06446], [121.307425, 28.088494], [121.310083, 28.110726], [121.328144, 28.134165], [121.33774, 28.135961], [121.343154, 28.127397], [121.361215, 28.126144], [121.37214, 28.131282], [121.3778, 28.150289], [121.391333, 28.159102], [121.402357, 28.197311], [121.419581, 28.218018], [121.446402, 28.238595], [121.456048, 28.250322], [121.459739, 28.271853], [121.477652, 28.284327], [121.488774, 28.301429], [121.499306, 28.305934], [121.525979, 28.303598], [121.564365, 28.28804], [121.571452, 28.279404], [121.571944, 28.258709], [121.579523, 28.24185], [121.624208, 28.250489], [121.634297, 28.259461], [121.637053, 28.269767], [121.649011, 28.278319], [121.645665, 28.296674], [121.656935, 28.318613], [121.669336, 28.333375], [121.672633, 28.347801], [121.666433, 28.344091], [121.66033, 28.355639], [121.635871, 28.347468], [121.63656, 28.359558], [121.646403, 28.365102], [121.658854, 28.378441], [121.658903, 28.392403], [121.687151, 28.400904], [121.692761, 28.407321], [121.691826, 28.418446], [121.681935, 28.440318], [121.664513, 28.444858], [121.671108, 28.472596], [121.667811, 28.485713], [121.652653, 28.502616], [121.64222, 28.520808], [121.63907, 28.549108], [121.634247, 28.562715], [121.615054, 28.571743], [121.596157, 28.575238], [121.586216, 28.586553], [121.568844, 28.626563], [121.557082, 28.644982], [121.540842, 28.655583], [121.587397, 28.67221], [121.646305, 28.682809], [121.679129, 28.698891], [121.689415, 28.719167], [121.694582, 28.772872], [121.70472, 28.804633], [121.702899, 28.825262], [121.69222, 28.855265], [121.687348, 28.863355], [121.660084, 28.869661], [121.668352, 28.872939], [121.704228, 28.863646], [121.738677, 28.856592], [121.759051, 28.85597], [121.774602, 28.863895], [121.776423, 28.879783], [121.772043, 28.898365], [121.743352, 28.954257], [121.718352, 28.970422], [121.711265, 28.986005], [121.71535, 29.012274], [121.712643, 29.028926], [121.699454, 29.039985], [121.658952, 29.058497], [121.651915, 29.075888], [121.65536, 29.092738], [121.661511, 29.106108], [121.659936, 29.118359], [121.616531, 29.143518], [121.60846, 29.169127]]], [[[121.84911, 28.733666], [121.846797, 28.729055], [121.859642, 28.727891], [121.865547, 28.721992], [121.873077, 28.727518], [121.866089, 28.738027], [121.880508, 28.748702], [121.893008, 28.752108], [121.896109, 28.757341], [121.909544, 28.761867], [121.893008, 28.762532], [121.875833, 28.749034], [121.851177, 28.748868], [121.846994, 28.741433], [121.855557, 28.736075], [121.84911, 28.733666]]], [[[121.749651, 28.69058], [121.75226, 28.683349], [121.768254, 28.690746], [121.778687, 28.687629], [121.781689, 28.680066], [121.794041, 28.679608], [121.800045, 28.695317], [121.808559, 28.699431], [121.801571, 28.702423], [121.790006, 28.690913], [121.772732, 28.694195], [121.780508, 28.699182], [121.765252, 28.705124], [121.761856, 28.689333], [121.749651, 28.69058]]], [[[121.387347, 28.119292], [121.401569, 28.122968], [121.401323, 28.129862], [121.387347, 28.119292]]], [[[121.919928, 28.707285], [121.920617, 28.704916], [121.942664, 28.720663], [121.916581, 28.717215], [121.919928, 28.707285]]], [[[121.837349, 28.770505], [121.843254, 28.770629], [121.862693, 28.78209], [121.865498, 28.799361], [121.872388, 28.807871], [121.861561, 28.813765], [121.850734, 28.808286], [121.857034, 28.803637], [121.852949, 28.793092], [121.844386, 28.788816], [121.850538, 28.784747], [121.837349, 28.770505]]], [[[121.687397, 28.384526], [121.686118, 28.374648], [121.69532, 28.381317], [121.687397, 28.384526]]], [[[121.889563, 28.471513], [121.908313, 28.479092], [121.918943, 28.497371], [121.899455, 28.500701], [121.896994, 28.514231], [121.8873, 28.511359], [121.880065, 28.501909], [121.87037, 28.500035], [121.871305, 28.49429], [121.883658, 28.495456], [121.883116, 28.484089], [121.874111, 28.47701], [121.876128, 28.472554], [121.889563, 28.471513]]], [[[121.678588, 28.278319], [121.688775, 28.273939], [121.686413, 28.2895], [121.677604, 28.285954], [121.678588, 28.278319]]], [[[121.410674, 28.079425], [121.410526, 28.101617], [121.400831, 28.092506], [121.40718, 28.089873], [121.404227, 28.077627], [121.410674, 28.079425]]], [[[121.869534, 28.423946], [121.88602, 28.433986], [121.893451, 28.430278], [121.910823, 28.440068], [121.920617, 28.45273], [121.889711, 28.451189], [121.871256, 28.433111], [121.869534, 28.423946]]], [[[121.687397, 29.09667], [121.697092, 29.094062], [121.691777, 29.11124], [121.681885, 29.109336], [121.687397, 29.09667]]], [[[121.695271, 29.088474], [121.694385, 29.084707], [121.710084, 29.082719], [121.695271, 29.088474]]], [[[121.672633, 29.062224], [121.665842, 29.059615], [121.680507, 29.054688], [121.672633, 29.062224]]], [[[121.67908, 28.371063], [121.687348, 28.366269], [121.688431, 28.373064], [121.67908, 28.371063]]], [[[121.851227, 28.423487], [121.860872, 28.426737], [121.855607, 28.431819], [121.851227, 28.423487]]], [[[121.634592, 28.225448], [121.644828, 28.222985], [121.644927, 28.232836], [121.634592, 28.225448]]], [[[121.502062, 28.072235], [121.511068, 28.077084], [121.516137, 28.087199], [121.527111, 28.086363], [121.532279, 28.093426], [121.528834, 28.101742], [121.504867, 28.085736], [121.502062, 28.072235]]], [[[121.346353, 28.087784], [121.356786, 28.089121], [121.372091, 28.099903], [121.373961, 28.10989], [121.359443, 28.098065], [121.345565, 28.096059], [121.346353, 28.087784]]], [[[121.81727, 28.610428], [121.803933, 28.599115], [121.823274, 28.607267], [121.81727, 28.610428]]], [[[121.685576, 29.115917], [121.694385, 29.113061], [121.690153, 29.120883], [121.685576, 29.115917]]], [[[121.145122, 28.013239], [121.166185, 28.021771], [121.149649, 28.019805], [121.145122, 28.013239]]], [[[121.940105, 28.441526], [121.945174, 28.436652], [121.94355, 28.450731], [121.940105, 28.441526]]]]}, "properties": {"adcode": 331000, "name": "台州市", "areas": ["浙东茶区"], "areaLabel": "浙东茶区", "pointCount": 1, "layer": "tea_city"}}, {"type": "Feature", "geometry": {"type": "MultiPolygon", "coordinates": [[[[108.887124, 27.121203], [108.904933, 27.134947], [108.913688, 27.157695], [108.92676, 27.160912], [108.926041, 27.175202], [108.929758, 27.180072], [108.919145, 27.193486], [108.925741, 27.199596], [108.908651, 27.204327], [108.914228, 27.214662], [108.947088, 27.228393], [108.951465, 27.236062], [108.963458, 27.235511], [108.968555, 27.245521], [108.984625, 27.256219], [108.987503, 27.270635], [108.999556, 27.267559], [109.01059, 27.270497], [109.023901, 27.282248], [109.040811, 27.276235], [109.045608, 27.288215], [109.053943, 27.29487], [109.054123, 27.306068], [109.044409, 27.331076], [109.052084, 27.336673], [109.05952, 27.326855], [109.069234, 27.322817], [109.080387, 27.334884], [109.086384, 27.33103], [109.103773, 27.337086], [109.101075, 27.34984], [109.106412, 27.35562], [109.114387, 27.35273], [109.118464, 27.362225], [109.113847, 27.367178], [109.124761, 27.387908], [109.115886, 27.400105], [109.127699, 27.405057], [109.14197, 27.417711], [109.138672, 27.430318], [109.129258, 27.42555], [109.125, 27.415556], [109.115766, 27.412576], [109.10917, 27.41872], [109.112948, 27.424633], [109.123321, 27.418399], [109.123321, 27.428622], [109.144009, 27.448835], [109.154083, 27.448789], [109.15942, 27.442327], [109.156241, 27.416519], [109.166975, 27.417849], [109.189521, 27.436552], [109.202114, 27.450073], [109.213687, 27.450485], [109.221902, 27.438889], [109.243249, 27.42963], [109.245528, 27.418169], [109.286423, 27.424633], [109.299915, 27.423946], [109.30693, 27.434397], [109.302973, 27.475644], [109.312387, 27.486182], [109.325879, 27.494199], [109.379127, 27.53579], [109.404971, 27.550489], [109.433634, 27.548383], [109.445986, 27.562394], [109.459118, 27.56015], [109.461937, 27.565599], [109.451263, 27.585925], [109.469132, 27.620937], [109.470032, 27.628762], [109.464455, 27.651409], [109.45612, 27.669432], [109.458219, 27.674783], [109.470452, 27.680272], [109.45684, 27.69358], [109.429976, 27.703549], [109.418223, 27.714248], [109.414146, 27.725037], [109.395317, 27.7217], [109.392379, 27.726363], [109.365935, 27.722203], [109.377987, 27.73802], [109.362997, 27.745014], [109.364316, 27.759777], [109.349864, 27.771064], [109.338112, 27.775908], [109.333015, 27.782808], [109.34105, 27.79021], [109.331216, 27.791626], [109.342669, 27.800764], [109.34021, 27.821411], [109.345547, 27.84073], [109.326838, 27.858585], [109.337512, 27.869543], [109.321861, 27.867991], [109.317784, 27.885521], [109.320602, 27.895609], [109.311907, 27.907796], [109.314846, 27.91811], [109.313826, 27.933306], [109.301774, 27.958353], [109.30711, 27.968024], [109.320182, 27.970989], [109.321622, 27.991786], [109.342249, 28.00533], [109.365095, 28.009114], [109.379187, 28.033096], [109.370552, 28.046087], [109.346986, 28.060399], [109.334574, 28.062222], [109.325219, 28.04276], [109.311548, 28.037973], [109.305911, 28.029996], [109.298715, 28.032503], [109.304952, 28.076394], [109.312087, 28.083503], [109.314366, 28.103914], [109.325399, 28.115212], [109.328098, 28.126872], [109.338172, 28.141765], [109.335833, 28.158204], [109.341829, 28.162165], [109.343208, 28.173593], [109.34045, 28.190391], [109.345787, 28.206686], [109.359579, 28.22043], [109.35676, 28.23349], [109.367314, 28.239041], [109.37349, 28.25683], [109.388001, 28.268111], [109.399694, 28.269294], [109.376908, 28.276935], [109.365875, 28.274206], [109.359519, 28.265882], [109.352203, 28.268521], [109.363116, 28.282984], [109.34099, 28.293717], [109.314966, 28.27639], [109.306391, 28.274206], [109.294938, 28.278527], [109.297576, 28.292808], [109.285523, 28.304131], [109.273051, 28.309405], [109.27527, 28.314043], [109.268554, 28.338092], [109.285283, 28.359046], [109.288342, 28.374315], [109.277368, 28.376542], [109.264656, 28.39249], [109.264356, 28.404393], [109.256861, 28.436734], [109.261778, 28.454398], [109.260818, 28.464705], [109.266335, 28.481775], [109.275929, 28.484], [109.27437, 28.494667], [109.236413, 28.478416], [109.233595, 28.474966], [109.215486, 28.482138], [109.19174, 28.47088], [109.185504, 28.453127], [109.176569, 28.446179], [109.180707, 28.439458], [109.176749, 28.431511], [109.165656, 28.430375], [109.164936, 28.414978], [109.154263, 28.417612], [109.157141, 28.403394], [109.153603, 28.397306], [109.153123, 28.381041], [109.144788, 28.363818], [109.138612, 28.358637], [109.151684, 28.350547], [109.150785, 28.344683], [109.137713, 28.334229], [109.141251, 28.320545], [109.126799, 28.296946], [109.116246, 28.28826], [109.119064, 28.282257], [109.100415, 28.263835], [109.087583, 28.26097], [109.081527, 28.24855], [109.085364, 28.232808], [109.099816, 28.214742], [109.101435, 28.201407], [109.089982, 28.196627], [109.082066, 28.184337], [109.061439, 28.200132], [109.041591, 28.205366], [109.038233, 28.217427], [109.02678, 28.220066], [109.013828, 28.199586], [109.014247, 28.177873], [109.00981, 28.167902], [109.001535, 28.161391], [108.985765, 28.161346], [108.979948, 28.170771], [108.956622, 28.182334], [108.929399, 28.190574], [108.9273, 28.196491], [108.933176, 28.20787], [108.919505, 28.217791], [108.912249, 28.215561], [108.897258, 28.21952], [108.864458, 28.20614], [108.855163, 28.199859], [108.836215, 28.207369], [108.833277, 28.217882], [108.824342, 28.231033], [108.821764, 28.245138], [108.805573, 28.24209], [108.799757, 28.226619], [108.773313, 28.213468], [108.765338, 28.192121], [108.758202, 28.198357], [108.758682, 28.220203], [108.749507, 28.227575], [108.738834, 28.227347], [108.737575, 28.251416], [108.727621, 28.259832], [108.725762, 28.280301], [108.741052, 28.2949], [108.763779, 28.305631], [108.770075, 28.314952], [108.76144, 28.324591], [108.77793, 28.347229], [108.77739, 28.36659], [108.783087, 28.380404], [108.762819, 28.385811], [108.76174, 28.395262], [108.779309, 28.427423], [108.773913, 28.437869], [108.746749, 28.450221], [108.749088, 28.461073], [108.743691, 28.467656], [108.733917, 28.468882], [108.725642, 28.475828], [108.723363, 28.491943], [108.709691, 28.501066], [108.701416, 28.482502], [108.688644, 28.482502], [108.671135, 28.475284], [108.658662, 28.478053], [108.64523, 28.46861], [108.641453, 28.455715], [108.666817, 28.44182], [108.669875, 28.431465], [108.688344, 28.422291], [108.696799, 28.404575], [108.691702, 28.394035], [108.674193, 28.389355], [108.664719, 28.382858], [108.656444, 28.356365], [108.659082, 28.35032], [108.673953, 28.354547], [108.675752, 28.343047], [108.667357, 28.33441], [108.610811, 28.325091], [108.602416, 28.34082], [108.58011, 28.343274], [108.576332, 28.364318], [108.577531, 28.390173], [108.587425, 28.404939], [108.608832, 28.407301], [108.609912, 28.435689], [108.602836, 28.438868], [108.597259, 28.456805], [108.586766, 28.463071], [108.587605, 28.479324], [108.574953, 28.497662], [108.581069, 28.506967], [108.573214, 28.528114], [108.576872, 28.533831], [108.589344, 28.538595], [108.610931, 28.539412], [108.604635, 28.59026], [108.618906, 28.606538], [108.636056, 28.621772], [108.632338, 28.638953], [108.623284, 28.641446], [108.609012, 28.633604], [108.59618, 28.640358], [108.585327, 28.639633], [108.586106, 28.648788], [108.575912, 28.659711], [108.566498, 28.662566], [108.561161, 28.649151], [108.547789, 28.647882], [108.538495, 28.652731], [108.524643, 28.647111], [108.517987, 28.639995], [108.502756, 28.637638], [108.501018, 28.626668], [108.491303, 28.630567], [108.471096, 28.627801], [108.461381, 28.634148], [108.439015, 28.634012], [108.421685, 28.643349], [108.390924, 28.65178], [108.352128, 28.676115], [108.343972, 28.673396], [108.332519, 28.679604], [108.343673, 28.696458], [108.34763, 28.709232], [108.34727, 28.736271], [108.372515, 28.760134], [108.375333, 28.767513], [108.385287, 28.772221], [108.389005, 28.785847], [108.386487, 28.801643], [108.382409, 28.805806], [108.354226, 28.814269], [108.355186, 28.831644], [108.346431, 28.856299], [108.355306, 28.870818], [108.357464, 28.893384], [108.350329, 28.907084], [108.350568, 28.93032], [108.346911, 28.941484], [108.339895, 28.947856], [108.322925, 28.953957], [108.312551, 28.99706], [108.308714, 29.003384], [108.309793, 29.018424], [108.29786, 29.047144], [108.307155, 29.077525], [108.301938, 29.083077], [108.286587, 29.089215], [108.270637, 29.090885], [108.268658, 29.077796], [108.260203, 29.063758], [108.256965, 29.041996], [108.242274, 29.028359], [108.224645, 29.031566], [108.230401, 29.046963], [108.21505, 29.056128], [108.204737, 29.05676], [108.197721, 29.070664], [108.171397, 29.065383], [108.152448, 29.053735], [108.13272, 29.054096], [108.128763, 29.065699], [108.109814, 29.076081], [108.069398, 29.086552], [108.078573, 29.07107], [108.073536, 29.05816], [108.078873, 29.023166], [108.078993, 29.007178], [108.088347, 28.999454], [108.107895, 28.975872], [108.106996, 28.961865], [108.117309, 28.950703], [108.13224, 28.943969], [108.138417, 28.932082], [108.134819, 28.902653], [108.128643, 28.869778], [108.141295, 28.855982], [108.158085, 28.856344], [108.158744, 28.845804], [108.180751, 28.81083], [108.189446, 28.800692], [108.195082, 28.802548], [108.207495, 28.817572], [108.213671, 28.776341], [108.201379, 28.763122], [108.195322, 28.750671], [108.184649, 28.74895], [108.18219, 28.741569], [108.18189, 28.712358], [108.174575, 28.690206], [108.163242, 28.677066], [108.145013, 28.669997], [108.122586, 28.652369], [108.128882, 28.644165], [108.114491, 28.628799], [108.093024, 28.621727], [108.084269, 28.627212], [108.08283, 28.620548], [108.061543, 28.613022], [108.037558, 28.592754], [108.038457, 28.58382], [108.04991, 28.566766], [108.038517, 28.5547], [108.043554, 28.548122], [108.058245, 28.541408], [108.069938, 28.526843], [108.070058, 28.516542], [108.04991, 28.500476], [108.048171, 28.489901], [108.060104, 28.472378], [108.056146, 28.454444], [108.048711, 28.444045], [108.063942, 28.433645], [108.068259, 28.422018], [108.051709, 28.388538], [108.037138, 28.365454], [108.026165, 28.368272], [108.016151, 28.384039], [108.005897, 28.389764], [108.012313, 28.39617], [108.025745, 28.401213], [108.019509, 28.403121], [108.007636, 28.415886], [108.006197, 28.424244], [107.995643, 28.427923], [107.98323, 28.422881], [107.982571, 28.431238], [108.007876, 28.434054], [108.010754, 28.446452], [107.991146, 28.441774], [107.977294, 28.447814], [107.969199, 28.439731], [107.968839, 28.423335], [107.960744, 28.411071], [107.972557, 28.398169], [107.983051, 28.397079], [108.00098, 28.384585], [107.996662, 28.369635], [107.990246, 28.368999], [107.972497, 28.383812], [107.955647, 28.380132], [107.936039, 28.384721], [107.913792, 28.382903], [107.921108, 28.370135], [107.874456, 28.370407], [107.866481, 28.358501], [107.861564, 28.339502], [107.862583, 28.30886], [107.866001, 28.288897], [107.861204, 28.261288], [107.864982, 28.247185], [107.862224, 28.211966], [107.859225, 28.200269], [107.85167, 28.202636], [107.836439, 28.184292], [107.824027, 28.183336], [107.816052, 28.17546], [107.803399, 28.183563], [107.805618, 28.174276], [107.803219, 28.147503], [107.799022, 28.125551], [107.78487, 28.093937], [107.78595, 28.083412], [107.778874, 28.072977], [107.786549, 28.07448], [107.791886, 28.066004], [107.807057, 28.069923], [107.813233, 28.06728], [107.813293, 28.047363], [107.832122, 28.049095], [107.8359, 28.031044], [107.855328, 28.038292], [107.862164, 28.037381], [107.870918, 28.058667], [107.878114, 28.05534], [107.88441, 28.063042], [107.889267, 28.051466], [107.914692, 28.018644], [107.928004, 28.009251], [107.933341, 28.001408], [107.915172, 27.973041], [107.911394, 27.962322], [107.909595, 27.937458], [107.911634, 27.929062], [107.923686, 27.90807], [107.906177, 27.904282], [107.898802, 27.897709], [107.888608, 27.878035], [107.888368, 27.844018], [107.903599, 27.826664], [107.912833, 27.80958], [107.931842, 27.793545], [107.932501, 27.778696], [107.943954, 27.779061], [107.946233, 27.767728], [107.931722, 27.753241], [107.927764, 27.745288], [107.927944, 27.7265], [107.940776, 27.691522], [107.937118, 27.680546], [107.922187, 27.666093], [107.903119, 27.627892], [107.902579, 27.612105], [107.906837, 27.591646], [107.902639, 27.568392], [107.893705, 27.556625], [107.88513, 27.551588], [107.865702, 27.551451], [107.844774, 27.555114], [107.829124, 27.542064], [107.808016, 27.491267], [107.789128, 27.485266], [107.780793, 27.486319], [107.762924, 27.475964], [107.755188, 27.459559], [107.757407, 27.453327], [107.774257, 27.443748], [107.791766, 27.443931], [107.798062, 27.43811], [107.798302, 27.404003], [107.801001, 27.394098], [107.765802, 27.391164], [107.762264, 27.385156], [107.780913, 27.373691], [107.774557, 27.359702], [107.779953, 27.351491], [107.806817, 27.347408], [107.805318, 27.331948], [107.819829, 27.324377], [107.856707, 27.330159], [107.870619, 27.341812], [107.894364, 27.345574], [107.908276, 27.33204], [107.911874, 27.332911], [107.916311, 27.332774], [107.919369, 27.332544], [107.931362, 27.346445], [107.948452, 27.354198], [107.958106, 27.350757], [107.959365, 27.339197], [107.952049, 27.328323], [107.956547, 27.312952], [107.975915, 27.317908], [107.989347, 27.305839], [107.9999, 27.302764], [108.004398, 27.316852], [108.043974, 27.322313], [108.064841, 27.32268], [108.082411, 27.33048], [108.112512, 27.323184], [108.130741, 27.325249], [108.141295, 27.314925], [108.14951, 27.300194], [108.16654, 27.28771], [108.179252, 27.292576], [108.187287, 27.308179], [108.192264, 27.330113], [108.206416, 27.357042], [108.218288, 27.364426], [108.23262, 27.367087], [108.266139, 27.349014], [108.28221, 27.345757], [108.305536, 27.352317], [108.321306, 27.349473], [108.336837, 27.358831], [108.355426, 27.377681], [108.388406, 27.397308], [108.409033, 27.407441], [108.424264, 27.424083], [108.437096, 27.425504], [108.445491, 27.420599], [108.461262, 27.418628], [108.478291, 27.40657], [108.485667, 27.409504], [108.490944, 27.422891], [108.511091, 27.418261], [108.517807, 27.437881], [108.531659, 27.466617], [108.543472, 27.479493], [108.559662, 27.479997], [108.575552, 27.471611], [108.586226, 27.478026], [108.59684, 27.506477], [108.605354, 27.516096], [108.617347, 27.521638], [108.626702, 27.519531], [108.648468, 27.507622], [108.669516, 27.504873], [108.6953, 27.518111], [108.710111, 27.515684], [108.737095, 27.489618], [108.746329, 27.483754], [108.746809, 27.471107], [108.7618, 27.469595], [108.759521, 27.48719], [108.77775, 27.488885], [108.792801, 27.485815], [108.800716, 27.489022], [108.819725, 27.485311], [108.829319, 27.478851], [108.833996, 27.482654], [108.820564, 27.501667], [108.830338, 27.507576], [108.841072, 27.507622], [108.838554, 27.496719], [108.858342, 27.49704], [108.879809, 27.493283], [108.891561, 27.487969], [108.903674, 27.487969], [108.923822, 27.511057], [108.934136, 27.511561], [108.946608, 27.498277], [108.968675, 27.493925], [108.971433, 27.487785], [108.952185, 27.470145], [108.950566, 27.460018], [108.959321, 27.452593], [108.985884, 27.455481], [108.990322, 27.443152], [109.005792, 27.444206], [109.020244, 27.436918], [109.033256, 27.421149], [109.034995, 27.412668], [109.022103, 27.388275], [109.018565, 27.372361], [109.006752, 27.369609], [108.962079, 27.375067], [108.945169, 27.369426], [108.937074, 27.362362], [108.917106, 27.366766], [108.90991, 27.364105], [108.900016, 27.346032], [108.883047, 27.344977], [108.881667, 27.359656], [108.875071, 27.366903], [108.866017, 27.368096], [108.856962, 27.363188], [108.864398, 27.353555], [108.846589, 27.352684], [108.843111, 27.343555], [108.846709, 27.335114], [108.86122, 27.321624], [108.866197, 27.306803], [108.857622, 27.276786], [108.843471, 27.267559], [108.838853, 27.237394], [108.82824, 27.236522], [108.821584, 27.225546], [108.825541, 27.21953], [108.807252, 27.214524], [108.801256, 27.203179], [108.804554, 27.196794], [108.840472, 27.187468], [108.846289, 27.174329], [108.857622, 27.165553], [108.857982, 27.152503], [108.868296, 27.140784], [108.885085, 27.132189], [108.887124, 27.121203]]], [[[107.919369, 27.332544], [107.916311, 27.332774], [107.911874, 27.332911], [107.908276, 27.33204], [107.906117, 27.325983], [107.915352, 27.314237], [107.930822, 27.31364], [107.931422, 27.321257], [107.919369, 27.332544]]]]}, "properties": {"adcode": 520600, "name": "铜仁市", "areas": ["黔中茶区"], "areaLabel": "黔中茶区", "pointCount": 1, "layer": "tea_city"}}, {"type": "Feature", "geometry": {"type": "MultiPolygon", "coordinates": [[[[113.710002, 30.388924], [113.709614, 30.377791], [113.73657, 30.372824], [113.751718, 30.375393], [113.741153, 30.34901], [113.746047, 30.337016], [113.763293, 30.324378], [113.759564, 30.31945], [113.76407, 30.304495], [113.761817, 30.298196], [113.762128, 30.296353], [113.76438, 30.288981], [113.776421, 30.283709], [113.789627, 30.287824], [113.792735, 30.28388], [113.78318, 30.263776], [113.779373, 30.249627], [113.764924, 30.245682], [113.755913, 30.232045], [113.769585, 30.215447], [113.800891, 30.203308], [113.811223, 30.204166], [113.817282, 30.198246], [113.820157, 30.178982], [113.84284, 30.186748], [113.851385, 30.183444], [113.866223, 30.189665], [113.863504, 30.200005], [113.867233, 30.209528], [113.888518, 30.238307], [113.911978, 30.274793], [113.929457, 30.289195], [113.953616, 30.296481], [113.975678, 30.295196], [114.000071, 30.278994], [114.01452, 30.267248], [114.02757, 30.244138], [114.035572, 30.225355], [114.048467, 30.219651], [114.044738, 30.210171], [114.036737, 30.208241], [114.038524, 30.197431], [114.0487, 30.198203], [114.056002, 30.205367], [114.075345, 30.208413], [114.10603, 30.202364], [114.115275, 30.194428], [114.129413, 30.168726], [114.151397, 30.143876], [114.154893, 30.127778], [114.150465, 30.117174], [114.162195, 30.110046], [114.167788, 30.090679], [114.192725, 30.086685], [114.197386, 30.071093], [114.195676, 30.053995], [114.198939, 30.040633], [114.208805, 30.031781], [114.214087, 30.020736], [114.212145, 30.003243], [114.237548, 29.995892], [114.265436, 29.99946], [114.297907, 30.006424], [114.305986, 30.011754], [114.324941, 30.017513], [114.334496, 30.027441], [114.347158, 30.02628], [114.361996, 30.033027], [114.372483, 30.028042], [114.406508, 30.020951], [114.423132, 30.011023], [114.43999, 30.004876], [114.451021, 30.004833], [114.461119, 29.995591], [114.481239, 29.988154], [114.487765, 29.994087], [114.497475, 29.991894], [114.497242, 29.983898], [114.514099, 29.975428], [114.524353, 29.976073], [114.532277, 29.969322], [114.5409, 29.975084], [114.533831, 29.984156], [114.534374, 29.99284], [114.543929, 30.007885], [114.534297, 30.022026], [114.537948, 30.027183], [114.548901, 30.021295], [114.549989, 30.031566], [114.562185, 30.026882], [114.565137, 30.030277], [114.553718, 30.037711], [114.545017, 30.05421], [114.54626, 30.062802], [114.54292, 30.077794], [114.536394, 30.082003], [114.533908, 30.094673], [114.518682, 30.101973], [114.519925, 30.107384], [114.505476, 30.123829], [114.508118, 30.138382], [114.506486, 30.149842], [114.515964, 30.162933], [114.513089, 30.172588], [114.519848, 30.176364], [114.521479, 30.192797], [114.534841, 30.194599], [114.540589, 30.202579], [114.544396, 30.218621], [114.544473, 30.234619], [114.567778, 30.254086], [114.570264, 30.273336], [114.590772, 30.284481], [114.595045, 30.296396], [114.592947, 30.313923], [114.598696, 30.339244], [114.59722, 30.347126], [114.586577, 30.363059], [114.593025, 30.410287], [114.591161, 30.421417], [114.583237, 30.437466], [114.591083, 30.445298], [114.590539, 30.457407], [114.608173, 30.456851], [114.619981, 30.451331], [114.626662, 30.469772], [114.635052, 30.470157], [114.640956, 30.4779], [114.633265, 30.499971], [114.637304, 30.50737], [114.633343, 30.526697], [114.624021, 30.530716], [114.630857, 30.538668], [114.625963, 30.54149], [114.621146, 30.556879], [114.630235, 30.556494], [114.66628, 30.571923], [114.692848, 30.577009], [114.71926, 30.584102], [114.739225, 30.592862], [114.760044, 30.60914], [114.784902, 30.616829], [114.791738, 30.616829], [114.803235, 30.621485], [114.85101, 30.628191], [114.859556, 30.636349], [114.855283, 30.642669], [114.848136, 30.641046], [114.840213, 30.658383], [114.830813, 30.668374], [114.815587, 30.659707], [114.805954, 30.671576], [114.81279, 30.685578], [114.795467, 30.708285], [114.791428, 30.718783], [114.79873, 30.73201], [114.811004, 30.72625], [114.829415, 30.735295], [114.848214, 30.741695], [114.875558, 30.764516], [114.877966, 30.776458], [114.875947, 30.793387], [114.883404, 30.797309], [114.900106, 30.793984], [114.900728, 30.788568], [114.917662, 30.783451], [114.924887, 30.791297], [114.933898, 30.792918], [114.952231, 30.774368], [114.958135, 30.788654], [114.946949, 30.801147], [114.970099, 30.810867], [114.972196, 30.805666], [114.983848, 30.815769], [114.989752, 30.808778], [114.993248, 30.82438], [115.000861, 30.834524], [114.992704, 30.843602], [114.999385, 30.857537], [115.010571, 30.85221], [115.011271, 30.858644], [115.029914, 30.857579], [115.03442, 30.846841], [115.056327, 30.855832], [115.051899, 30.860136], [115.062153, 30.869083], [115.081651, 30.87803], [115.079399, 30.89098], [115.057026, 30.896219], [115.059822, 30.903246], [115.05454, 30.908783], [115.036828, 30.909549], [115.028283, 30.916576], [115.035896, 30.926923], [115.009562, 30.926114], [114.990529, 30.945146], [114.9868, 30.957022], [114.994103, 30.965067], [114.983072, 30.971749], [114.983848, 30.979665], [114.991228, 30.981963], [114.988976, 30.99643], [114.985713, 30.99443], [114.977634, 30.995111], [114.969089, 30.99392], [114.964661, 30.985878], [114.954484, 30.990558], [114.957359, 31.000004], [114.942754, 30.993622], [114.93786, 31.001834], [114.931878, 30.994856], [114.921469, 31.014341], [114.905699, 31.005748], [114.883482, 31.006471], [114.863906, 30.991026], [114.855205, 30.991367], [114.855516, 30.984175], [114.870509, 30.980175], [114.876257, 30.968897], [114.862352, 30.945699], [114.843009, 30.944805], [114.8413, 30.949573], [114.825608, 30.948807], [114.825453, 30.956426], [114.818151, 30.956256], [114.808829, 30.974175], [114.80712, 30.993622], [114.795312, 30.988899], [114.798497, 31.000855], [114.778765, 30.986643], [114.777988, 30.978516], [114.767967, 30.96047], [114.762996, 30.966386], [114.764472, 30.979196], [114.77022, 30.985622], [114.760743, 30.987154], [114.757869, 30.995069], [114.750566, 30.994005], [114.730524, 30.980048], [114.713589, 30.980558], [114.702481, 30.973792], [114.704112, 30.957831], [114.70116, 30.953106], [114.708617, 30.939909], [114.693625, 30.947615], [114.682594, 30.948679], [114.655405, 30.932246], [114.650744, 30.941868], [114.642975, 30.933395], [114.628604, 30.927945], [114.615942, 30.927264], [114.614233, 30.940079], [114.608562, 30.944166], [114.604367, 30.960555], [114.576246, 30.969876], [114.559932, 30.984175], [114.551775, 30.998004], [114.544007, 30.990814], [114.540978, 31.000132], [114.525286, 31.01264], [114.512157, 31.01349], [114.500427, 31.03344], [114.504855, 31.045008], [114.515575, 31.050834], [114.515653, 31.063675], [114.534064, 31.094369], [114.528548, 31.108224], [114.53453, 31.117021], [114.527616, 31.122375], [114.525674, 31.135462], [114.518139, 31.144978], [114.493591, 31.149184], [114.486522, 31.159761], [114.471218, 31.170167], [114.461585, 31.168553], [114.459177, 31.183077], [114.472228, 31.183884], [114.472306, 31.190932], [114.45273, 31.195943], [114.454982, 31.204052], [114.434785, 31.206047], [114.424453, 31.211779], [114.405887, 31.229564], [114.402236, 31.249341], [114.411868, 31.258719], [114.440067, 31.307968], [114.431833, 31.312124], [114.407363, 31.314626], [114.397497, 31.311234], [114.376523, 31.31276], [114.366501, 31.310555], [114.357568, 31.32264], [114.347314, 31.323192], [114.332942, 31.316619], [114.31826, 31.325693], [114.31189, 31.335233], [114.301558, 31.336759], [114.297286, 31.349265], [114.282915, 31.361261], [114.267456, 31.350367], [114.240111, 31.339176], [114.239179, 31.323701], [114.229003, 31.318315], [114.21937, 31.302879], [114.203911, 31.301649], [114.19723, 31.288585], [114.196065, 31.278574], [114.200726, 31.268053], [114.183558, 31.267502], [114.179985, 31.256767], [114.184102, 31.240557], [114.192103, 31.223749], [114.20259, 31.217849], [114.212301, 31.206896], [114.212145, 31.199297], [114.233197, 31.203627], [114.243218, 31.191867], [114.248346, 31.179807], [114.243607, 31.169699], [114.232654, 31.16078], [114.222866, 31.142939], [114.206086, 31.126114], [114.181849, 31.112644], [114.186432, 31.094241], [114.182548, 31.084465], [114.191482, 31.073837], [114.186355, 31.054023], [114.166002, 31.046794], [114.167866, 31.038459], [114.157923, 31.029144], [114.159399, 31.021148], [114.170663, 31.012299], [114.166157, 31.007279], [114.179441, 30.986814], [114.173381, 30.978516], [114.175401, 30.967663], [114.163749, 30.955192], [114.157845, 30.953659], [114.161185, 30.942591], [114.162661, 30.91334], [114.159243, 30.906015], [114.164603, 30.89213], [114.157534, 30.885698], [114.16639, 30.875218], [114.170973, 30.830177], [114.180218, 30.818711], [114.173537, 30.798503], [114.180917, 30.767971], [114.178353, 30.75799], [114.165458, 30.755815], [114.149533, 30.768781], [114.125606, 30.77198], [114.113876, 30.767757], [114.110303, 30.775264], [114.087153, 30.782087], [114.030289, 30.785328], [114.021977, 30.780083], [114.006208, 30.785711], [113.994944, 30.786266], [113.976533, 30.77778], [113.949266, 30.779699], [113.94041, 30.776842], [113.924174, 30.76153], [113.91594, 30.769634], [113.905297, 30.764047], [113.905919, 30.755815], [113.917338, 30.753511], [113.910347, 30.732266], [113.915862, 30.725397], [113.906463, 30.721386], [113.902501, 30.727658], [113.894422, 30.725909], [113.896985, 30.708242], [113.913143, 30.713534], [113.917882, 30.699408], [113.924407, 30.693134], [113.937847, 30.697615], [113.94445, 30.687457], [113.95719, 30.683017], [113.939944, 30.659536], [113.92534, 30.647836], [113.924485, 30.642242], [113.940565, 30.634597], [113.926583, 30.619221], [113.940565, 30.608584], [113.939711, 30.586282], [113.921067, 30.571154], [113.890538, 30.568547], [113.881138, 30.551707], [113.879584, 30.537471], [113.882148, 30.525928], [113.868087, 30.517633], [113.863038, 30.530246], [113.852784, 30.530075], [113.838102, 30.516307], [113.831421, 30.495224], [113.820623, 30.49424], [113.811767, 30.486327], [113.790171, 30.457108], [113.779995, 30.44932], [113.774635, 30.432716], [113.752806, 30.425526], [113.723131, 30.423557], [113.716994, 30.408404], [113.702312, 30.395304], [113.710002, 30.388924]]], [[[114.939258, 31.019914], [114.947726, 31.023317], [114.946328, 31.034035], [114.93351, 31.03714], [114.929004, 31.025188], [114.939258, 31.019914]]], [[[114.969089, 30.99392], [114.977634, 30.995111], [114.985713, 30.99443], [114.988976, 30.99643], [114.982916, 31.002387], [114.98548, 31.017659], [114.980663, 31.025231], [114.971575, 31.021148], [114.977867, 31.006131], [114.969089, 30.99392]]]]}, "properties": {"adcode": 420100, "name": "武汉市", "areas": ["江西茶区"], "areaLabel": "江西茶区", "pointCount": 1, "layer": "tea_city"}}, {"type": "Feature", "geometry": {"type": "MultiPolygon", "coordinates": [[[[114.530919, 27.60116], [114.538528, 27.608021], [114.535632, 27.618563], [114.528121, 27.627207], [114.533423, 27.641093], [114.541768, 27.646836], [114.540884, 27.659103], [114.557869, 27.693943], [114.569553, 27.699795], [114.584181, 27.723645], [114.578291, 27.741586], [114.5832, 27.75334], [114.575345, 27.768936], [114.577407, 27.775286], [114.567736, 27.771721], [114.565429, 27.762977], [114.559293, 27.771053], [114.567491, 27.778404], [114.56646, 27.790211], [114.582807, 27.801681], [114.585114, 27.807973], [114.581481, 27.830019], [114.568865, 27.843378], [114.551291, 27.832913], [114.547315, 27.816658], [114.525863, 27.827235], [114.513001, 27.827792], [114.505147, 27.836698], [114.490518, 27.866919], [114.485609, 27.895183], [114.492187, 27.917323], [114.506865, 27.923496], [114.511627, 27.920271], [114.521494, 27.925165], [114.520757, 27.934453], [114.513099, 27.944796], [114.523703, 27.955138], [114.556397, 27.958029], [114.565969, 27.953137], [114.591152, 27.966147], [114.600774, 27.9801], [114.611132, 27.984492], [114.600332, 27.985492], [114.601903, 27.99483], [114.594588, 28.001944], [114.588599, 28.026007], [114.580451, 28.046897], [114.567736, 28.056174], [114.580549, 28.064117], [114.588894, 28.079835], [114.615402, 28.078058], [114.636462, 28.089165], [114.644611, 28.096939], [114.654969, 28.096773], [114.666947, 28.104158], [114.679612, 28.105379], [114.686533, 28.099549], [114.693848, 28.101326], [114.701358, 28.094052], [114.720847, 28.103214], [114.729732, 28.100104], [114.740925, 28.107656], [114.751234, 28.107156], [114.759922, 28.101548], [114.7827, 28.1076], [114.784762, 28.099827], [114.778331, 28.08811], [114.787511, 28.085111], [114.783142, 28.062951], [114.775337, 28.059174], [114.779804, 28.044841], [114.785645, 28.045286], [114.796249, 28.030063], [114.814805, 28.034063], [114.824475, 28.04573], [114.852751, 28.043897], [114.861636, 28.04773], [114.87921, 28.045897], [114.882794, 28.022284], [114.900024, 28.02784], [114.905375, 28.034896], [114.912199, 28.025117], [114.914997, 28.038619], [114.910579, 28.042897], [114.920888, 28.057896], [114.95039, 28.066117], [114.963105, 28.090498], [114.98279, 28.093052], [114.995258, 28.073726], [115.012391, 28.074726], [115.018281, 28.081501], [115.027805, 28.080835], [115.036003, 28.073282], [115.047539, 28.075281], [115.051613, 28.080779], [115.06153, 28.066561], [115.091081, 28.082279], [115.103747, 28.082556], [115.115037, 28.076781], [115.126426, 28.082001], [115.152051, 28.075059], [115.158776, 28.067561], [115.154604, 28.055841], [115.166974, 28.048786], [115.146356, 28.040675], [115.152738, 28.032841], [115.147584, 28.010336], [115.129715, 28.002556], [115.1332, 27.994274], [115.127801, 27.985992], [115.139091, 27.97493], [115.133937, 27.968871], [115.117001, 27.959975], [115.119554, 27.941682], [115.12731, 27.935009], [115.133053, 27.921439], [115.136833, 27.90197], [115.149351, 27.895183], [115.144197, 27.893236], [115.165551, 27.890343], [115.180867, 27.880217], [115.190292, 27.877936], [115.20654, 27.882165], [115.21734, 27.87482], [115.226275, 27.878882], [115.225391, 27.888007], [115.235749, 27.889286], [115.250378, 27.873763], [115.263386, 27.876712], [115.267755, 27.867809], [115.290827, 27.880551], [115.3004, 27.881052], [115.314832, 27.870591], [115.331572, 27.876489], [115.339034, 27.866807], [115.35003, 27.871426], [115.363235, 27.868143], [115.367456, 27.87393], [115.378649, 27.871092], [115.38886, 27.876434], [115.405795, 27.872539], [115.407661, 27.877936], [115.392198, 27.883611], [115.382478, 27.893403], [115.391265, 27.903361], [115.405648, 27.912984], [115.408201, 27.928669], [115.393621, 27.935954], [115.393621, 27.945574], [115.413355, 27.954749], [115.425284, 27.943684], [115.429653, 27.94424], [115.428475, 27.960309], [115.443987, 27.955083], [115.439373, 27.935954], [115.45032, 27.932617], [115.451596, 27.924108], [115.459991, 27.921605], [115.471232, 27.926222], [115.474521, 27.935843], [115.46431, 27.941515], [115.485517, 27.957307], [115.510897, 27.948355], [115.52744, 27.949078], [115.53711, 27.940292], [115.529011, 27.924831], [115.513842, 27.915654], [115.516198, 27.906699], [115.510553, 27.896741], [115.524249, 27.885392], [115.531711, 27.88478], [115.54359, 27.870536], [115.560919, 27.861131], [115.578248, 27.863302], [115.591158, 27.841819], [115.613347, 27.827959], [115.630135, 27.821836], [115.645402, 27.821056], [115.65414, 27.828349], [115.673874, 27.821335], [115.686785, 27.798563], [115.697732, 27.769716], [115.730327, 27.757964], [115.735089, 27.729607], [115.75232, 27.737686], [115.761205, 27.745764], [115.785946, 27.739636], [115.807447, 27.727936], [115.826347, 27.735513], [115.831305, 27.726877], [115.842645, 27.730332], [115.851775, 27.752839], [115.848241, 27.764425], [115.858402, 27.780632], [115.859139, 27.79628], [115.86557, 27.81148], [115.859581, 27.830353], [115.86552, 27.85501], [115.886138, 27.854731], [115.901552, 27.866473], [115.906805, 27.880829], [115.920255, 27.882554], [115.944898, 27.894126], [115.96046, 27.891122], [115.969345, 27.896352], [115.979703, 27.895962], [115.995019, 27.90058], [116.003413, 27.897576], [116.027026, 27.908201], [116.041458, 27.92422], [116.057707, 27.928613], [116.059572, 27.934731], [116.079061, 27.947076], [116.080091, 27.959253], [116.08662, 27.962033], [116.091088, 27.979044], [116.104391, 27.985937], [116.104784, 27.99433], [116.119412, 28.007557], [116.120198, 28.022895], [116.116565, 28.02984], [116.121376, 28.041619], [116.135121, 28.042452], [116.144154, 28.061895], [116.137085, 28.069505], [116.149357, 28.076503], [116.143859, 28.090276], [116.134925, 28.100548], [116.140521, 28.111431], [116.139834, 28.119981], [116.150781, 28.128808], [116.133599, 28.134914], [116.124518, 28.131916], [116.107189, 28.135746], [116.094573, 28.14496], [116.08181, 28.148013], [116.077441, 28.156615], [116.085491, 28.17404], [116.082841, 28.178701], [116.098353, 28.203944], [116.116025, 28.237167], [116.111362, 28.246095], [116.101151, 28.249477], [116.098107, 28.264447], [116.083626, 28.275812], [116.073513, 28.289005], [116.044305, 28.295989], [116.021135, 28.283905], [115.99659, 28.281743], [115.994577, 28.287785], [115.979949, 28.291056], [115.973861, 28.278861], [115.966105, 28.275978], [115.949709, 28.2813], [115.960018, 28.292774], [115.957662, 28.300644], [115.940284, 28.30735], [115.929779, 28.315164], [115.922121, 28.314942], [115.916525, 28.302695], [115.908818, 28.315108], [115.879364, 28.286899], [115.872049, 28.303249], [115.859875, 28.312726], [115.863213, 28.343145], [115.847897, 28.381585], [115.836067, 28.392328], [115.814222, 28.40296], [115.800575, 28.398586], [115.801409, 28.380422], [115.790757, 28.376269], [115.77765, 28.362145], [115.76847, 28.361591], [115.757278, 28.368515], [115.727038, 28.350457], [115.721688, 28.360151], [115.707304, 28.367407], [115.692332, 28.367629], [115.686883, 28.363253], [115.681238, 28.374275], [115.674218, 28.374995], [115.668278, 28.363198], [115.690958, 28.362145], [115.694296, 28.354723], [115.672549, 28.337383], [115.669996, 28.346247], [115.659, 28.34464], [115.648888, 28.334446], [115.635535, 28.337549], [115.621986, 28.345582], [115.630332, 28.348407], [115.63853, 28.366133], [115.652324, 28.375604], [115.654582, 28.381253], [115.648249, 28.392771], [115.638824, 28.397257], [115.622085, 28.398032], [115.616685, 28.409161], [115.618108, 28.418019], [115.598522, 28.417299], [115.589931, 28.409161], [115.588311, 28.399139], [115.576529, 28.396758], [115.565926, 28.399139], [115.559348, 28.389061], [115.552721, 28.387179], [115.540645, 28.393325], [115.531661, 28.39255], [115.53873, 28.4075], [115.551003, 28.409715], [115.553408, 28.430475], [115.541823, 28.442763], [115.55115, 28.453832], [115.54575, 28.481333], [115.567791, 28.497875], [115.560133, 28.503075], [115.562343, 28.514746], [115.572406, 28.514525], [115.568626, 28.530287], [115.569411, 28.542342], [115.56303, 28.55904], [115.566319, 28.565675], [115.582126, 28.568273], [115.587329, 28.573524], [115.574811, 28.589554], [115.553457, 28.580213], [115.527538, 28.582479], [115.525673, 28.607737], [115.537454, 28.61155], [115.547076, 28.62122], [115.541676, 28.631497], [115.547076, 28.632325], [115.539761, 28.642767], [115.543738, 28.649341], [115.546879, 28.673257], [115.553703, 28.683694], [115.55385, 28.69518], [115.546094, 28.70821], [115.559495, 28.729408], [115.550905, 28.73294], [115.535589, 28.732995], [115.526654, 28.739508], [115.514824, 28.731781], [115.489052, 28.734762], [115.477025, 28.73156], [115.473392, 28.724605], [115.463672, 28.724881], [115.460187, 28.733271], [115.453167, 28.732333], [115.438686, 28.759982], [115.444871, 28.760589], [115.440109, 28.771184], [115.453167, 28.773225], [115.453756, 28.766107], [115.46647, 28.787459], [115.467943, 28.795017], [115.481639, 28.797058], [115.48213, 28.810847], [115.48969, 28.823091], [115.487333, 28.829433], [115.493764, 28.844155], [115.505791, 28.832741], [115.517818, 28.842501], [115.530581, 28.861742], [115.521402, 28.883074], [115.52258, 28.892278], [115.512173, 28.896632], [115.504073, 28.913769], [115.506233, 28.92253], [115.479872, 28.960979], [115.472067, 28.966376], [115.463427, 28.983943], [115.476092, 28.994019], [115.475552, 29.006186], [115.470054, 29.012957], [115.47133, 29.02391], [115.450614, 29.02991], [115.437851, 29.041577], [115.447374, 29.054619], [115.445951, 29.060616], [115.423517, 29.066228], [115.411441, 29.063257], [115.395536, 29.067604], [115.394701, 29.076131], [115.367555, 29.084603], [115.353171, 29.086913], [115.335008, 29.095714], [115.315078, 29.099344], [115.295147, 29.095714], [115.289453, 29.099399], [115.270455, 29.096704], [115.24861, 29.090049], [115.216653, 29.094669], [115.202859, 29.086198], [115.182683, 29.083558], [115.168692, 29.078057], [115.146258, 29.073491], [115.109294, 29.051537], [115.098641, 29.050877], [115.075962, 29.039981], [115.068697, 29.033432], [115.061039, 29.036074], [115.05127, 29.031506], [115.049208, 29.020993], [115.040568, 29.012791], [115.02373, 29.009434], [115.000118, 29.009268], [114.98063, 28.994404], [114.984459, 28.984438], [114.973855, 28.978436], [114.96389, 28.967478], [114.968848, 28.959272], [114.971106, 28.943023], [114.949458, 28.923522], [114.954023, 28.913549], [114.94828, 28.906771], [114.951372, 28.896026], [114.958245, 28.891231], [114.955299, 28.878114], [114.929478, 28.867916], [114.923833, 28.868964], [114.909499, 28.854079], [114.910579, 28.843163], [114.907535, 28.819506], [114.914604, 28.814212], [114.917206, 28.800974], [114.900761, 28.784756], [114.892612, 28.769859], [114.879947, 28.774163], [114.87008, 28.76848], [114.871209, 28.752533], [114.859771, 28.754519], [114.855647, 28.746683], [114.840233, 28.741164], [114.828697, 28.753747], [114.827175, 28.760258], [114.816474, 28.769749], [114.810583, 28.767928], [114.795905, 28.753416], [114.801501, 28.744255], [114.803465, 28.729849], [114.773078, 28.71235], [114.762622, 28.713675], [114.756437, 28.705725], [114.741759, 28.699873], [114.737096, 28.687007], [114.716331, 28.690983], [114.705826, 28.685185], [114.674703, 28.691204], [114.648243, 28.686069], [114.641911, 28.692198], [114.623699, 28.695124], [114.614862, 28.710694], [114.593165, 28.722784], [114.583838, 28.732388], [114.579861, 28.762024], [114.567295, 28.771459], [114.564055, 28.764342], [114.54815, 28.76699], [114.543584, 28.760258], [114.530772, 28.760148], [114.517861, 28.754299], [114.510203, 28.757665], [114.500876, 28.753857], [114.484137, 28.75336], [114.469753, 28.732775], [114.459886, 28.727034], [114.467642, 28.701916], [114.465482, 28.696891], [114.439759, 28.707271], [114.4241, 28.716049], [114.41006, 28.706222], [114.393026, 28.704345], [114.370347, 28.714172], [114.36529, 28.701695], [114.345556, 28.70578], [114.341187, 28.713013], [114.313943, 28.728028], [114.313255, 28.734762], [114.288465, 28.757941], [114.280414, 28.757941], [114.270498, 28.767487], [114.267946, 28.785308], [114.257342, 28.807593], [114.246886, 28.809358], [114.232846, 28.800422], [114.226023, 28.806159], [114.224992, 28.820113], [114.213358, 28.828936], [114.204424, 28.820499], [114.197551, 28.807483], [114.163728, 28.78597], [114.163826, 28.775984], [114.153518, 28.770963], [114.15715, 28.761472], [114.151996, 28.742433], [114.146596, 28.734541], [114.149345, 28.723777], [114.139969, 28.702965], [114.128236, 28.701032], [114.122395, 28.689492], [114.123327, 28.682203], [114.133096, 28.67171], [114.129414, 28.662266], [114.132802, 28.641828], [114.122296, 28.623264], [114.132114, 28.607184], [114.118713, 28.586846], [114.104575, 28.583143], [114.094806, 28.570097], [114.094708, 28.562247], [114.086166, 28.558322], [114.100648, 28.540296], [114.118517, 28.538969], [114.123229, 28.534711], [114.138103, 28.533716], [114.140607, 28.523429], [114.154647, 28.507555], [114.174675, 28.497377], [114.195587, 28.498539], [114.218807, 28.482606], [114.219298, 28.470544], [114.202313, 28.459255], [114.19004, 28.441324], [114.172368, 28.432799], [114.193378, 28.430862], [114.202264, 28.424441], [114.214634, 28.403071], [114.228134, 28.395429], [114.252482, 28.395762], [114.256017, 28.392107], [114.258079, 28.372946], [114.250617, 28.368127], [114.26014, 28.35572], [114.247132, 28.338103], [114.255526, 28.326579], [114.250617, 28.318212], [114.235154, 28.310897], [114.215665, 28.293993], [114.19814, 28.290723], [114.199122, 28.272486], [114.18464, 28.267607], [114.182137, 28.250032], [114.170699, 28.253525], [114.145025, 28.247814], [114.143798, 28.238165], [114.12966, 28.228127], [114.121216, 28.213152], [114.106637, 28.201614], [114.107275, 28.182973], [114.083761, 28.1792], [114.068691, 28.171654], [114.053473, 28.171099], [114.048024, 28.176703], [114.025001, 28.172153], [114.012336, 28.175094], [114.007377, 28.166549], [113.992651, 28.161443], [113.999916, 28.147236], [114.006003, 28.144849], [114.007181, 28.125421], [114.01479, 28.123312], [114.017343, 28.10277], [114.027013, 28.092386], [114.04714, 28.057452], [114.027553, 28.041786], [114.026817, 28.031785], [114.000554, 28.040452], [113.989263, 28.03873], [113.963344, 28.039619], [113.956962, 28.028396], [113.966339, 28.019283], [113.96192, 28.015171], [113.93065, 28.015338], [113.915825, 27.993496], [113.92363, 27.984158], [113.942235, 27.989828], [113.95171, 27.987549], [113.950286, 27.979266], [113.958239, 27.96926], [113.975371, 27.967759], [113.977138, 27.975598], [113.990785, 27.973596], [114.002959, 27.955361], [113.997658, 27.94107], [113.991423, 27.940737], [113.974046, 27.92383], [113.956275, 27.91393], [113.947095, 27.899968], [113.940223, 27.900413], [113.942383, 27.909091], [113.935559, 27.911927], [113.906842, 27.889064], [113.902571, 27.878659], [113.891182, 27.870981], [113.910769, 27.863969], [113.906498, 27.856568], [113.911014, 27.84911], [113.906695, 27.84104], [113.896582, 27.843266], [113.90424, 27.834973], [113.900166, 27.829963], [113.914353, 27.832635], [113.920292, 27.828293], [113.933792, 27.830241], [113.939388, 27.802795], [113.944346, 27.810144], [113.958337, 27.81471], [113.967124, 27.808307], [113.960153, 27.791992], [113.961871, 27.779797], [113.973555, 27.775397], [113.9738, 27.761083], [113.984453, 27.762141], [114.000996, 27.752003], [114.020386, 27.761807], [114.037322, 27.754231], [114.043655, 27.743201], [114.062603, 27.745931], [114.069672, 27.743759], [114.094708, 27.756404], [114.106146, 27.752282], [114.11562, 27.756404], [114.111202, 27.764258], [114.116308, 27.770886], [114.12912, 27.768379], [114.131574, 27.761194], [114.142276, 27.76125], [114.149247, 27.75178], [114.157837, 27.748717], [114.162894, 27.737463], [114.178062, 27.733117], [114.176688, 27.722643], [114.190237, 27.709492], [114.192298, 27.6945], [114.202264, 27.680398], [114.217089, 27.665235], [114.2057, 27.644829], [114.195882, 27.641372], [114.206878, 27.637468], [114.213112, 27.627319], [114.236479, 27.604395], [114.255526, 27.589724], [114.265246, 27.587158], [114.273247, 27.576557], [114.281936, 27.578064], [114.308788, 27.57572], [114.334757, 27.557306], [114.348354, 27.564226], [114.365094, 27.546759], [114.372801, 27.546647], [114.375157, 27.555744], [114.385123, 27.555967], [114.38635, 27.550386], [114.416982, 27.548154], [114.424689, 27.559148], [114.447614, 27.568076], [114.464599, 27.557864], [114.483891, 27.57572], [114.503772, 27.58554], [114.502791, 27.595526], [114.517616, 27.607463], [114.530919, 27.60116]]]]}, "properties": {"adcode": 360900, "name": "宜春市", "areas": ["江西茶区"], "areaLabel": "江西茶区", "pointCount": 1, "layer": "tea_city"}}, {"type": "Feature", "geometry": {"type": "MultiPolygon", "coordinates": [[[[114.281936, 27.578064], [114.266571, 27.570866], [114.261368, 27.563277], [114.247622, 27.557362], [114.240357, 27.558199], [114.226121, 27.547652], [114.226268, 27.53928], [114.219003, 27.525604], [114.202116, 27.52019], [114.19814, 27.505172], [114.205013, 27.496797], [114.195489, 27.473567], [114.18145, 27.46653], [114.177915, 27.450109], [114.173497, 27.444802], [114.155923, 27.439216], [114.144043, 27.430947], [114.122346, 27.429383], [114.112871, 27.436869], [114.082043, 27.428154], [114.070261, 27.435864], [114.062849, 27.431674], [114.041348, 27.434244], [114.030057, 27.426087], [114.030646, 27.417035], [114.023184, 27.401892], [114.02181, 27.391665], [114.031971, 27.379648], [114.038697, 27.381381], [114.049496, 27.375791], [114.054553, 27.360027], [114.074336, 27.353206], [114.071096, 27.340626], [114.082681, 27.332574], [114.100648, 27.329387], [114.116749, 27.309757], [114.142227, 27.318594], [114.13884, 27.303325], [114.144829, 27.289285], [114.14851, 27.265284], [114.157837, 27.253142], [114.157641, 27.242845], [114.122787, 27.218274], [114.113411, 27.223704], [114.095395, 27.208982], [114.09731, 27.196385], [114.091321, 27.190898], [114.08597, 27.168948], [114.073207, 27.153491], [114.050527, 27.158475], [114.03742, 27.15013], [114.013416, 27.122626], [114.00399, 27.094778], [113.995841, 27.085476], [113.99486, 27.076733], [114.001094, 27.068718], [113.996823, 27.056386], [113.98784, 27.051228], [113.97542, 27.033736], [113.966584, 27.033624], [113.95981, 27.021401], [113.961184, 26.999024], [113.948323, 26.998576], [113.932712, 26.981973], [113.921421, 26.960038], [113.92638, 26.947189], [113.902178, 26.925809], [113.903013, 26.910655], [113.891379, 26.897856], [113.892066, 26.860519], [113.877437, 26.859509], [113.859028, 26.833787], [113.857948, 26.826822], [113.83576, 26.806373], [113.836791, 26.796148], [113.845922, 26.788169], [113.85353, 26.7694], [113.852843, 26.750009], [113.85677, 26.735619], [113.856427, 26.71476], [113.861385, 26.705932], [113.862661, 26.689512], [113.860501, 26.664088], [113.868012, 26.653006], [113.881462, 26.654356], [113.884948, 26.63579], [113.901344, 26.627913], [113.906449, 26.615702], [113.934774, 26.613], [113.953182, 26.613732], [113.960006, 26.618121], [113.984404, 26.614576], [113.996381, 26.615589], [114.017686, 26.599606], [114.019748, 26.587448], [114.0331, 26.58559], [114.042575, 26.579905], [114.060885, 26.580636], [114.069672, 26.575851], [114.084694, 26.577765], [114.10811, 26.575007], [114.105901, 26.559693], [114.096279, 26.548263], [114.097506, 26.541224], [114.086265, 26.525737], [114.084203, 26.50501], [114.072716, 26.479884], [114.086756, 26.478194], [114.098095, 26.484166], [114.110122, 26.482983], [114.090535, 26.45571], [114.086412, 26.439592], [114.085774, 26.423471], [114.089063, 26.41806], [114.08543, 26.406277], [114.071685, 26.409829], [114.062505, 26.406108], [114.049889, 26.39111], [114.042968, 26.390264], [114.031873, 26.369287], [114.039679, 26.361391], [114.039777, 26.345654], [114.047582, 26.337362], [114.035604, 26.323371], [114.041789, 26.309547], [114.025737, 26.296795], [114.021221, 26.283024], [114.029321, 26.266374], [114.011256, 26.258527], [114.002714, 26.251358], [113.989116, 26.246672], [113.978905, 26.237752], [113.980182, 26.226459], [113.971542, 26.219344], [113.970069, 26.20212], [113.949501, 26.192687], [113.946114, 26.184497], [113.95117, 26.169584], [113.944494, 26.163765], [113.962657, 26.150826], [113.97218, 26.154725], [113.985483, 26.166364], [113.992111, 26.167833], [114.013366, 26.184045], [114.027897, 26.180035], [114.03639, 26.188564], [114.040955, 26.17738], [114.055338, 26.181334], [114.059118, 26.166138], [114.074679, 26.171787], [114.088572, 26.168397], [114.100353, 26.178397], [114.102808, 26.18783], [114.141932, 26.203362], [114.153223, 26.204379], [114.181302, 26.214488], [114.183757, 26.201047], [114.192249, 26.196698], [114.216794, 26.203136], [114.222145, 26.188847], [114.232208, 26.179922], [114.218463, 26.16851], [114.225385, 26.159641], [114.235694, 26.160093], [114.237265, 26.152182], [114.225336, 26.147719], [114.214978, 26.137435], [114.188911, 26.121272], [114.171043, 26.12325], [114.156708, 26.115789], [114.108748, 26.100302], [114.107471, 26.095158], [114.118958, 26.089901], [114.120186, 26.084247], [114.106931, 26.069434], [114.100059, 26.071809], [114.085577, 26.066324], [114.069869, 26.078537], [114.043802, 26.076671], [114.045864, 26.070678], [114.035211, 26.058973], [114.036586, 26.046815], [114.028093, 26.031149], [114.008457, 26.01565], [114.009047, 26.004166], [114.017588, 25.992908], [114.027062, 25.991493], [114.028241, 25.981365], [114.02073, 25.972198], [114.038991, 25.986797], [114.054504, 25.990871], [114.075612, 25.986684], [114.082828, 25.992229], [114.105066, 25.990701], [114.122296, 26.004562], [114.133587, 26.002356], [114.150867, 26.011634], [114.151554, 26.018535], [114.161323, 26.02538], [114.190089, 26.029339], [114.221359, 26.018875], [114.231079, 26.02668], [114.257686, 26.026171], [114.27742, 26.035504], [114.281789, 26.031884], [114.294503, 26.036861], [114.292, 26.048568], [114.317183, 26.069717], [114.33348, 26.076502], [114.344575, 26.088374], [114.356945, 26.090862], [114.375059, 26.116524], [114.393615, 26.112116], [114.401813, 26.113698], [114.412073, 26.107142], [114.426309, 26.10782], [114.424296, 26.099285], [114.428714, 26.082042], [114.445012, 26.110476], [114.456548, 26.114376], [114.452817, 26.142859], [114.466415, 26.14495], [114.4807, 26.152182], [114.4861, 26.161787], [114.502349, 26.171448], [114.520021, 26.192744], [114.522819, 26.207485], [114.51845, 26.213245], [114.532932, 26.22053], [114.543093, 26.213415], [114.552224, 26.22629], [114.565331, 26.228944], [114.576327, 26.23555], [114.594539, 26.232218], [114.598663, 26.224709], [114.607499, 26.223184], [114.610052, 26.216125], [114.606468, 26.201555], [114.63602, 26.202346], [114.641813, 26.191332], [114.653987, 26.198505], [114.668959, 26.194325], [114.667192, 26.185119], [114.685601, 26.181955], [114.698315, 26.169358], [114.714809, 26.162578], [114.726051, 26.17416], [114.728161, 26.184215], [114.739747, 26.185966], [114.76601, 26.176137], [114.765764, 26.182351], [114.775042, 26.192631], [114.798556, 26.183424], [114.817456, 26.182577], [114.825752, 26.190315], [114.834981, 26.189411], [114.851573, 26.199183], [114.861096, 26.194325], [114.860458, 26.185119], [114.871258, 26.184667], [114.889765, 26.203701], [114.901301, 26.201894], [114.909008, 26.211777], [114.930509, 26.208276], [114.939051, 26.199691], [114.945089, 26.201668], [114.96551, 26.197884], [114.974199, 26.201442], [114.984704, 26.195963], [114.99732, 26.19811], [115.008562, 26.189016], [115.013863, 26.168906], [115.02157, 26.175459], [115.028443, 26.160488], [115.04641, 26.157211], [115.054117, 26.148001], [115.063837, 26.143424], [115.078269, 26.144554], [115.095254, 26.154217], [115.099132, 26.167889], [115.086418, 26.172408], [115.081607, 26.187039], [115.065211, 26.193252], [115.046017, 26.195963], [115.051466, 26.203362], [115.047195, 26.21172], [115.061333, 26.227871], [115.070366, 26.230299], [115.078613, 26.24735], [115.079153, 26.256269], [115.091131, 26.266938], [115.071347, 26.286636], [115.069875, 26.296004], [115.074489, 26.311014], [115.067469, 26.323991], [115.050239, 26.339731], [115.045379, 26.340916], [115.026529, 26.359473], [115.037083, 26.367708], [115.031683, 26.382539], [115.032763, 26.392802], [115.043514, 26.397989], [115.03777, 26.410054], [115.044643, 26.42629], [115.054755, 26.431137], [115.06094, 26.446862], [115.073606, 26.457232], [115.096138, 26.487715], [115.114939, 26.503996], [115.165894, 26.522752], [115.185137, 26.520669], [115.192599, 26.522809], [115.217291, 26.513572], [115.226913, 26.517064], [115.230791, 26.527427], [115.218715, 26.532045], [115.235356, 26.558905], [115.251408, 26.572248], [115.26913, 26.60332], [115.283906, 26.611199], [115.286017, 26.620429], [115.302069, 26.632583], [115.299614, 26.654863], [115.317336, 26.661726], [115.328872, 26.662907], [115.336334, 26.67382], [115.34733, 26.673538], [115.357786, 26.661895], [115.357491, 26.656269], [115.368536, 26.652669], [115.390676, 26.655988], [115.406286, 26.661613], [115.410803, 26.659082], [115.427837, 26.671289], [115.426708, 26.675282], [115.449485, 26.687824], [115.46112, 26.678882], [115.46274, 26.672526], [115.475896, 26.675113], [115.488659, 26.681806], [115.501864, 26.677476], [115.508197, 26.686531], [115.526703, 26.695417], [115.534754, 26.687712], [115.537405, 26.656438], [115.554635, 26.646311], [115.591845, 26.650531], [115.592385, 26.660657], [115.607063, 26.657957], [115.618796, 26.662232], [115.643979, 26.661163], [115.649968, 26.653569], [115.665725, 26.648674], [115.67034, 26.641811], [115.675789, 26.652838], [115.683005, 26.654188], [115.687767, 26.666282], [115.698812, 26.672695], [115.704408, 26.68535], [115.715159, 26.689399], [115.701708, 26.700759], [115.70863, 26.708294], [115.721491, 26.705482], [115.731555, 26.711274], [115.728069, 26.745456], [115.724486, 26.758609], [115.705341, 26.754225], [115.687423, 26.765072], [115.680943, 26.765297], [115.676869, 26.776705], [115.691154, 26.780808], [115.688699, 26.79272], [115.695817, 26.800418], [115.687423, 26.803227], [115.691105, 26.815137], [115.688061, 26.823058], [115.705292, 26.841313], [115.708139, 26.852714], [115.721786, 26.848221], [115.728904, 26.839347], [115.748834, 26.832607], [115.760812, 26.813958], [115.785406, 26.804126], [115.789873, 26.824519], [115.793457, 26.828282], [115.807055, 26.85788], [115.823205, 26.858835], [115.832827, 26.883148], [115.835478, 26.897519], [115.864539, 26.9097], [115.882505, 26.92463], [115.904252, 26.951061], [115.920452, 26.956784], [115.928895, 26.955269], [115.935375, 26.965031], [115.930908, 26.971988], [115.913776, 26.984666], [115.894729, 26.979281], [115.883438, 26.989938], [115.885402, 26.999866], [115.874749, 26.997118], [115.861004, 27.005867], [115.86287, 27.021457], [115.853493, 27.035867], [115.85261, 27.055993], [115.845639, 27.056274], [115.848094, 27.068325], [115.826445, 27.08116], [115.819425, 27.105985], [115.814173, 27.110468], [115.792377, 27.115286], [115.772348, 27.110076], [115.756492, 27.110356], [115.741618, 27.104248], [115.718399, 27.100326], [115.711673, 27.114558], [115.698468, 27.120441], [115.695768, 27.127164], [115.681532, 27.13523], [115.6752, 27.154499], [115.665185, 27.169116], [115.667002, 27.179084], [115.659491, 27.191682], [115.640395, 27.187819], [115.630037, 27.213292], [115.627926, 27.247042], [115.641819, 27.254932], [115.645059, 27.260808], [115.670782, 27.265732], [115.675789, 27.263885], [115.694983, 27.271327], [115.693461, 27.285313], [115.686441, 27.289956], [115.681876, 27.31082], [115.681925, 27.32413], [115.676721, 27.33688], [115.683349, 27.356337], [115.68973, 27.365282], [115.701217, 27.369363], [115.702003, 27.384343], [115.696112, 27.401165], [115.712606, 27.415303], [115.719822, 27.425081], [115.724977, 27.440445], [115.713293, 27.452287], [115.702739, 27.455248], [115.68384, 27.448098], [115.675936, 27.45117], [115.668425, 27.446645], [115.651048, 27.451282], [115.630724, 27.469099], [115.627092, 27.479543], [115.619925, 27.484066], [115.604609, 27.511537], [115.591944, 27.523707], [115.604805, 27.533419], [115.609027, 27.567964], [115.607014, 27.575776], [115.621986, 27.593239], [115.634652, 27.612093], [115.634603, 27.616276], [115.653404, 27.638138], [115.681925, 27.65704], [115.694737, 27.677332], [115.71241, 27.692382], [115.725468, 27.70977], [115.735089, 27.729607], [115.730327, 27.757964], [115.697732, 27.769716], [115.686785, 27.798563], [115.673874, 27.821335], [115.65414, 27.828349], [115.645402, 27.821056], [115.630135, 27.821836], [115.613347, 27.827959], [115.591158, 27.841819], [115.578248, 27.863302], [115.560919, 27.861131], [115.54359, 27.870536], [115.531711, 27.88478], [115.524249, 27.885392], [115.510553, 27.896741], [115.516198, 27.906699], [115.513842, 27.915654], [115.529011, 27.924831], [115.53711, 27.940292], [115.52744, 27.949078], [115.510897, 27.948355], [115.485517, 27.957307], [115.46431, 27.941515], [115.474521, 27.935843], [115.471232, 27.926222], [115.459991, 27.921605], [115.451596, 27.924108], [115.45032, 27.932617], [115.439373, 27.935954], [115.443987, 27.955083], [115.428475, 27.960309], [115.429653, 27.94424], [115.425284, 27.943684], [115.413355, 27.954749], [115.393621, 27.945574], [115.393621, 27.935954], [115.408201, 27.928669], [115.405648, 27.912984], [115.391265, 27.903361], [115.382478, 27.893403], [115.392198, 27.883611], [115.407661, 27.877936], [115.405795, 27.872539], [115.392541, 27.869645], [115.388663, 27.85885], [115.382625, 27.864748], [115.360535, 27.861576], [115.360682, 27.845827], [115.350815, 27.830909], [115.324356, 27.812037], [115.31925, 27.798229], [115.297602, 27.777736], [115.280224, 27.767377], [115.250279, 27.761083], [115.240069, 27.760749], [115.225636, 27.754789], [115.198097, 27.750611], [115.191175, 27.742979], [115.17257, 27.733285], [115.165796, 27.733117], [115.158825, 27.724203], [115.160053, 27.717182], [115.139189, 27.709324], [115.135459, 27.718909], [115.139042, 27.726376], [115.129126, 27.741474], [115.118572, 27.738689], [115.119014, 27.731], [115.111208, 27.726543], [115.102863, 27.710941], [115.082884, 27.70403], [115.079104, 27.716959], [115.069433, 27.721528], [115.058535, 27.73256], [115.054608, 27.723367], [115.023092, 27.708377], [115.025645, 27.696116], [115.015582, 27.689205], [115.01514, 27.66819], [115.019951, 27.665124], [115.019214, 27.654364], [115.009985, 27.650628], [114.997664, 27.655479], [114.980335, 27.674322], [114.976015, 27.674712], [114.960748, 27.66111], [114.971303, 27.654698], [114.97037, 27.649959], [114.954072, 27.63942], [114.943714, 27.639866], [114.926091, 27.630944], [114.926386, 27.62414], [114.91318, 27.615216], [114.888488, 27.608467], [114.879603, 27.591453], [114.865269, 27.5919], [114.848431, 27.582639], [114.847106, 27.587604], [114.826783, 27.590728], [114.819223, 27.606682], [114.808374, 27.614882], [114.793893, 27.617113], [114.79242, 27.62375], [114.78162, 27.628155], [114.77244, 27.613766], [114.759726, 27.605455], [114.745343, 27.604061], [114.735819, 27.589668], [114.730469, 27.600156], [114.692473, 27.594522], [114.671757, 27.586544], [114.666996, 27.567685], [114.660614, 27.563947], [114.651827, 27.542294], [114.634744, 27.530238], [114.623502, 27.535261], [114.620115, 27.550163], [114.601805, 27.549158], [114.593656, 27.555632], [114.59071, 27.56484], [114.572989, 27.565007], [114.540148, 27.559929], [114.533275, 27.567351], [114.534944, 27.586098], [114.529937, 27.591174], [114.530919, 27.60116], [114.517616, 27.607463], [114.502791, 27.595526], [114.503772, 27.58554], [114.483891, 27.57572], [114.464599, 27.557864], [114.447614, 27.568076], [114.424689, 27.559148], [114.416982, 27.548154], [114.38635, 27.550386], [114.385123, 27.555967], [114.375157, 27.555744], [114.372801, 27.546647], [114.365094, 27.546759], [114.348354, 27.564226], [114.334757, 27.557306], [114.308788, 27.57572], [114.281936, 27.578064]]]]}, "properties": {"adcode": 360800, "name": "吉安市", "areas": ["江西茶区"], "areaLabel": "江西茶区", "pointCount": 1, "layer": "tea_city"}}, {"type": "Feature", "geometry": {"type": "MultiPolygon", "coordinates": [[[[119.799983, 26.546836], [119.794279, 26.556833], [119.782628, 26.566734], [119.763664, 26.577063], [119.743676, 26.575825], [119.744066, 26.5684], [119.72871, 26.559547], [119.699362, 26.569257], [119.681909, 26.559118], [119.675084, 26.537647], [119.665529, 26.535743], [119.659337, 26.526077], [119.637936, 26.52822], [119.622579, 26.521125], [119.610391, 26.527363], [119.605029, 26.536124], [119.59562, 26.540742], [119.585382, 26.537219], [119.565492, 26.546455], [119.557643, 26.544932], [119.556229, 26.554786], [119.534779, 26.56107], [119.524444, 26.573588], [119.530781, 26.578348], [119.50665, 26.607234], [119.500556, 26.621222], [119.473889, 26.631356], [119.466625, 26.627264], [119.449075, 26.630642], [119.424505, 26.624695], [119.408466, 26.6344], [119.401592, 26.628121], [119.414559, 26.623506], [119.406418, 26.617464], [119.388039, 26.622935], [119.380434, 26.621508], [119.379556, 26.611516], [119.371513, 26.601524], [119.360641, 26.598954], [119.351476, 26.602999], [119.344212, 26.597955], [119.348307, 26.590198], [119.335486, 26.585249], [119.332268, 26.578919], [119.31501, 26.575492], [119.320275, 26.585249], [119.316083, 26.591293], [119.29902, 26.591436], [119.285126, 26.570352], [119.279179, 26.535076], [119.253682, 26.54855], [119.246662, 26.532886], [119.229111, 26.52403], [119.215461, 26.536743], [119.21512, 26.545884], [119.204492, 26.563402], [119.196107, 26.568876], [119.182311, 26.55431], [119.167247, 26.549407], [119.159398, 26.541266], [119.14838, 26.543694], [119.141311, 26.537933], [119.135022, 26.542409], [119.115912, 26.538885], [119.1125, 26.55074], [119.101628, 26.559213], [119.100312, 26.575016], [119.090415, 26.565973], [119.072134, 26.56721], [119.063213, 26.570875], [119.065406, 26.579395], [119.07696, 26.586296], [119.074084, 26.59272], [119.057801, 26.603665], [119.051317, 26.597194], [119.028453, 26.598431], [119.026259, 26.587724], [119.015729, 26.58977], [119.013974, 26.573493], [119.006125, 26.555738], [118.99384, 26.553644], [119.00164, 26.54536], [118.995108, 26.528791], [118.983944, 26.5336], [118.968197, 26.532458], [118.953816, 26.525554], [118.948307, 26.510506], [118.940702, 26.503219], [118.939824, 26.493456], [118.950988, 26.491646], [118.954206, 26.482881], [118.950257, 26.469496], [118.938313, 26.465637], [118.926272, 26.477594], [118.906528, 26.477975], [118.872109, 26.466494], [118.868599, 26.456299], [118.860214, 26.453392], [118.854803, 26.439526], [118.827551, 26.426374], [118.810342, 26.432378], [118.811122, 26.448056], [118.797521, 26.460348], [118.804736, 26.468305], [118.805321, 26.4825], [118.796838, 26.490026], [118.783822, 26.493218], [118.782847, 26.505648], [118.762274, 26.511554], [118.748185, 26.510792], [118.746917, 26.50241], [118.754913, 26.48512], [118.735656, 26.470544], [118.73551, 26.448151], [118.731171, 26.43843], [118.762274, 26.420941], [118.753304, 26.398539], [118.766271, 26.392675], [118.779922, 26.373271], [118.798935, 26.36054], [118.794157, 26.340463], [118.773487, 26.328635], [118.75345, 26.334263], [118.751988, 26.338651], [118.720543, 26.340368], [118.711476, 26.326679], [118.691829, 26.311033], [118.690708, 26.297913], [118.696607, 26.291472], [118.681494, 26.291806], [118.683395, 26.286987], [118.666479, 26.275344], [118.67306, 26.251768], [118.668672, 26.243416], [118.663261, 26.227901], [118.651025, 26.224751], [118.631378, 26.23468], [118.611634, 26.235587], [118.598764, 26.22709], [118.612414, 26.210284], [118.609733, 26.204937], [118.60008, 26.210093], [118.587356, 26.209377], [118.578483, 26.204029], [118.57434, 26.185501], [118.579702, 26.175902], [118.568002, 26.176379], [118.564541, 26.168499], [118.564882, 26.138117], [118.572975, 26.128848], [118.586771, 26.132384], [118.581799, 26.114227], [118.5837, 26.098504], [118.588867, 26.094107], [118.592329, 26.076518], [118.601738, 26.076518], [118.593596, 26.061699], [118.600958, 26.055245], [118.591939, 26.052232], [118.577557, 26.062177], [118.552792, 26.057922], [118.516375, 26.059308], [118.52242, 26.042096], [118.515936, 26.025168], [118.519056, 25.986474], [118.513889, 25.976667], [118.519983, 25.969347], [118.515546, 25.961691], [118.520568, 25.957002], [118.514425, 25.933553], [118.519592, 25.924603], [118.507746, 25.901531], [118.518325, 25.887647], [118.512572, 25.885493], [118.507259, 25.896122], [118.485223, 25.900095], [118.480251, 25.90359], [118.471085, 25.898563], [118.476887, 25.882046], [118.476448, 25.87132], [118.459824, 25.865813], [118.463432, 25.895786], [118.43618, 25.918477], [118.432524, 25.917615], [118.417411, 25.899185], [118.418483, 25.892387], [118.409806, 25.889419], [118.406247, 25.878455], [118.41239, 25.875582], [118.421213, 25.854607], [118.405028, 25.843161], [118.397131, 25.845843], [118.392743, 25.82539], [118.382115, 25.814132], [118.391914, 25.809964], [118.397959, 25.801005], [118.414632, 25.789744], [118.417996, 25.769186], [118.425016, 25.761374], [118.430915, 25.730552], [118.448514, 25.718134], [118.454364, 25.720723], [118.46855, 25.71075], [118.479958, 25.707106], [118.492438, 25.688739], [118.510232, 25.674974], [118.523736, 25.659097], [118.540068, 25.661592], [118.54348, 25.671521], [118.566491, 25.681114], [118.571853, 25.674015], [118.577801, 25.677325], [118.576241, 25.687013], [118.583846, 25.677804], [118.587746, 25.689986], [118.598569, 25.683368], [118.604906, 25.685142], [118.605053, 25.697084], [118.611975, 25.699098], [118.610123, 25.708496], [118.625479, 25.697419], [118.631866, 25.697995], [118.634937, 25.708496], [118.653657, 25.711757], [118.668234, 25.708544], [118.676521, 25.7014], [118.674425, 25.694926], [118.691098, 25.695022], [118.691634, 25.689794], [118.707186, 25.682888], [118.726296, 25.694734], [118.727612, 25.687157], [118.723322, 25.669794], [118.729952, 25.668163], [118.73785, 25.678188], [118.744724, 25.679147], [118.753596, 25.696221], [118.760421, 25.689123], [118.772414, 25.686389], [118.798983, 25.699961], [118.806491, 25.709551], [118.801226, 25.711709], [118.811902, 25.720819], [118.82643, 25.719812], [118.83891, 25.70888], [118.853682, 25.703845], [118.877862, 25.708832], [118.874449, 25.698331], [118.882786, 25.702407], [118.905162, 25.722257], [118.920324, 25.726333], [118.921055, 25.732086], [118.93451, 25.747282], [118.942359, 25.748528], [118.952597, 25.760032], [118.951037, 25.751979], [118.955035, 25.732709], [118.951524, 25.712716], [118.975461, 25.732086], [119.014803, 25.735489], [119.025869, 25.74268], [119.041226, 25.741769], [119.048782, 25.747138], [119.071061, 25.752698], [119.076717, 25.748576], [119.088368, 25.754999], [119.090562, 25.749631], [119.105772, 25.754472], [119.132877, 25.752794], [119.152231, 25.744741], [119.146771, 25.731558], [119.124346, 25.713723], [119.144139, 25.709887], [119.151646, 25.700297], [119.141604, 25.697132], [119.144285, 25.684855], [119.154718, 25.675598], [119.145553, 25.676269], [119.144236, 25.668451], [119.133316, 25.646337], [119.133999, 25.633383], [119.151451, 25.6187], [119.155205, 25.603055], [119.162372, 25.600703], [119.161689, 25.591392], [119.169099, 25.593216], [119.170708, 25.581888], [119.163639, 25.587216], [119.157009, 25.584192], [119.166662, 25.574304], [119.168807, 25.566335], [119.180702, 25.555101], [119.20186, 25.5515], [119.203907, 25.54497], [119.227746, 25.564607], [119.23501, 25.542713], [119.24437, 25.527923], [119.243005, 25.513659], [119.230818, 25.503861], [119.223798, 25.48969], [119.209416, 25.492621], [119.212682, 25.472011], [119.219751, 25.468648], [119.256119, 25.488922], [119.256119, 25.479218], [119.272646, 25.477824], [119.261482, 25.451302], [119.263188, 25.427898], [119.288002, 25.410978], [119.35367, 25.411844], [119.354547, 25.443709], [119.343627, 25.47254], [119.350208, 25.50535], [119.357034, 25.520719], [119.397399, 25.506311], [119.401202, 25.49363], [119.424651, 25.488009], [119.435571, 25.499538], [119.452926, 25.493726], [119.442786, 25.47254], [119.441275, 25.459423], [119.44732, 25.450773], [119.430257, 25.435732], [119.438399, 25.427369], [119.438642, 25.412661], [119.4442, 25.411747], [119.447856, 25.425542], [119.456631, 25.435059], [119.462482, 25.447938], [119.490074, 25.446833], [119.485931, 25.422418], [119.507235, 25.396316], [119.505382, 25.389153], [119.491196, 25.377084], [119.485736, 25.367275], [119.496656, 25.358812], [119.5008, 25.36641], [119.519959, 25.376892], [119.53395, 25.372516], [119.531708, 25.360639], [119.548527, 25.366073], [119.552134, 25.38045], [119.564858, 25.385258], [119.568222, 25.393864], [119.578898, 25.400787], [119.572512, 25.414343], [119.555352, 25.429147], [119.559886, 25.445728], [119.573, 25.450293], [119.584115, 25.425975], [119.581043, 25.413526], [119.590404, 25.398191], [119.58275, 25.379921], [119.584261, 25.370112], [119.596449, 25.352944], [119.588795, 25.345778], [119.597375, 25.334668], [119.612, 25.340969], [119.636034, 25.33866], [119.6491, 25.342941], [119.658508, 25.354002], [119.657046, 25.363284], [119.643152, 25.355926], [119.630672, 25.358667], [119.644956, 25.362899], [119.654316, 25.36992], [119.660215, 25.366025], [119.665236, 25.372084], [119.656461, 25.396989], [119.65807, 25.407806], [119.668356, 25.40795], [119.672402, 25.418958], [119.670111, 25.435491], [119.656802, 25.438519], [119.657143, 25.428378], [119.646272, 25.434194], [119.640081, 25.429291], [119.62292, 25.434049], [119.641104, 25.44443], [119.648905, 25.461681], [119.674986, 25.468119], [119.680398, 25.46072], [119.687564, 25.4612], [119.68108, 25.450341], [119.685516, 25.440105], [119.703115, 25.440489], [119.703018, 25.433521], [119.718569, 25.419727], [119.738606, 25.416362], [119.756693, 25.396268], [119.772537, 25.395066], [119.783554, 25.411507], [119.762348, 25.417516], [119.764249, 25.433377], [119.77512, 25.437414], [119.803737, 25.457597], [119.813828, 25.458125], [119.826504, 25.465285], [119.83991, 25.46269], [119.845224, 25.452792], [119.855072, 25.450773], [119.866577, 25.454954], [119.859459, 25.461921], [119.863896, 25.479746], [119.851464, 25.47744], [119.843079, 25.483686], [119.833085, 25.481716], [119.829965, 25.490171], [119.81612, 25.493774], [119.811001, 25.507127], [119.81456, 25.529411], [119.821239, 25.534886], [119.844054, 25.544009], [119.854145, 25.533493], [119.870867, 25.53575], [119.887296, 25.552412], [119.890367, 25.565663], [119.884663, 25.569695], [119.871891, 25.56379], [119.845614, 25.569743], [119.831427, 25.580016], [119.841665, 25.592064], [119.84069, 25.601279], [119.808905, 25.61846], [119.787991, 25.615293], [119.780385, 25.62369], [119.779264, 25.637221], [119.791891, 25.653868], [119.791403, 25.665381], [119.784529, 25.667492], [119.749575, 25.646193], [119.727881, 25.63842], [119.719447, 25.622442], [119.712476, 25.623738], [119.700288, 25.616396], [119.692732, 25.601999], [119.683761, 25.595904], [119.692293, 25.577424], [119.708283, 25.571136], [119.717789, 25.547466], [119.713353, 25.536182], [119.714328, 25.521055], [119.723932, 25.517549], [119.718716, 25.511594], [119.706723, 25.513755], [119.696534, 25.510777], [119.691756, 25.501603], [119.676059, 25.49142], [119.678935, 25.483734], [119.674986, 25.47499], [119.654121, 25.470282], [119.652658, 25.485655], [119.644029, 25.485607], [119.634426, 25.475182], [119.62448, 25.473837], [119.627259, 25.488874], [119.613901, 25.504822], [119.612585, 25.522304], [119.6198, 25.537239], [119.616437, 25.556781], [119.600349, 25.576944], [119.602933, 25.58592], [119.59679, 25.593312], [119.586699, 25.592112], [119.570757, 25.582224], [119.534779, 25.585344], [119.533706, 25.594032], [119.542433, 25.602527], [119.540239, 25.628728], [119.532488, 25.630648], [119.525711, 25.624266], [119.510891, 25.627721], [119.503822, 25.624458], [119.49339, 25.632375], [119.478326, 25.631463], [119.473012, 25.662311], [119.489294, 25.667972], [119.490269, 25.673536], [119.526638, 25.683032], [119.5437, 25.684423], [119.583335, 25.679147], [119.602981, 25.685286], [119.612049, 25.703557], [119.602981, 25.71473], [119.612195, 25.727052], [119.626479, 25.723312], [119.637594, 25.749583], [119.636619, 25.760847], [119.6276, 25.768275], [119.625699, 25.804742], [119.628478, 25.872038], [119.634816, 25.887121], [119.643054, 25.892244], [119.68888, 25.898084], [119.695169, 25.904404], [119.702482, 25.931591], [119.715206, 25.96327], [119.722031, 25.990349], [119.72364, 26.011538], [119.715352, 26.025455], [119.70019, 26.032485], [119.675766, 26.02579], [119.667137, 26.028946], [119.659045, 26.072264], [119.654413, 26.090093], [119.644614, 26.090475], [119.641933, 26.108923], [119.632914, 26.115565], [119.618728, 26.11977], [119.611074, 26.145713], [119.603664, 26.153118], [119.605321, 26.169741], [119.626479, 26.179532], [119.643542, 26.195769], [119.664456, 26.202024], [119.668112, 26.220311], [119.679764, 26.22919], [119.67991, 26.238499], [119.671525, 26.247282], [119.669087, 26.256971], [119.676254, 26.26308], [119.72403, 26.26957], [119.771318, 26.285222], [119.781117, 26.282788], [119.797692, 26.268234], [119.814657, 26.280307], [119.818411, 26.293763], [119.803737, 26.298963], [119.80676, 26.307694], [119.845126, 26.322768], [119.86097, 26.315851], [119.862579, 26.307598], [119.876863, 26.310031], [119.898557, 26.3086], [119.909916, 26.310413], [119.913573, 26.320574], [119.93434, 26.334788], [119.954474, 26.35272], [119.962372, 26.373462], [119.940776, 26.37289], [119.913231, 26.360874], [119.893731, 26.355867], [119.876571, 26.359634], [119.880861, 26.372842], [119.861458, 26.391054], [119.861117, 26.398634], [119.835669, 26.437716], [119.837668, 26.450057], [119.818557, 26.504505], [119.799983, 26.546836]]], [[[120.495608, 26.371936], [120.486736, 26.36898], [120.484834, 26.380804], [120.478155, 26.381138], [120.47289, 26.36755], [120.480544, 26.37289], [120.486931, 26.365452], [120.484981, 26.355438], [120.4979, 26.352338], [120.506772, 26.364546], [120.513939, 26.360349], [120.511257, 26.370601], [120.501068, 26.376799], [120.495608, 26.371936]]], [[[119.899825, 25.582128], [119.907479, 25.58952], [119.906504, 25.600991], [119.897485, 25.606942], [119.896217, 25.601087], [119.882518, 25.59864], [119.875937, 25.606174], [119.876619, 25.587168], [119.88403, 25.588032], [119.899825, 25.582128]]], [[[119.579873, 25.627145], [119.587722, 25.636597], [119.60108, 25.641011], [119.61005, 25.653868], [119.613219, 25.668499], [119.598399, 25.662024], [119.580848, 25.649935], [119.572463, 25.63391], [119.567881, 25.646145], [119.560714, 25.635014], [119.579873, 25.627145]]], [[[120.006297, 26.215202], [120.01629, 26.208518], [120.020142, 26.225658], [120.000885, 26.23616], [119.988064, 26.224369], [119.97066, 26.217207], [119.969587, 26.191136], [119.978362, 26.193476], [119.980654, 26.208374], [120.006297, 26.215202]]], [[[119.967491, 25.945374], [119.979337, 25.951786], [119.992988, 25.964658], [119.976461, 25.964754], [119.968368, 25.955662], [119.967491, 25.945374]]], [[[119.705065, 25.352848], [119.726711, 25.356551], [119.735925, 25.362514], [119.727296, 25.368525], [119.724468, 25.378671], [119.716571, 25.371651], [119.697802, 25.367035], [119.705065, 25.352848]]], [[[119.69434, 25.30388], [119.696339, 25.310904], [119.712183, 25.314464], [119.699215, 25.327789], [119.705358, 25.333658], [119.70292, 25.342075], [119.693804, 25.337121], [119.687174, 25.325336], [119.690976, 25.315426], [119.688051, 25.30667], [119.69434, 25.30388]]], [[[119.929465, 26.134295], [119.936632, 26.140124], [119.944968, 26.139168], [119.955937, 26.148866], [119.960032, 26.147194], [119.970075, 26.162767], [119.950769, 26.163722], [119.945699, 26.156127], [119.928832, 26.160331], [119.933024, 26.168833], [119.918253, 26.169597], [119.918886, 26.15436], [119.913036, 26.140219], [119.929465, 26.134295]]], [[[119.642908, 26.129326], [119.65495, 26.132623], [119.65339, 26.144232], [119.657192, 26.152115], [119.642908, 26.157178], [119.627259, 26.173132], [119.607125, 26.169693], [119.605419, 26.154838], [119.61863, 26.139025], [119.642421, 26.133817], [119.642908, 26.129326]]], [[[119.88403, 26.410979], [119.892853, 26.41484], [119.885882, 26.419892], [119.88403, 26.410979]]], [[[119.474035, 25.331349], [119.488124, 25.329665], [119.485931, 25.337217], [119.489197, 25.351357], [119.471598, 25.345201], [119.465797, 25.333802], [119.474035, 25.331349]]], [[[119.66236, 25.646576], [119.662116, 25.641155], [119.673572, 25.632567], [119.697997, 25.636357], [119.702725, 25.640148], [119.712963, 25.634198], [119.721933, 25.639812], [119.716863, 25.664758], [119.705943, 25.656411], [119.682591, 25.650031], [119.675571, 25.658714], [119.66236, 25.646576]]], [[[119.67328, 25.756725], [119.683128, 25.762668], [119.672402, 25.765927], [119.67328, 25.756725]]], [[[119.676156, 26.124405], [119.684151, 26.140936], [119.675571, 26.142513], [119.662214, 26.133865], [119.677278, 26.113319], [119.676156, 26.124405]]], [[[119.757326, 25.298491], [119.764444, 25.28959], [119.767564, 25.298828], [119.757326, 25.298491]]], [[[119.915815, 26.418176], [119.90704, 26.406976], [119.918886, 26.409359], [119.915815, 26.418176]]], [[[119.999228, 26.239692], [120.011269, 26.24752], [120.002592, 26.246661], [119.999228, 26.239692]]], [[[119.937119, 25.963797], [119.953256, 25.976236], [119.949063, 25.979681], [119.930197, 25.978628], [119.928783, 25.97217], [119.937119, 25.963797]]], [[[119.639593, 25.672001], [119.641348, 25.66754], [119.65963, 25.680106], [119.643542, 25.677181], [119.639593, 25.672001]]], [[[119.390379, 25.435107], [119.399008, 25.436597], [119.396473, 25.443517], [119.390379, 25.435107]]], [[[119.636522, 26.114705], [119.644371, 26.109114], [119.647978, 26.118145], [119.636571, 26.119913], [119.636522, 26.114705]]], [[[119.987138, 26.262555], [119.994986, 26.265943], [119.993865, 26.28045], [119.98197, 26.267804], [119.987138, 26.262555]]], [[[120.221483, 26.331974], [120.234353, 26.34156], [120.223774, 26.338651], [120.221483, 26.331974]]], [[[119.649295, 25.66495], [119.647686, 25.654828], [119.66392, 25.654636], [119.672256, 25.661448], [119.661238, 25.67296], [119.649295, 25.66495]]], [[[119.579776, 25.668403], [119.582311, 25.66164], [119.59094, 25.674111], [119.579776, 25.668403]]]]}, "properties": {"adcode": 350100, "name": "福州市", "areas": ["岭南茶区"], "areaLabel": "岭南茶区", "pointCount": 1, "layer": "tea_city"}}, {"type": "Feature", "geometry": {"type": "MultiPolygon", "coordinates": [[[[119.262116, 27.420623], [119.248953, 27.418639], [119.247247, 27.429504], [119.243444, 27.419867], [119.222628, 27.41708], [119.209465, 27.422135], [119.194742, 27.418733], [119.180263, 27.428228], [119.168514, 27.424874], [119.153987, 27.428559], [119.147551, 27.424827], [119.138776, 27.434416], [119.12849, 27.431771], [119.121421, 27.438336], [119.125906, 27.452221], [119.118886, 27.46143], [119.131317, 27.463083], [119.130781, 27.47281], [119.115083, 27.482819], [119.090074, 27.464877], [119.072524, 27.472243], [119.065163, 27.466766], [119.055315, 27.477626], [119.03718, 27.4806], [119.020799, 27.497926], [118.99891, 27.496321], [118.99072, 27.503355], [118.982774, 27.496038], [118.990428, 27.488579], [118.988283, 27.477248], [118.966003, 27.473377], [118.955425, 27.449813], [118.949184, 27.456377], [118.93334, 27.463602], [118.910769, 27.460863], [118.901457, 27.464688], [118.897704, 27.478948], [118.887807, 27.483575], [118.890342, 27.494103], [118.87991, 27.499579], [118.873572, 27.517751], [118.857874, 27.516713], [118.859629, 27.527568], [118.869184, 27.539932], [118.889026, 27.547482], [118.896046, 27.563146], [118.910184, 27.570317], [118.904041, 27.575978], [118.902481, 27.591591], [118.906771, 27.595458], [118.908283, 27.610597], [118.913889, 27.619132], [118.902627, 27.623659], [118.9037, 27.638888], [118.894096, 27.656896], [118.87991, 27.667973], [118.874644, 27.682818], [118.880543, 27.689322], [118.875035, 27.700961], [118.878496, 27.705296], [118.900044, 27.705013], [118.897947, 27.718911], [118.89044, 27.718723], [118.880641, 27.73116], [118.870744, 27.736671], [118.853974, 27.774253], [118.840031, 27.779291], [118.839398, 27.788566], [118.851488, 27.796005], [118.8471, 27.812528], [118.838813, 27.820671], [118.8354, 27.838225], [118.826332, 27.846648], [118.835741, 27.866504], [118.826527, 27.874831], [118.8315, 27.886309], [118.820434, 27.895387], [118.818435, 27.916692], [118.803712, 27.918338], [118.804541, 27.927084], [118.7671, 27.9418], [118.754181, 27.94274], [118.753499, 27.948006], [118.729903, 27.97259], [118.732487, 27.990872], [118.72654, 28.000411], [118.726588, 28.014178], [118.733511, 28.02644], [118.732682, 28.035976], [118.720348, 28.045417], [118.718788, 28.063639], [118.735363, 28.075003], [118.743164, 28.088526], [118.763541, 28.094723], [118.76515, 28.102939], [118.773584, 28.108009], [118.785333, 28.106741], [118.802298, 28.117303], [118.800446, 28.133448], [118.805906, 28.153063], [118.798106, 28.168922], [118.782944, 28.172628], [118.775144, 28.167983], [118.760958, 28.16742], [118.769294, 28.185763], [118.782116, 28.193221], [118.794791, 28.205931], [118.804151, 28.207901], [118.81239, 28.22558], [118.802055, 28.240443], [118.781189, 28.243116], [118.754523, 28.253476], [118.740872, 28.267492], [118.739361, 28.277381], [118.72732, 28.28113], [118.730147, 28.296829], [118.719373, 28.312057], [118.699288, 28.309949], [118.689879, 28.291019], [118.674815, 28.271476], [118.666674, 28.269741], [118.651366, 28.277147], [118.640251, 28.273491], [118.632987, 28.261633], [118.623042, 28.256617], [118.595741, 28.256992], [118.597496, 28.271991], [118.58448, 28.284317], [118.568831, 28.285255], [118.558593, 28.282302], [118.547478, 28.286567], [118.546259, 28.274991], [118.53022, 28.270445], [118.514132, 28.269648], [118.50565, 28.279912], [118.495607, 28.273116], [118.492926, 28.262711], [118.502676, 28.246819], [118.490683, 28.238427], [118.481031, 28.245975], [118.459922, 28.244381], [118.445296, 28.250851], [118.448855, 28.261539], [118.438617, 28.261258], [118.430379, 28.279537], [118.43306, 28.293127], [118.424285, 28.291534], [118.388453, 28.266742], [118.373486, 28.265851], [118.364467, 28.253804], [118.350427, 28.250288], [118.343456, 28.234583], [118.339166, 28.235895], [118.314888, 28.22286], [118.319422, 28.214466], [118.334144, 28.206869], [118.339751, 28.193878], [118.356082, 28.192752], [118.374315, 28.187967], [118.374656, 28.173895], [118.379288, 28.166576], [118.361055, 28.155878], [118.361786, 28.140393], [118.368416, 28.129177], [118.356765, 28.123921], [118.359544, 28.111905], [118.356229, 28.091672], [118.341993, 28.084817], [118.339117, 28.088244], [118.30816, 28.089418], [118.291975, 28.08261], [118.274912, 28.082986], [118.253559, 28.068758], [118.242542, 28.07552], [118.22504, 28.059319], [118.210415, 28.057299], [118.199739, 28.05002], [118.182725, 28.051711], [118.153815, 28.061855], [118.135095, 28.053683], [118.120762, 28.0418], [118.129099, 28.017185], [118.123395, 28.012534], [118.105893, 28.016997], [118.093803, 28.001868], [118.091999, 27.98152], [118.097021, 27.967608], [118.089903, 27.964976], [118.074205, 27.967514], [118.070744, 27.977431], [118.060945, 27.982695], [118.042712, 27.980157], [118.034327, 27.988193], [118.019166, 27.981191], [118.006588, 27.980392], [117.998057, 27.991154], [117.985674, 27.971556], [117.965199, 27.962626], [117.958032, 27.968971], [117.942773, 27.974094], [117.932487, 27.966762], [117.92025, 27.963425], [117.912158, 27.950074], [117.891, 27.948476], [117.866576, 27.937757], [117.855997, 27.94589], [117.849123, 27.936487], [117.836399, 27.927789], [117.815144, 27.920642], [117.7993, 27.90136], [117.785503, 27.892706], [117.788379, 27.882922], [117.782529, 27.866034], [117.788136, 27.855824], [117.775753, 27.836484], [117.759665, 27.82693], [117.754351, 27.812057], [117.741969, 27.801183], [117.730951, 27.803443], [117.716423, 27.816246], [117.705649, 27.833001], [117.682541, 27.82373], [117.67323, 27.828483], [117.667039, 27.842272], [117.649976, 27.851683], [117.610049, 27.863446], [117.60259, 27.869562], [117.603565, 27.885933], [117.595521, 27.899526], [117.586161, 27.905593], [117.588696, 27.918338], [117.58465, 27.934936], [117.586795, 27.942317], [117.57919, 27.945749], [117.569635, 27.935312], [117.560469, 27.947254], [117.563687, 27.956656], [117.558081, 27.964882], [117.53234, 27.973953], [117.530731, 27.981708], [117.521761, 27.982413], [117.511426, 27.974517], [117.504845, 27.954305], [117.482858, 27.939402], [117.474717, 27.930469], [117.462968, 27.94133], [117.454046, 27.93992], [117.429964, 27.913118], [117.404613, 27.893224], [117.396033, 27.893224], [117.384382, 27.886403], [117.378434, 27.888661], [117.366588, 27.882358], [117.353864, 27.864904], [117.353425, 27.858506], [117.340701, 27.856294], [117.333047, 27.862082], [117.336167, 27.878265], [117.327684, 27.894117], [117.318081, 27.89407], [117.303358, 27.87215], [117.289025, 27.868527], [117.280786, 27.871209], [117.276642, 27.84806], [117.293608, 27.843213], [117.303065, 27.830225], [117.297751, 27.798453], [117.306088, 27.781833], [117.3056, 27.775477], [117.29468, 27.76394], [117.277812, 27.767613], [117.279762, 27.749859], [117.268111, 27.740439], [117.264503, 27.728898], [117.254412, 27.729228], [117.243979, 27.718111], [117.227745, 27.719241], [117.203711, 27.711373], [117.202639, 27.683572], [117.186258, 27.682677], [117.172657, 27.678153], [117.142968, 27.68885], [117.13156, 27.687201], [117.121517, 27.694222], [117.106648, 27.686117], [117.096167, 27.667501], [117.102115, 27.662835], [117.111865, 27.645394], [117.106015, 27.642376], [117.109573, 27.632004], [117.094071, 27.627808], [117.078714, 27.642235], [117.078714, 27.650909], [117.061018, 27.669057], [117.040786, 27.670235], [117.020359, 27.653078], [117.021627, 27.643036], [117.013973, 27.630213], [117.009196, 27.633702], [117.003394, 27.625969], [117.017044, 27.611729], [117.013534, 27.60673], [117.024503, 27.59244], [117.016801, 27.563476], [117.020018, 27.557107], [117.042005, 27.547293], [117.050877, 27.549511], [117.054875, 27.542622], [117.073839, 27.559796], [117.084906, 27.564089], [117.091048, 27.547387], [117.098848, 27.544131], [117.103138, 27.533137], [117.103138, 27.510766], [117.110353, 27.494952], [117.10465, 27.484614], [117.111523, 27.474557], [117.110158, 27.458833], [117.125417, 27.451985], [117.126149, 27.434463], [117.132779, 27.422324], [117.127514, 27.406687], [117.10738, 27.393552], [117.105625, 27.3824], [117.099141, 27.379186], [117.104065, 27.36671], [117.100262, 27.339153], [117.109476, 27.326861], [117.129561, 27.322416], [117.140481, 27.322795], [117.142578, 27.316175], [117.137166, 27.302982], [117.157154, 27.301753], [117.160177, 27.295747], [117.171877, 27.290261], [117.166173, 27.267084], [117.154424, 27.260934], [117.149793, 27.241394], [117.140579, 27.231505], [117.120494, 27.215936], [117.11635, 27.207748], [117.106697, 27.20363], [117.097142, 27.205571], [117.084418, 27.182802], [117.069305, 27.175227], [117.056776, 27.156951], [117.048781, 27.152263], [117.043662, 27.139809], [117.053217, 27.101442], [117.063991, 27.109779], [117.072962, 27.097651], [117.086661, 27.094146], [117.096557, 27.107269], [117.102505, 27.107269], [117.122297, 27.09334], [117.139604, 27.098931], [117.149452, 27.107458], [117.160957, 27.110253], [117.180165, 27.093198], [117.190597, 27.071023], [117.200104, 27.058986], [117.225259, 27.050075], [117.242371, 27.041449], [117.244077, 27.033485], [117.255241, 27.034907], [117.260896, 27.046947], [117.276447, 27.057801], [117.282005, 27.057848], [117.285418, 27.075856], [117.280591, 27.090687], [117.289659, 27.100968], [117.288294, 27.112053], [117.272547, 27.113948], [117.276252, 27.126311], [117.286636, 27.129152], [117.301749, 27.119916], [117.325052, 27.113664], [117.329439, 27.107174], [117.34777, 27.096325], [117.365808, 27.101536], [117.383455, 27.099499], [117.382724, 27.069411], [117.395497, 27.067469], [117.405734, 27.052493], [117.43908, 27.064957], [117.438397, 27.058369], [117.426015, 27.044056], [117.43596, 27.046521], [117.445223, 27.042586], [117.447806, 27.029835], [117.444296, 27.022866], [117.450731, 27.019026], [117.451658, 27.005087], [117.458142, 27.003285], [117.46521, 27.010113], [117.478227, 27.013669], [117.485198, 27.022582], [117.485344, 27.008975], [117.512547, 27.008975], [117.523565, 27.00191], [117.52961, 27.003854], [117.533998, 26.995224], [117.546234, 26.9929], [117.534875, 26.983226], [117.531706, 26.960128], [117.50816, 26.952301], [117.50387, 26.943667], [117.505332, 26.926729], [117.514546, 26.919706], [117.524589, 26.925543], [117.544284, 26.922648], [117.551353, 26.93043], [117.562322, 26.923265], [117.579092, 26.92317], [117.589379, 26.892988], [117.601908, 26.885536], [117.612877, 26.872767], [117.619799, 26.872102], [117.630573, 26.858382], [117.634619, 26.841004], [117.642176, 26.836208], [117.65256, 26.819729], [117.670646, 26.804767], [117.666161, 26.791182], [117.671475, 26.783866], [117.656119, 26.767616], [117.653193, 26.753646], [117.645881, 26.741813], [117.629988, 26.735872], [117.624235, 26.72589], [117.612292, 26.727696], [117.60103, 26.708825], [117.593522, 26.70293], [117.605856, 26.698128], [117.604101, 26.686574], [117.640713, 26.674733], [117.645003, 26.656138], [117.668891, 26.657089], [117.662797, 26.646292], [117.667575, 26.634733], [117.678788, 26.636731], [117.683126, 26.643914], [117.695753, 26.641012], [117.701652, 26.652999], [117.727343, 26.663415], [117.744455, 26.658611], [117.759568, 26.661132], [117.769025, 26.655472], [117.778824, 26.666744], [117.791889, 26.666459], [117.803443, 26.671119], [117.813974, 26.667457], [117.818605, 26.671785], [117.826551, 26.667505], [117.839421, 26.67616], [117.853998, 26.679631], [117.858678, 26.674876], [117.848099, 26.660038], [117.858483, 26.653903], [117.85507, 26.640299], [117.870573, 26.631498], [117.868672, 26.622554], [117.85351, 26.620509], [117.856533, 26.601334], [117.865796, 26.597336], [117.862481, 26.582584], [117.872475, 26.581203], [117.878325, 26.557166], [117.88437, 26.564402], [117.899482, 26.571208], [117.901579, 26.563926], [117.922834, 26.559499], [117.940287, 26.574064], [117.950427, 26.563545], [117.970415, 26.567924], [117.97685, 26.562783], [117.982164, 26.567829], [117.9788, 26.578491], [117.994985, 26.577634], [118.011122, 26.56959], [117.994741, 26.551549], [117.993133, 26.540123], [118.006393, 26.529363], [118.003419, 26.511315], [118.021164, 26.507982], [118.037935, 26.512458], [118.04476, 26.506172], [118.033791, 26.497647], [118.038471, 26.488502], [118.029891, 26.477975], [118.03735, 26.464541], [118.045491, 26.473259], [118.057679, 26.4694], [118.057776, 26.46092], [118.065528, 26.453583], [118.059336, 26.439479], [118.067039, 26.427279], [118.08298, 26.424181], [118.089659, 26.415746], [118.08727, 26.406404], [118.091707, 26.395774], [118.113303, 26.394248], [118.114035, 26.379517], [118.131585, 26.377658], [118.13607, 26.365738], [118.153962, 26.379517], [118.167417, 26.380042], [118.167856, 26.38724], [118.181408, 26.388861], [118.18994, 26.381329], [118.202664, 26.38562], [118.216509, 26.394963], [118.215095, 26.404592], [118.224943, 26.40974], [118.243614, 26.403496], [118.240787, 26.396012], [118.254144, 26.394201], [118.262871, 26.399635], [118.259653, 26.409502], [118.26994, 26.422561], [118.279544, 26.422513], [118.289733, 26.414602], [118.299921, 26.419845], [118.297338, 26.431664], [118.306795, 26.437906], [118.310842, 26.43133], [118.323322, 26.430043], [118.333218, 26.438049], [118.332633, 26.425992], [118.323029, 26.419559], [118.327856, 26.407405], [118.341993, 26.409311], [118.344967, 26.416127], [118.349891, 26.405117], [118.36242, 26.400493], [118.371536, 26.409502], [118.393425, 26.394153], [118.408977, 26.394153], [118.419897, 26.398014], [118.443493, 26.395011], [118.45373, 26.403162], [118.454364, 26.386573], [118.448806, 26.382568], [118.436911, 26.392675], [118.427015, 26.379946], [118.427892, 26.369552], [118.436814, 26.355772], [118.450756, 26.349334], [118.454266, 26.338794], [118.46816, 26.345662], [118.494925, 26.364212], [118.501165, 26.364927], [118.518325, 26.351909], [118.526369, 26.336075], [118.538167, 26.337077], [118.54231, 26.342371], [118.555912, 26.341846], [118.563809, 26.336219], [118.561811, 26.325487], [118.592329, 26.323817], [118.590769, 26.316471], [118.599349, 26.304545], [118.607929, 26.304211], [118.615242, 26.288228], [118.630452, 26.288705], [118.633913, 26.272004], [118.641859, 26.263987], [118.655851, 26.26265], [118.668672, 26.243416], [118.67306, 26.251768], [118.666479, 26.275344], [118.665991, 26.29381], [118.652, 26.319572], [118.663359, 26.329207], [118.662237, 26.34218], [118.640641, 26.355152], [118.629038, 26.359348], [118.623919, 26.366167], [118.609489, 26.361971], [118.59813, 26.351003], [118.592524, 26.350764], [118.594327, 26.360779], [118.584139, 26.371698], [118.563127, 26.367168], [118.562103, 26.387002], [118.550891, 26.391436], [118.549623, 26.412981], [118.566247, 26.428709], [118.566442, 26.434237], [118.556692, 26.444482], [118.567076, 26.464874], [118.587502, 26.474688], [118.601738, 26.477546], [118.608611, 26.48955], [118.605394, 26.505886], [118.615193, 26.523554], [118.615095, 26.540314], [118.618947, 26.554025], [118.604565, 26.550787], [118.590866, 26.553168], [118.580823, 26.565068], [118.588721, 26.605236], [118.584772, 26.613324], [118.586625, 26.627788], [118.594084, 26.638158], [118.595644, 26.653284], [118.600616, 26.6598], [118.598764, 26.669122], [118.589355, 26.674733], [118.578435, 26.675019], [118.572292, 26.683435], [118.58175, 26.692898], [118.581067, 26.701218], [118.587892, 26.709395], [118.602566, 26.707921], [118.605248, 26.727269], [118.61334, 26.736395], [118.613584, 26.7507], [118.624114, 26.771228], [118.625284, 26.787286], [118.637472, 26.794744], [118.641274, 26.818684], [118.625772, 26.839817], [118.631817, 26.852257], [118.649221, 26.854631], [118.650927, 26.860756], [118.663261, 26.86313], [118.672572, 26.859522], [118.690415, 26.864601], [118.696022, 26.872102], [118.692317, 26.882213], [118.698313, 26.888146], [118.703237, 26.906182], [118.69334, 26.928057], [118.671792, 26.94732], [118.681348, 26.963543], [118.696558, 26.960412], [118.699775, 26.950308], [118.712109, 26.944378], [118.734876, 26.956428], [118.74721, 26.949597], [118.782652, 26.947083], [118.792207, 26.95306], [118.792889, 26.965393], [118.803858, 26.976349], [118.824675, 26.981377], [118.837691, 26.988585], [118.845053, 27.000677], [118.841835, 27.013527], [118.847685, 27.023625], [118.860263, 27.022155], [118.874157, 27.035287], [118.880202, 27.054151], [118.898289, 27.072586], [118.902432, 27.090403], [118.916034, 27.096893], [118.924078, 27.112385], [118.93178, 27.113616], [118.946406, 27.104995], [118.958106, 27.117216], [118.956595, 27.127353], [118.946357, 27.127163], [118.947771, 27.141324], [118.9349, 27.137867], [118.931878, 27.144876], [118.940214, 27.162349], [118.933974, 27.159887], [118.929733, 27.168978], [118.937387, 27.175511], [118.943773, 27.171535], [118.964443, 27.168552], [118.987893, 27.158751], [118.9915, 27.12669], [118.99969, 27.121953], [118.991159, 27.107695], [119.001445, 27.097225], [119.013877, 27.09642], [119.021969, 27.102579], [119.042883, 27.102484], [119.046394, 27.106653], [119.059605, 27.098078], [119.077058, 27.10111], [119.093389, 27.097272], [119.093779, 27.082916], [119.107917, 27.073866], [119.120446, 27.058512], [119.11991, 27.053109], [119.136436, 27.056332], [119.134437, 27.070975], [119.127661, 27.087418], [119.143895, 27.087891], [119.160373, 27.092061], [119.161348, 27.107553], [119.18548, 27.116411], [119.195717, 27.109211], [119.205077, 27.115227], [119.205029, 27.126311], [119.186016, 27.133226], [119.191768, 27.161828], [119.188307, 27.169783], [119.175339, 27.169073], [119.178118, 27.176884], [119.178557, 27.199559], [119.20147, 27.209262], [119.207027, 27.232025], [119.23501, 27.224123], [119.234718, 27.211676], [119.247198, 27.201453], [119.255876, 27.204624], [119.26353, 27.197619], [119.271768, 27.212575], [119.245492, 27.238697], [119.233402, 27.235338], [119.216631, 27.252891], [119.204931, 27.260887], [119.211805, 27.263347], [119.208441, 27.274983], [119.210684, 27.297355], [119.217314, 27.311588], [119.22877, 27.312534], [119.235985, 27.320998], [119.245882, 27.3201], [119.242762, 27.333101], [119.247393, 27.345345], [119.254949, 27.348513], [119.253877, 27.365009], [119.267917, 27.369404], [119.275327, 27.379234], [119.273718, 27.387173], [119.263578, 27.397899], [119.259971, 27.410655], [119.262116, 27.420623]]]]}, "properties": {"adcode": 350700, "name": "南平市", "areas": ["岭南茶区"], "areaLabel": "岭南茶区", "pointCount": 1, "layer": "tea_city"}}, {"type": "Feature", "geometry": {"type": "MultiPolygon", "coordinates": [[[[113.800265, 23.902566], [113.807315, 23.900407], [113.841496, 23.918732], [113.851152, 23.920312], [113.865177, 23.928947], [113.879815, 23.930369], [113.887478, 23.923998], [113.892536, 23.931685], [113.907787, 23.924577], [113.93645, 23.928737], [113.941201, 23.923577], [113.952697, 23.929632], [113.982126, 23.929684], [113.984502, 23.926157], [114.008413, 23.933001], [114.017992, 23.925261], [114.033856, 23.91889], [114.031327, 23.906305], [114.036232, 23.901776], [114.04129, 23.906937], [114.056771, 23.935844], [114.074398, 23.930895], [114.075624, 23.924366], [114.117008, 23.929737], [114.119844, 23.936002], [114.142835, 23.940425], [114.158162, 23.939846], [114.16368, 23.953586], [114.174333, 23.959429], [114.186518, 23.95627], [114.19196, 23.9449], [114.201999, 23.941267], [114.213341, 23.946163], [114.21702, 23.942636], [114.238479, 23.941899], [114.244303, 23.948269], [114.258711, 23.952744], [114.263309, 23.960218], [114.271816, 23.959482], [114.271739, 23.948479], [114.251047, 23.940477], [114.254649, 23.934686], [114.247905, 23.929737], [114.236716, 23.910676], [114.248671, 23.906516], [114.263156, 23.911044], [114.268367, 23.902829], [114.279633, 23.901091], [114.28814, 23.90541], [114.303161, 23.891454], [114.32163, 23.894403], [114.331517, 23.900512], [114.34991, 23.887925], [114.362632, 23.901091], [114.360486, 23.910412], [114.36769, 23.912519], [114.370449, 23.92742], [114.382481, 23.932159], [114.378036, 23.942794], [114.386696, 23.95627], [114.384856, 23.967798], [114.389685, 23.97043], [114.382941, 23.981851], [114.385393, 23.994482], [114.391984, 23.991693], [114.385546, 24.003901], [114.389685, 24.012741], [114.399494, 24.018003], [114.398038, 24.026], [114.412523, 24.027421], [114.420416, 24.019582], [114.425628, 24.032998], [114.440725, 24.033208], [114.436587, 24.048569], [114.437813, 24.062192], [114.44586, 24.07066], [114.46364, 24.07592], [114.481267, 24.086595], [114.493222, 24.106787], [114.489697, 24.114043], [114.495828, 24.118617], [114.509469, 24.106682], [114.522957, 24.12419], [114.527939, 24.135807], [114.533993, 24.138856], [114.535833, 24.124347], [114.546715, 24.130393], [114.554226, 24.124295], [114.565568, 24.136175], [114.558134, 24.15063], [114.568327, 24.159303], [114.594077, 24.164138], [114.600055, 24.174911], [114.590782, 24.187838], [114.590935, 24.203653], [114.597602, 24.21248], [114.591318, 24.225981], [114.577293, 24.227241], [114.566028, 24.233019], [114.556065, 24.245888], [114.548324, 24.230603], [114.512458, 24.210904], [114.511155, 24.205335], [114.491613, 24.192357], [114.48119, 24.172284], [114.474216, 24.16624], [114.470537, 24.171811], [114.460574, 24.169604], [114.46272, 24.161931], [114.469848, 24.162141], [114.469311, 24.144376], [114.463946, 24.14017], [114.474063, 24.135229], [114.482953, 24.118827], [114.479044, 24.112939], [114.46387, 24.110836], [114.446856, 24.121245], [114.439499, 24.121982], [114.433215, 24.133337], [114.422179, 24.131181], [114.419956, 24.139329], [114.393517, 24.140959], [114.378879, 24.139172], [114.365161, 24.132233], [114.352209, 24.143219], [114.340713, 24.135807], [114.337418, 24.125294], [114.329831, 24.126871], [114.33029, 24.137279], [114.316419, 24.147319], [114.306533, 24.165399], [114.292891, 24.175069], [114.289289, 24.1819], [114.298026, 24.195142], [114.290899, 24.207594], [114.274192, 24.212742], [114.274958, 24.224195], [114.263156, 24.246676], [114.254802, 24.256707], [114.272889, 24.257495], [114.254649, 24.266055], [114.266451, 24.272776], [114.263692, 24.27829], [114.279326, 24.303176], [114.280553, 24.313098], [114.272966, 24.324856], [114.280859, 24.337348], [114.292508, 24.346952], [114.293581, 24.352672], [114.278637, 24.364951], [114.249208, 24.362695], [114.249898, 24.386935], [114.254879, 24.400155], [114.245683, 24.411328], [114.242004, 24.426014], [114.257868, 24.435245], [114.283465, 24.453965], [114.292968, 24.468856], [114.306839, 24.472998], [114.310595, 24.480757], [114.286607, 24.500572], [114.280399, 24.511526], [114.280169, 24.523109], [114.273732, 24.533695], [114.288906, 24.537991], [114.293275, 24.551982], [114.310518, 24.558583], [114.308142, 24.574143], [114.301015, 24.579067], [114.299942, 24.58839], [114.291052, 24.600175], [114.289749, 24.618767], [114.281932, 24.621019], [114.27902, 24.631596], [114.265992, 24.630915], [114.258481, 24.641544], [114.242847, 24.645419], [114.231581, 24.640445], [114.208743, 24.648665], [114.207134, 24.653952], [114.193799, 24.652643], [114.174563, 24.645576], [114.175866, 24.658978], [114.181537, 24.653324], [114.189814, 24.657983], [114.169811, 24.682585], [114.169045, 24.689651], [114.191576, 24.694204], [114.210353, 24.6885], [114.230815, 24.697763], [114.257485, 24.697292], [114.272506, 24.700432], [114.279556, 24.70802], [114.284385, 24.72738], [114.293198, 24.732037], [114.311744, 24.734077], [114.319638, 24.742291], [114.335808, 24.749092], [114.341863, 24.763686], [114.333892, 24.7799], [114.344085, 24.789574], [114.342399, 24.807353], [114.349297, 24.816922], [114.357497, 24.818699], [114.356577, 24.828999], [114.377882, 24.860832], [114.387385, 24.863341], [114.40302, 24.877555], [114.404859, 24.892605], [114.401027, 24.902637], [114.390758, 24.913138], [114.400031, 24.919511], [114.402177, 24.928444], [114.396199, 24.937324], [114.395892, 24.951112], [114.425551, 24.959259], [114.423635, 24.972576], [114.442181, 24.972315], [114.456666, 24.978528], [114.456666, 24.99722], [114.479887, 25.005781], [114.484639, 25.001762], [114.506174, 25.000091], [114.511385, 25.006617], [114.516903, 25.024573], [114.53269, 25.022851], [114.539664, 25.031619], [114.541121, 25.049729], [114.546332, 25.053382], [114.561583, 25.077592], [114.584957, 25.078688], [114.598369, 25.071123], [114.604653, 25.083696], [114.608715, 25.075871], [114.640136, 25.073888], [114.654238, 25.080618], [114.665733, 25.091104], [114.66512, 25.101224], [114.679681, 25.106806], [114.693936, 25.104406], [114.712022, 25.110039], [114.716084, 25.114577], [114.735627, 25.122035], [114.737696, 25.130432], [114.732101, 25.142478], [114.735014, 25.155826], [114.724821, 25.162813], [114.702596, 25.163178], [114.685736, 25.173188], [114.690334, 25.179756], [114.680141, 25.1931], [114.695162, 25.195185], [114.693936, 25.213635], [114.702213, 25.221192], [114.712712, 25.221817], [114.726277, 25.233073], [114.740685, 25.226246], [114.748425, 25.235157], [114.738309, 25.231978], [114.738386, 25.240107], [114.749345, 25.242555], [114.743597, 25.24813], [114.742907, 25.274542], [114.73463, 25.283293], [114.723978, 25.28397], [114.722828, 25.302146], [114.713019, 25.306208], [114.714398, 25.315373], [114.702903, 25.314123], [114.69225, 25.322142], [114.685736, 25.313706], [114.674393, 25.317195], [114.664814, 25.326776], [114.657073, 25.328181], [114.636458, 25.324537], [114.627568, 25.330628], [114.61155, 25.358272], [114.599518, 25.359417], [114.599748, 25.385856], [114.586183, 25.3959], [114.580359, 25.393506], [114.580972, 25.384035], [114.573002, 25.384503], [114.573385, 25.395015], [114.579056, 25.397617], [114.556755, 25.406359], [114.540431, 25.417025], [114.531311, 25.414215], [114.520275, 25.403289], [114.505944, 25.39871], [114.508856, 25.384659], [114.496977, 25.377634], [114.477741, 25.371544], [114.462644, 25.381485], [114.458658, 25.387834], [114.448006, 25.386533], [114.438809, 25.376072], [114.429919, 25.349943], [114.430149, 25.343852], [114.417581, 25.335054], [114.403096, 25.334273], [114.400874, 25.327817], [114.387692, 25.323548], [114.382941, 25.317143], [114.372824, 25.325422], [114.357344, 25.326776], [114.338184, 25.334065], [114.31481, 25.338594], [114.306226, 25.334117], [114.30477, 25.314696], [114.312357, 25.311832], [114.295727, 25.299802], [114.302854, 25.290845], [114.292891, 25.289178], [114.287297, 25.299698], [114.270973, 25.302146], [114.265915, 25.293813], [114.257025, 25.29272], [114.236026, 25.300115], [114.227749, 25.295376], [114.215871, 25.30074], [114.204681, 25.299646], [114.204988, 25.31027], [114.194105, 25.317351], [114.173643, 25.305062], [114.168508, 25.312509], [114.158546, 25.313602], [114.147203, 25.305323], [114.144751, 25.310634], [114.131339, 25.308447], [114.126511, 25.300531], [114.115629, 25.301885], [114.10375, 25.294438], [114.083517, 25.275532], [114.076313, 25.278501], [114.06865, 25.273709], [114.064588, 25.281105], [114.055928, 25.277667], [114.039911, 25.250735], [114.029105, 25.254226], [114.031404, 25.263655], [114.022131, 25.269594], [114.01462, 25.280532], [114.025503, 25.28897], [114.027649, 25.301833], [114.037228, 25.308291], [114.056158, 25.311884], [114.035466, 25.320007], [114.029335, 25.328338], [114.036768, 25.342707], [114.049107, 25.341874], [114.051406, 25.34885], [114.041367, 25.360666], [114.047881, 25.367276], [114.024353, 25.37399], [114.045122, 25.384035], [114.0406, 25.391216], [114.02305, 25.384659], [114.010788, 25.386429], [114.00573, 25.396732], [113.98772, 25.403497], [113.983275, 25.415308], [114.002971, 25.43284], [113.997913, 25.444232], [113.961894, 25.452554], [113.952544, 25.443816], [113.93507, 25.437522], [113.926564, 25.442151], [113.913382, 25.442775], [113.886865, 25.436637], [113.88449, 25.420302], [113.892077, 25.411874], [113.881807, 25.406931], [113.883263, 25.395327], [113.876902, 25.38034], [113.860962, 25.369306], [113.839733, 25.363477], [113.833449, 25.353951], [113.832836, 25.343904], [113.823179, 25.33193], [113.814979, 25.328702], [113.780186, 25.334065], [113.758114, 25.330004], [113.764168, 25.333596], [113.758421, 25.3438], [113.754129, 25.361186], [113.744013, 25.363945], [113.73451, 25.348902], [113.725237, 25.358636], [113.706537, 25.360874], [113.707916, 25.352598], [113.687148, 25.352077], [113.685385, 25.341249], [113.679101, 25.334481], [113.663697, 25.337709], [113.657489, 25.329119], [113.631202, 25.330576], [113.620473, 25.325682], [113.61074, 25.327036], [113.585986, 25.307353], [113.579778, 25.316622], [113.583304, 25.331878], [113.581464, 25.342707], [113.554565, 25.351869], [113.544295, 25.3666], [113.536095, 25.368525], [113.524293, 25.353587], [113.515096, 25.360666], [113.518392, 25.370555], [113.504137, 25.374979], [113.480073, 25.375187], [113.470187, 25.365663], [113.462446, 25.369827], [113.449878, 25.359573], [113.442291, 25.361291], [113.427729, 25.373262], [113.424127, 25.392673], [113.407037, 25.401415], [113.393626, 25.397565], [113.389334, 25.403653], [113.373317, 25.402612], [113.366956, 25.431175], [113.359752, 25.438406], [113.351705, 25.437574], [113.340056, 25.449901], [113.32971, 25.450838], [113.313923, 25.442931], [113.315992, 25.467532], [113.309171, 25.481001], [113.311393, 25.490413], [113.296832, 25.508402], [113.303347, 25.515836], [113.29346, 25.516771], [113.288785, 25.50939], [113.291774, 25.500915], [113.282654, 25.494208], [113.269396, 25.505282], [113.260813, 25.49946], [113.249087, 25.51412], [113.243263, 25.515628], [113.226172, 25.509701], [113.210692, 25.496704], [113.200805, 25.479389], [113.177048, 25.471589], [113.169307, 25.488021], [113.151987, 25.492232], [113.149995, 25.468], [113.134591, 25.467688], [113.122329, 25.455727], [113.127923, 25.449693], [113.118497, 25.44548], [113.126237, 25.438406], [113.131525, 25.414735], [113.114435, 25.420562], [113.092363, 25.417493], [113.096885, 25.410729], [113.090447, 25.406775], [113.088761, 25.396524], [113.080638, 25.390956], [113.080178, 25.383358], [113.06462, 25.381797], [113.041629, 25.366027], [113.02975, 25.361239], [113.023696, 25.345934], [113.009211, 25.352858], [112.995417, 25.348954], [112.987983, 25.353795], [112.968134, 25.349839], [112.964685, 25.342134], [112.95112, 25.337449], [112.945066, 25.326359], [112.931807, 25.322819], [112.927822, 25.299907], [112.913184, 25.299907], [112.900616, 25.311363], [112.894868, 25.337605], [112.877701, 25.333752], [112.868735, 25.327817], [112.857392, 25.336824], [112.851798, 25.33344], [112.858772, 25.320215], [112.855476, 25.313654], [112.856396, 25.291574], [112.866436, 25.276574], [112.873946, 25.274282], [112.865899, 25.2598], [112.868351, 25.248808], [112.88092, 25.249641], [112.904524, 25.238439], [112.910732, 25.245161], [112.92399, 25.248651], [112.944223, 25.249485], [112.951886, 25.245734], [112.958401, 25.254382], [112.972885, 25.251152], [112.979936, 25.245056], [112.992581, 25.247193], [113.006682, 25.231509], [113.017718, 25.211186], [113.02975, 25.210508], [113.034502, 25.201388], [113.030517, 25.194508], [113.008598, 25.190129], [112.991585, 25.176785], [112.974341, 25.168235], [112.96798, 25.141644], [112.972809, 25.132101], [112.986833, 25.119219], [112.991125, 25.109466], [112.999632, 25.10305], [113.004537, 25.089174], [113.018408, 25.083122], [113.002007, 25.071123], [113.002391, 25.058235], [112.979706, 25.034125], [112.97848, 25.026504], [112.992045, 25.017944], [112.990512, 24.995393], [113.002084, 24.991059], [113.009978, 24.97738], [113.008522, 24.961975], [113.002774, 24.957118], [113.011894, 24.946099], [112.991661, 24.937533], [112.994804, 24.927347], [113.00515, 24.914078], [113.004766, 24.900129], [113.009901, 24.896889], [113.010974, 24.882781], [113.022163, 24.870866], [113.019557, 24.855971], [113.014729, 24.851528], [112.998942, 24.850483], [112.979246, 24.832553], [112.95978, 24.824241], [112.95158, 24.815771], [112.960087, 24.800974], [112.95112, 24.788476], [112.954109, 24.782201], [112.940161, 24.757514], [112.933647, 24.755369], [112.938781, 24.73821], [112.930351, 24.718695], [112.900616, 24.713776], [112.914487, 24.662695], [112.896401, 24.650602], [112.89778, 24.632277], [112.884599, 24.616358], [112.887971, 24.595304], [112.8987, 24.600542], [112.902072, 24.595671], [112.91717, 24.60049], [112.926366, 24.596457], [112.950507, 24.59499], [112.964378, 24.586138], [112.96139, 24.570266], [112.96936, 24.568118], [112.981928, 24.542917], [112.991048, 24.544751], [112.999708, 24.528716], [113.02063, 24.513675], [113.025612, 24.493863], [113.047377, 24.475515], [113.063701, 24.468804], [113.087305, 24.471583], [113.096808, 24.496431], [113.114128, 24.502983], [113.13712, 24.482907], [113.151451, 24.478713], [113.153367, 24.467703], [113.16195, 24.479027], [113.174979, 24.475882], [113.186781, 24.480705], [113.19705, 24.474676], [113.20617, 24.476458], [113.216516, 24.495697], [113.230158, 24.498475], [113.235829, 24.505866], [113.244642, 24.502144], [113.25108, 24.510216], [113.252766, 24.497794], [113.261809, 24.482225], [113.270392, 24.47672], [113.272155, 24.466969], [113.294993, 24.457164], [113.31944, 24.465291], [113.331243, 24.472579], [113.350632, 24.472159], [113.362051, 24.47908], [113.37416, 24.49402], [113.379754, 24.485213], [113.415544, 24.485266], [113.412172, 24.472526], [113.419223, 24.459943], [113.440988, 24.453703], [113.467428, 24.461726], [113.478847, 24.477769], [113.489269, 24.471006], [113.499309, 24.473785], [113.507816, 24.484007], [113.518852, 24.469852], [113.530271, 24.479551], [113.531343, 24.489826], [113.540463, 24.506233], [113.552572, 24.511055], [113.57564, 24.509115], [113.579548, 24.50052], [113.589665, 24.515248], [113.599628, 24.512994], [113.596792, 24.500886], [113.609667, 24.489983], [113.625761, 24.491923], [113.63718, 24.486471], [113.643234, 24.477717], [113.656799, 24.468227], [113.666072, 24.467493], [113.683163, 24.454175], [113.686381, 24.437709], [113.709909, 24.412377], [113.722248, 24.414633], [113.723934, 24.43493], [113.726999, 24.437028], [113.753439, 24.437185], [113.762866, 24.43299], [113.765318, 24.417727], [113.77827, 24.410909], [113.803867, 24.401781], [113.805553, 24.384364], [113.800955, 24.377334], [113.818581, 24.3522], [113.817048, 24.34459], [113.831303, 24.33656], [113.8405, 24.336246], [113.850462, 24.318872], [113.844791, 24.304541], [113.844715, 24.279707], [113.850003, 24.274561], [113.84004, 24.265109], [113.855827, 24.252926], [113.862878, 24.259018], [113.872074, 24.253976], [113.870541, 24.242264], [113.88311, 24.245415], [113.890774, 24.241476], [113.890391, 24.229763], [113.896522, 24.210326], [113.921199, 24.200974], [113.922119, 24.19304], [113.930319, 24.19593], [113.930242, 24.188416], [113.909167, 24.184318], [113.901043, 24.188521], [113.880045, 24.174123], [113.857053, 24.16151], [113.862265, 24.147319], [113.870465, 24.141169], [113.86464, 24.133021], [113.853911, 24.132811], [113.850999, 24.124978], [113.839273, 24.119931], [113.836974, 24.111729], [113.842415, 24.104053], [113.836668, 24.098637], [113.836821, 24.088331], [113.845711, 24.086806], [113.837434, 24.072764], [113.828467, 24.069608], [113.83115, 24.063507], [113.813063, 24.052567], [113.803637, 24.053566], [113.790379, 24.034471], [113.790608, 24.025106], [113.784171, 24.022317], [113.772982, 24.026947], [113.763555, 24.02137], [113.753592, 24.026842], [113.747078, 24.023212], [113.728149, 23.997166], [113.718646, 23.993008], [113.732364, 23.981114], [113.730448, 23.974641], [113.739415, 23.969588], [113.744703, 23.95906], [113.766468, 23.96085], [113.774285, 23.952691], [113.775358, 23.938424], [113.792294, 23.931527], [113.799345, 23.923524], [113.800265, 23.902566]]]]}, "properties": {"adcode": 440200, "name": "韶关市", "areas": ["岭南茶区"], "areaLabel": "岭南茶区", "pointCount": 1, "layer": "tea_city"}}, {"type": "Feature", "geometry": {"type": "MultiPolygon", "coordinates": [[[[108.916885, 24.254998], [108.89443, 24.258878], [108.871823, 24.271335], [108.862156, 24.267237], [108.848303, 24.303728], [108.857437, 24.319294], [108.839854, 24.341683], [108.835896, 24.351238], [108.817856, 24.361229], [108.801186, 24.363686], [108.777133, 24.362267], [108.760919, 24.368163], [108.753917, 24.37788], [108.738997, 24.361284], [108.739226, 24.350365], [108.727275, 24.337915], [108.728189, 24.332619], [108.740748, 24.324482], [108.740139, 24.311866], [108.729407, 24.303018], [108.708474, 24.291493], [108.6915, 24.290728], [108.686552, 24.295207], [108.670948, 24.288106], [108.681681, 24.270242], [108.689369, 24.269095], [108.693783, 24.25855], [108.683736, 24.248878], [108.687466, 24.235873], [108.701471, 24.231501], [108.684421, 24.20614], [108.682822, 24.189139], [108.674449, 24.171535], [108.677342, 24.154365], [108.664097, 24.143537], [108.642328, 24.137248], [108.611576, 24.133584], [108.59719, 24.146655], [108.589045, 24.122535], [108.58935, 24.102624], [108.584859, 24.095731], [108.588284, 24.071547], [108.593308, 24.068976], [108.597342, 24.046867], [108.581662, 24.035811], [108.555553, 24.041722], [108.554411, 24.034826], [108.564535, 24.02032], [108.562099, 24.008331], [108.537742, 24.003678], [108.505544, 24.01178], [108.501509, 24.024809], [108.487808, 24.028859], [108.479892, 24.019061], [108.498769, 23.990428], [108.487656, 23.989771], [108.476543, 23.977889], [108.461243, 23.98676], [108.448531, 23.977999], [108.433688, 23.962829], [108.442061, 23.954176], [108.437875, 23.939442], [108.422803, 23.924433], [108.424326, 23.916983], [108.443736, 23.919777], [108.455306, 23.912545], [108.444954, 23.898355], [108.465353, 23.898355], [108.476162, 23.89419], [108.473346, 23.888711], [108.460862, 23.887012], [108.462156, 23.874189], [108.458198, 23.864817], [108.446552, 23.853965], [108.45698, 23.842728], [108.451043, 23.837904], [108.430263, 23.832312], [108.418389, 23.824473], [108.415953, 23.8174], [108.425848, 23.808847], [108.418617, 23.800787], [108.431405, 23.798484], [108.434373, 23.807641], [108.443736, 23.802487], [108.435667, 23.787461], [108.446096, 23.787516], [108.456676, 23.780716], [108.459112, 23.787187], [108.474411, 23.776054], [108.469616, 23.768102], [108.487123, 23.760862], [108.485601, 23.741169], [108.474564, 23.740565], [108.477228, 23.72449], [108.482099, 23.725478], [108.489254, 23.713297], [108.49816, 23.713626], [108.503717, 23.704188], [108.497399, 23.690963], [108.496866, 23.676144], [108.50425, 23.673126], [108.501357, 23.662751], [108.529064, 23.671918], [108.52914, 23.680151], [108.542156, 23.687835], [108.548931, 23.707261], [108.554031, 23.703804], [108.566514, 23.707975], [108.566819, 23.723119], [108.581433, 23.734311], [108.596048, 23.736615], [108.592927, 23.744076], [108.60914, 23.74638], [108.61013, 23.751098], [108.628017, 23.75587], [108.62718, 23.764701], [108.638293, 23.769089], [108.653289, 23.766182], [108.6711, 23.772818], [108.673079, 23.785048], [108.687846, 23.788503], [108.689597, 23.782745], [108.713422, 23.783513], [108.728798, 23.798539], [108.734811, 23.793055], [108.743641, 23.796126], [108.747675, 23.780497], [108.761833, 23.776109], [108.773022, 23.778193], [108.783603, 23.768102], [108.781623, 23.746051], [108.788246, 23.740455], [108.777513, 23.732555], [108.777589, 23.727289], [108.788474, 23.726904], [108.804307, 23.714724], [108.796619, 23.706274], [108.790605, 23.692335], [108.778883, 23.691621], [108.777209, 23.681029], [108.780406, 23.645514], [108.797075, 23.634204], [108.782765, 23.615426], [108.803698, 23.588846], [108.805448, 23.570555], [108.810015, 23.569347], [108.813745, 23.546933], [108.811995, 23.540834], [108.820824, 23.523196], [108.826305, 23.518855], [108.821357, 23.503413], [108.822347, 23.49396], [108.836809, 23.485935], [108.834373, 23.478294], [108.857209, 23.466145], [108.863755, 23.469884], [108.869464, 23.457404], [108.869616, 23.443879], [108.890015, 23.441295], [108.892375, 23.433267], [108.906609, 23.431837], [108.919169, 23.417979], [108.915667, 23.412755], [108.920234, 23.40302], [108.9111, 23.394605], [108.920767, 23.389709], [108.930662, 23.367375], [108.939035, 23.360058], [108.951671, 23.357967], [108.956847, 23.362973], [108.965144, 23.35406], [108.968265, 23.370346], [108.979758, 23.36897], [108.987675, 23.357197], [108.987675, 23.349329], [109.01325, 23.350759], [109.020253, 23.360003], [109.033193, 23.354611], [109.051994, 23.355821], [109.050472, 23.337498], [109.056562, 23.32297], [109.063869, 23.322585], [109.086171, 23.334086], [109.082898, 23.344376], [109.099188, 23.343991], [109.093631, 23.331005], [109.087161, 23.326932], [109.086628, 23.314384], [109.110377, 23.290826], [109.124078, 23.291102], [109.131994, 23.286202], [109.13405, 23.297652], [109.141433, 23.299524], [109.148588, 23.28912], [109.165258, 23.28956], [109.170738, 23.277559], [109.187484, 23.27321], [109.197989, 23.266548], [109.20758, 23.273375], [109.192737, 23.282074], [109.207808, 23.299964], [109.217018, 23.296826], [109.220063, 23.300735], [109.207047, 23.309926], [109.220443, 23.320273], [109.210853, 23.33227], [109.232622, 23.345312], [109.241909, 23.344486], [109.250129, 23.352245], [109.26581, 23.346852], [109.271899, 23.361378], [109.278445, 23.360608], [109.276162, 23.374362], [109.283545, 23.381018], [109.296257, 23.381788], [109.301585, 23.39587], [109.3111, 23.39642], [109.323355, 23.416384], [109.343983, 23.409015], [109.352736, 23.416714], [109.373821, 23.400985], [109.368112, 23.390644], [109.37169, 23.380853], [109.380443, 23.377827], [109.401071, 23.382778], [109.412032, 23.36952], [109.423755, 23.36798], [109.429311, 23.359892], [109.448112, 23.380633], [109.482974, 23.383878], [109.483583, 23.36809], [109.503222, 23.346852], [109.501775, 23.336508], [109.51403, 23.332876], [109.513574, 23.327648], [109.539682, 23.306404], [109.541661, 23.299634], [109.553916, 23.308055], [109.556352, 23.31499], [109.565334, 23.317687], [109.566247, 23.329079], [109.578426, 23.351199], [109.575229, 23.354886], [109.591442, 23.363469], [109.596162, 23.355656], [109.611309, 23.368585], [109.611842, 23.377497], [109.630034, 23.392349], [109.635591, 23.40533], [109.646476, 23.420619], [109.661471, 23.428978], [109.677456, 23.421664], [109.689558, 23.40335], [109.702879, 23.402415], [109.699073, 23.41105], [109.714601, 23.41061], [109.724192, 23.423754], [109.728911, 23.447123], [109.740557, 23.46752], [109.751823, 23.454875], [109.769406, 23.457349], [109.781813, 23.46686], [109.785163, 23.482527], [109.797265, 23.485935], [109.837912, 23.477909], [109.849634, 23.465816], [109.85169, 23.449542], [109.861966, 23.43871], [109.868131, 23.45526], [109.894011, 23.475656], [109.891043, 23.48599], [109.897284, 23.503797], [109.898578, 23.51891], [109.894087, 23.536823], [109.893402, 23.55402], [109.902156, 23.577861], [109.917608, 23.594613], [109.927655, 23.635193], [109.922936, 23.665002], [109.928493, 23.684981], [109.947522, 23.688164], [109.952013, 23.699195], [109.955058, 23.726027], [109.971804, 23.736615], [109.979111, 23.747148], [109.987408, 23.768705], [109.997227, 23.776767], [110.028055, 23.780935], [110.041832, 23.7862], [110.068397, 23.801335], [110.089482, 23.828859], [110.12031, 23.856267], [110.132337, 23.870024], [110.1503, 23.880929], [110.157836, 23.879285], [110.180443, 23.860871], [110.190186, 23.861035], [110.199701, 23.869476], [110.203735, 23.881368], [110.206247, 23.902902], [110.210814, 23.910244], [110.219263, 23.9086], [110.241185, 23.89156], [110.263031, 23.89556], [110.27521, 23.871503], [110.282669, 23.864159], [110.286323, 23.851937], [110.299492, 23.865475], [110.295381, 23.882025], [110.309539, 23.893423], [110.314943, 23.908819], [110.309311, 23.919941], [110.297208, 23.918681], [110.302917, 23.933581], [110.295533, 23.955162], [110.290433, 23.95812], [110.295762, 23.972139], [110.305353, 23.975918], [110.309159, 24.01616], [110.315552, 24.023769], [110.343335, 24.034771], [110.368683, 24.033129], [110.376599, 24.040299], [110.391899, 24.04216], [110.400043, 24.048071], [110.397836, 24.058031], [110.381242, 24.054857], [110.379644, 24.043692], [110.373783, 24.042105], [110.360386, 24.05234], [110.361908, 24.061917], [110.343412, 24.060384], [110.354905, 24.077129], [110.374315, 24.081725], [110.376066, 24.086211], [110.362822, 24.095403], [110.364725, 24.104812], [110.386799, 24.126309], [110.403925, 24.108915], [110.401185, 24.100873], [110.407883, 24.099834], [110.412451, 24.107493], [110.411918, 24.118761], [110.447922, 24.116354], [110.458426, 24.124833], [110.45462, 24.138451], [110.448378, 24.142991], [110.437569, 24.139381], [110.429805, 24.146491], [110.423107, 24.142225], [110.407731, 24.143756], [110.420291, 24.15699], [110.428968, 24.156498], [110.432698, 24.16727], [110.444344, 24.164864], [110.443887, 24.172246], [110.456218, 24.184], [110.43795, 24.196738], [110.419073, 24.201111], [110.413364, 24.214339], [110.405067, 24.220078], [110.392888, 24.220406], [110.383221, 24.214011], [110.375914, 24.224505], [110.365638, 24.227292], [110.358331, 24.218985], [110.365257, 24.244124], [110.365562, 24.26232], [110.374924, 24.264341], [110.369901, 24.271936], [110.351937, 24.278601], [110.33717, 24.275869], [110.326666, 24.26609], [110.316923, 24.296409], [110.288987, 24.299905], [110.27757, 24.307333], [110.268359, 24.303728], [110.271023, 24.319785], [110.260139, 24.322297], [110.258007, 24.340209], [110.264477, 24.34141], [110.267065, 24.356971], [110.260367, 24.360247], [110.23129, 24.351948], [110.229463, 24.360629], [110.220557, 24.34627], [110.209672, 24.350856], [110.198711, 24.347908], [110.196961, 24.357244], [110.200614, 24.370892], [110.190643, 24.372476], [110.188816, 24.382574], [110.197189, 24.386341], [110.21188, 24.399931], [110.205029, 24.405553], [110.189958, 24.405771], [110.202517, 24.414448], [110.195362, 24.430655], [110.204496, 24.44315], [110.202669, 24.449697], [110.187141, 24.447623], [110.164154, 24.437857], [110.156161, 24.44435], [110.147408, 24.436002], [110.135001, 24.447242], [110.120234, 24.449587], [110.116199, 24.460826], [110.097398, 24.462517], [110.09344, 24.457607], [110.079054, 24.467426], [110.06893, 24.457334], [110.072127, 24.439058], [110.055838, 24.419414], [110.045638, 24.390543], [110.048683, 24.36658], [110.034449, 24.344031], [110.01717, 24.336496], [110.021204, 24.326994], [110.030795, 24.318475], [110.029349, 24.307551], [110.0362, 24.290236], [110.027598, 24.281496], [110.033231, 24.273028], [110.015648, 24.26751], [109.998826, 24.255053], [109.97599, 24.2615], [109.963431, 24.256965], [109.941433, 24.23702], [109.931842, 24.234889], [109.907712, 24.245272], [109.905505, 24.272263], [109.925143, 24.269095], [109.932907, 24.271826], [109.927046, 24.293732], [109.913878, 24.301653], [109.902689, 24.300997], [109.887541, 24.288925], [109.88442, 24.274613], [109.880082, 24.276306], [109.849634, 24.274995], [109.851537, 24.260407], [109.840196, 24.256091], [109.830681, 24.258386], [109.820253, 24.252649], [109.809825, 24.258823], [109.803126, 24.256146], [109.793764, 24.234288], [109.781357, 24.227238], [109.770928, 24.215542], [109.762023, 24.211989], [109.74581, 24.214284], [109.710262, 24.176893], [109.705467, 24.153326], [109.684154, 24.155076], [109.670148, 24.146928], [109.659035, 24.145287], [109.643659, 24.150264], [109.615267, 24.140858], [109.609026, 24.115589], [109.598141, 24.083913], [109.581928, 24.070836], [109.560538, 24.06323], [109.549045, 24.063941], [109.530015, 24.053981], [109.510681, 24.052777], [109.501166, 24.047688], [109.492641, 24.032527], [109.493859, 24.021743], [109.487313, 24.011178], [109.502993, 23.990319], [109.495229, 23.970551], [109.483735, 23.960529], [109.470567, 23.96732], [109.469958, 23.951657], [109.451233, 23.939826], [109.442556, 23.920325], [109.42855, 23.9086], [109.406323, 23.908107], [109.384097, 23.915175], [109.375724, 23.908326], [109.363697, 23.907121], [109.359283, 23.912216], [109.366057, 23.918133], [109.357912, 23.92142], [109.353726, 23.934787], [109.344516, 23.937471], [109.348169, 23.952971], [109.328835, 23.960967], [109.324801, 23.987745], [109.306685, 23.993494], [109.291385, 24.006853], [109.295039, 24.027601], [109.289787, 24.038493], [109.278598, 24.04725], [109.232242, 24.058633], [109.217855, 24.051738], [109.221966, 24.032034], [109.211462, 24.019006], [109.183983, 24.016488], [109.172261, 24.028257], [109.16503, 24.028805], [109.155286, 24.021798], [109.146914, 24.022838], [109.142727, 24.031487], [109.142423, 24.046812], [109.136409, 24.057593], [109.125677, 24.064543], [109.114716, 24.057429], [109.089368, 24.063066], [109.094544, 24.073134], [109.105886, 24.083913], [109.076733, 24.09874], [109.061814, 24.100272], [109.050929, 24.105359], [109.036466, 24.12177], [109.00404, 24.131396], [108.978008, 24.126255], [108.972147, 24.129755], [108.958065, 24.161857], [108.941928, 24.174105], [108.935153, 24.185203], [108.938122, 24.199745], [108.930434, 24.217017], [108.944744, 24.228112], [108.940862, 24.243414], [108.925791, 24.256419], [108.916885, 24.254998]]]]}, "properties": {"adcode": 451300, "name": "来宾市", "areas": ["岭南茶区"], "areaLabel": "岭南茶区", "pointCount": 1, "layer": "tea_city"}}, {"type": "Feature", "geometry": {"type": "MultiPolygon", "coordinates": [[[[118.899849, 25.241366], [118.875473, 25.241366], [118.869623, 25.237659], [118.869477, 25.227646], [118.850123, 25.216573], [118.848709, 25.224902], [118.827697, 25.218258], [118.800982, 25.217103], [118.801323, 25.220714], [118.781872, 25.213829], [118.776753, 25.203717], [118.778508, 25.195387], [118.765101, 25.195001], [118.74487, 25.185851], [118.741019, 25.1872], [118.725711, 25.168754], [118.717521, 25.169428], [118.70465, 25.157579], [118.691585, 25.15493], [118.692024, 25.169332], [118.677789, 25.177761], [118.677838, 25.191679], [118.673645, 25.200684], [118.682225, 25.201213], [118.691537, 25.212192], [118.682371, 25.212384], [118.683444, 25.230679], [118.688075, 25.23453], [118.68476, 25.244687], [118.695778, 25.258502], [118.680421, 25.271111], [118.672767, 25.264807], [118.662042, 25.265721], [118.659605, 25.25778], [118.646442, 25.268416], [118.650098, 25.27448], [118.662579, 25.280062], [118.66643, 25.289782], [118.655705, 25.301955], [118.632694, 25.301378], [118.625577, 25.293487], [118.61568, 25.293102], [118.59618, 25.302388], [118.578288, 25.301282], [118.571853, 25.286703], [118.563517, 25.290263], [118.533389, 25.291274], [118.530171, 25.308739], [118.535729, 25.320766], [118.528221, 25.325817], [118.520519, 25.312395], [118.512865, 25.317591], [118.522371, 25.333994], [118.522518, 25.347269], [118.52983, 25.35809], [118.520714, 25.362899], [118.517984, 25.372084], [118.503261, 25.384633], [118.494388, 25.385691], [118.497411, 25.400835], [118.487661, 25.40396], [118.482152, 25.425494], [118.469818, 25.424052], [118.460068, 25.443613], [118.471329, 25.46663], [118.477326, 25.468888], [118.479373, 25.480899], [118.466552, 25.482917], [118.473572, 25.491324], [118.465674, 25.494975], [118.464748, 25.516253], [118.474059, 25.524465], [118.491463, 25.546794], [118.490098, 25.549963], [118.509989, 25.56187], [118.511549, 25.578576], [118.531293, 25.601711], [118.533096, 25.60795], [118.545187, 25.617836], [118.550062, 25.632279], [118.531293, 25.642403], [118.544845, 25.656555], [118.540068, 25.661592], [118.523736, 25.659097], [118.510232, 25.674974], [118.492438, 25.688739], [118.479958, 25.707106], [118.46855, 25.71075], [118.454364, 25.720723], [118.448514, 25.718134], [118.430915, 25.730552], [118.425016, 25.761374], [118.417996, 25.769186], [118.414632, 25.789744], [118.397959, 25.801005], [118.391914, 25.809964], [118.382115, 25.814132], [118.392743, 25.82539], [118.397131, 25.845843], [118.405028, 25.843161], [118.421213, 25.854607], [118.41239, 25.875582], [118.406247, 25.878455], [118.409806, 25.889419], [118.396107, 25.899904], [118.369635, 25.896361], [118.366564, 25.914217], [118.36125, 25.91795], [118.36008, 25.929533], [118.350281, 25.936999], [118.344675, 25.935468], [118.336533, 25.916754], [118.318008, 25.913547], [118.308745, 25.929533], [118.295924, 25.922593], [118.285345, 25.930825], [118.275497, 25.929773], [118.266332, 25.916514], [118.272718, 25.903877], [118.267746, 25.898707], [118.248148, 25.896169], [118.246832, 25.890855], [118.232938, 25.883769], [118.215534, 25.897893], [118.209001, 25.898324], [118.19696, 25.88511], [118.18019, 25.884152], [118.177508, 25.900143], [118.156399, 25.907898], [118.148014, 25.900239], [118.129781, 25.899999], [118.104431, 25.891765], [118.096631, 25.886498], [118.078057, 25.8842], [118.076935, 25.876922], [118.085272, 25.865143], [118.063773, 25.848237], [118.049489, 25.858343], [118.038812, 25.856235], [118.031402, 25.864041], [118.015412, 25.857002], [118.018971, 25.845076], [118.033303, 25.835066], [118.030086, 25.823378], [118.02643, 25.831378], [118.011512, 25.813701], [118.007368, 25.797076], [118.011073, 25.795638], [118.006198, 25.769617], [117.998739, 25.766694], [117.987673, 25.771055], [117.983236, 25.759553], [117.976362, 25.760463], [117.98972, 25.731271], [118.002932, 25.715018], [118.009464, 25.724223], [118.015168, 25.718949], [118.006003, 25.691857], [118.000104, 25.685814], [117.968904, 25.68097], [117.959738, 25.672145], [117.946722, 25.674639], [117.949745, 25.668259], [117.937411, 25.658426], [117.942042, 25.65147], [117.953352, 25.655739], [117.956472, 25.640627], [117.967734, 25.644418], [117.976655, 25.629448], [117.985625, 25.625897], [117.990646, 25.613565], [117.993328, 25.620283], [118.003565, 25.616876], [118.019458, 25.621387], [118.025552, 25.628584], [118.038032, 25.628249], [118.042907, 25.619851], [118.043249, 25.604783], [118.039495, 25.59216], [118.033693, 25.588128], [118.035058, 25.5792], [118.030086, 25.568639], [118.002152, 25.549723], [117.994303, 25.537431], [117.980214, 25.531044], [117.980945, 25.516349], [117.962566, 25.528835], [117.941993, 25.524129], [117.93195, 25.511018], [117.892901, 25.497424], [117.882517, 25.498865], [117.864187, 25.495743], [117.85312, 25.488393], [117.840494, 25.491852], [117.829135, 25.50924], [117.820165, 25.517069], [117.804516, 25.508952], [117.789159, 25.510057], [117.789111, 25.493341], [117.798032, 25.478017], [117.786478, 25.481956], [117.769562, 25.499442], [117.762444, 25.497665], [117.752694, 25.507703], [117.742944, 25.505206], [117.731682, 25.509385], [117.733779, 25.514139], [117.71813, 25.511978], [117.715156, 25.491468], [117.722371, 25.48138], [117.713157, 25.477921], [117.704041, 25.457597], [117.697557, 25.455675], [117.691414, 25.440874], [117.699019, 25.422226], [117.684101, 25.396508], [117.691658, 25.390595], [117.691512, 25.368285], [117.678349, 25.355349], [117.68025, 25.347269], [117.661627, 25.336351], [117.655192, 25.320622], [117.619409, 25.299598], [117.599811, 25.293728], [117.604638, 25.284152], [117.603468, 25.260042], [117.621067, 25.247479], [117.622285, 25.240788], [117.6139, 25.222254], [117.595765, 25.221821], [117.578654, 25.231257], [117.570707, 25.220232], [117.555399, 25.21171], [117.555692, 25.194231], [117.562176, 25.187489], [117.573193, 25.188934], [117.582066, 25.174871], [117.59674, 25.171355], [117.604004, 25.164323], [117.621603, 25.160951], [117.620579, 25.147993], [117.626624, 25.138358], [117.653047, 25.13407], [117.671524, 25.124385], [117.671378, 25.098797], [117.677471, 25.08805], [117.699019, 25.078699], [117.707551, 25.067901], [117.721883, 25.07788], [117.72671, 25.071179], [117.731585, 25.051077], [117.726222, 25.043652], [117.73841, 25.037287], [117.737142, 25.026534], [117.718032, 25.015009], [117.715497, 25.00353], [117.701505, 25.004495], [117.69507, 24.992196], [117.685076, 24.98853], [117.670841, 24.999913], [117.654461, 24.996971], [117.654802, 24.981342], [117.637057, 24.970922], [117.618239, 24.964457], [117.604345, 24.947908], [117.607026, 24.930294], [117.630183, 24.92571], [117.631451, 24.912871], [117.614875, 24.898004], [117.616728, 24.877101], [117.624772, 24.86672], [117.636618, 24.866865], [117.644857, 24.858946], [117.657581, 24.85349], [117.668404, 24.853972], [117.683419, 24.848999], [117.711597, 24.86363], [117.717788, 24.874252], [117.729976, 24.88077], [117.750403, 24.877197], [117.76259, 24.86841], [117.770244, 24.868555], [117.770585, 24.855952], [117.775753, 24.85093], [117.789988, 24.85716], [117.797545, 24.865416], [117.802663, 24.852669], [117.81256, 24.849964], [117.822115, 24.85798], [117.824991, 24.866527], [117.821189, 24.87459], [117.833864, 24.881543], [117.849757, 24.873866], [117.863992, 24.878308], [117.871695, 24.87179], [117.882566, 24.895687], [117.893632, 24.887191], [117.898605, 24.874639], [117.913035, 24.870293], [117.917715, 24.879515], [117.930195, 24.875508], [117.936436, 24.86643], [117.947404, 24.871114], [117.957788, 24.868169], [117.971146, 24.848081], [117.999032, 24.859912], [117.991475, 24.866913], [117.996984, 24.877246], [118.011707, 24.87517], [118.014486, 24.879708], [118.004638, 24.88777], [117.990305, 24.892839], [117.996984, 24.899839], [118.009074, 24.892791], [118.015802, 24.901818], [118.036765, 24.899694], [118.042127, 24.883087], [118.059141, 24.86643], [118.06582, 24.875411], [118.071865, 24.874397], [118.072548, 24.86194], [118.077764, 24.854262], [118.085564, 24.863727], [118.109696, 24.875218], [118.113547, 24.874735], [118.12554, 24.888494], [118.137923, 24.89477], [118.150695, 24.891681], [118.161567, 24.897618], [118.176923, 24.893225], [118.194961, 24.892646], [118.204077, 24.882122], [118.197252, 24.879998], [118.197106, 24.86643], [118.22582, 24.850834], [118.224163, 24.838422], [118.231817, 24.825961], [118.243224, 24.824947], [118.252097, 24.831371], [118.263748, 24.825285], [118.28437, 24.832482], [118.301238, 24.826106], [118.312012, 24.804901], [118.325564, 24.798234], [118.322591, 24.783837], [118.334876, 24.774559], [118.338045, 24.780358], [118.344772, 24.771708], [118.337021, 24.771032], [118.33512, 24.752475], [118.316887, 24.74885], [118.322249, 24.733239], [118.332389, 24.72942], [118.336533, 24.718399], [118.322006, 24.69819], [118.322493, 24.692388], [118.338825, 24.68204], [118.338727, 24.673771], [118.352134, 24.66434], [118.350817, 24.649105], [118.34331, 24.64214], [118.346966, 24.630578], [118.34448, 24.620951], [118.337021, 24.617274], [118.329611, 24.605324], [118.331512, 24.598259], [118.341213, 24.607259], [118.34175, 24.592404], [118.353109, 24.585097], [118.355546, 24.575805], [118.373828, 24.575611], [118.385674, 24.582048], [118.391817, 24.574062], [118.402981, 24.578079], [118.401567, 24.590855], [118.422091, 24.598549], [118.444663, 24.614952], [118.478642, 24.615], [118.518569, 24.605904], [118.557326, 24.572901], [118.556497, 24.562591], [118.547185, 24.559203], [118.54621, 24.549764], [118.563712, 24.539308], [118.566442, 24.52062], [118.558106, 24.512582], [118.579946, 24.507207], [118.590817, 24.513792], [118.614267, 24.521733], [118.620604, 24.534805], [118.625382, 24.535144], [118.639666, 24.548748], [118.65746, 24.55446], [118.655997, 24.565883], [118.664285, 24.573772], [118.673255, 24.575079], [118.680324, 24.582241], [118.689099, 24.608952], [118.686856, 24.633626], [118.672475, 24.631449], [118.667015, 24.621387], [118.661262, 24.622257], [118.654973, 24.633674], [118.652438, 24.6537], [118.656095, 24.669805], [118.670184, 24.679767], [118.677496, 24.667194], [118.68593, 24.662599], [118.703432, 24.665453], [118.716789, 24.676576], [118.724053, 24.677688], [118.731463, 24.691372], [118.742237, 24.698964], [118.7398, 24.706264], [118.750525, 24.716465], [118.742384, 24.717142], [118.747259, 24.723619], [118.752329, 24.718785], [118.765979, 24.728695], [118.765784, 24.734592], [118.776509, 24.740972], [118.784651, 24.760062], [118.785431, 24.77683], [118.744821, 24.779488], [118.736095, 24.783981], [118.731415, 24.800939], [118.732243, 24.815625], [118.72108, 24.815866], [118.713036, 24.809248], [118.710598, 24.796736], [118.690903, 24.799925], [118.673694, 24.794466], [118.650391, 24.808765], [118.645711, 24.829053], [118.647905, 24.843638], [118.672865, 24.849578], [118.687734, 24.85658], [118.696997, 24.867879], [118.702408, 24.865513], [118.698557, 24.85262], [118.705187, 24.844314], [118.731415, 24.840692], [118.734925, 24.826106], [118.745894, 24.824512], [118.751207, 24.845377], [118.765979, 24.847984], [118.787234, 24.855663], [118.80576, 24.869859], [118.819654, 24.86899], [118.834474, 24.854262], [118.845784, 24.863775], [118.835693, 24.86812], [118.838325, 24.875701], [118.847685, 24.875701], [118.864748, 24.887384], [118.876156, 24.888205], [118.895851, 24.884005], [118.906966, 24.876135], [118.931439, 24.870438], [118.948892, 24.876232], [118.958008, 24.871211], [118.991841, 24.880336], [118.988185, 24.896846], [118.972292, 24.902252], [118.955522, 24.896991], [118.942116, 24.908189], [118.93295, 24.906548], [118.928124, 24.918711], [118.918276, 24.923876], [118.918374, 24.932466], [118.93334, 24.949355], [118.945626, 24.954036], [118.983456, 24.938305], [118.982774, 24.934396], [119.013926, 24.94149], [119.032743, 24.957654], [119.032451, 24.961369], [119.017143, 24.963444], [119.009392, 24.958619], [119.006125, 24.97015], [118.997886, 24.968558], [118.989696, 24.974058], [118.988575, 24.995524], [119.005882, 24.999334], [119.011927, 25.0261], [119.024066, 25.043507], [119.024456, 25.051655], [119.016363, 25.058501], [118.998959, 25.055608], [118.991646, 25.044037], [118.983603, 25.044037], [118.97629, 25.026775], [118.960348, 25.02176], [118.945284, 25.028511], [118.946259, 25.043121], [118.920519, 25.054934], [118.889172, 25.084194], [118.892097, 25.092725], [118.910866, 25.093014], [118.916521, 25.09899], [118.937777, 25.098026], [118.955181, 25.107905], [118.974779, 25.115182], [118.973804, 25.121687], [118.953913, 25.127132], [118.951476, 25.14939], [118.966588, 25.153918], [118.985504, 25.166105], [118.984431, 25.195483], [118.973999, 25.198806], [118.971074, 25.20834], [118.950403, 25.206173], [118.941921, 25.211036], [118.945674, 25.219606], [118.919739, 25.233086], [118.917789, 25.238285], [118.899849, 25.241366]]], [[[118.412536, 24.514325], [118.395034, 24.508902], [118.399909, 24.490693], [118.383675, 24.480716], [118.390403, 24.474904], [118.389525, 24.465507], [118.374608, 24.458774], [118.34526, 24.468559], [118.318739, 24.486625], [118.295729, 24.47534], [118.294023, 24.466766], [118.304797, 24.454608], [118.311963, 24.424617], [118.290123, 24.423067], [118.290659, 24.415023], [118.281932, 24.410419], [118.294315, 24.401453], [118.299483, 24.39239], [118.318788, 24.383617], [118.333072, 24.383714], [118.339848, 24.390161], [118.350671, 24.412309], [118.372268, 24.42641], [118.405272, 24.428058], [118.416095, 24.42171], [118.432377, 24.418899], [118.437009, 24.411], [118.43072, 24.403586], [118.457728, 24.41226], [118.459532, 24.420062], [118.469818, 24.425296], [118.465625, 24.434211], [118.477033, 24.437506], [118.478983, 24.447971], [118.467527, 24.459307], [118.467917, 24.470448], [118.473474, 24.477277], [118.462944, 24.478537], [118.4549, 24.504447], [118.43852, 24.50774], [118.430525, 24.521346], [118.414583, 24.526672], [118.412536, 24.514325]]], [[[118.230403, 24.401308], [118.238203, 24.40819], [118.246734, 24.407317], [118.252779, 24.4173], [118.269988, 24.421419], [118.27345, 24.441139], [118.255656, 24.451943], [118.233864, 24.445791], [118.229087, 24.427961], [118.220701, 24.42578], [118.217923, 24.405621], [118.230403, 24.401308]]], [[[119.004419, 25.181951], [119.000958, 25.185851], [118.994181, 25.172559], [119.004419, 25.181951]]], [[[119.028307, 25.029669], [119.03679, 25.031549], [119.027039, 25.04047], [119.028307, 25.029669]]]]}, "properties": {"adcode": 350500, "name": "泉州市", "areas": ["岭南茶区"], "areaLabel": "岭南茶区", "pointCount": 1, "layer": "tea_city"}}, {"type": "Feature", "geometry": {"type": "MultiPolygon", "coordinates": [[[[109.418415, 27.721364], [109.418251, 27.714244], [109.429957, 27.703564], [109.456872, 27.69354], [109.470439, 27.680283], [109.458185, 27.67475], [109.456161, 27.669436], [109.464476, 27.651408], [109.470056, 27.628774], [109.469181, 27.620936], [109.451238, 27.585959], [109.46196, 27.565615], [109.45917, 27.560131], [109.445986, 27.562379], [109.433623, 27.548393], [109.404957, 27.550478], [109.379137, 27.535832], [109.325909, 27.494243], [109.312342, 27.486176], [109.302988, 27.475638], [109.306926, 27.434411], [109.299869, 27.423923], [109.286467, 27.424637], [109.245548, 27.418157], [109.24325, 27.429634], [109.221915, 27.438913], [109.213709, 27.450497], [109.202112, 27.450058], [109.18953, 27.436552], [109.166992, 27.417828], [109.156215, 27.41651], [109.159442, 27.442317], [109.154081, 27.448795], [109.140405, 27.447094], [109.123337, 27.42859], [109.123282, 27.418432], [109.11453, 27.424911], [109.111959, 27.413709], [109.124541, 27.415137], [109.129245, 27.42557], [109.138655, 27.430348], [109.14221, 27.418212], [109.127659, 27.405087], [109.115897, 27.400089], [109.12476, 27.387895], [109.113819, 27.367184], [109.118468, 27.36224], [109.114092, 27.352404], [109.104519, 27.355481], [109.101072, 27.349822], [109.103753, 27.337128], [109.086357, 27.331028], [109.074376, 27.331907], [109.072188, 27.323553], [109.059551, 27.326851], [109.052112, 27.336688], [109.044398, 27.331083], [109.054136, 27.306074], [109.053917, 27.294859], [109.045602, 27.288207], [109.041389, 27.276606], [109.023884, 27.282214], [109.010591, 27.270502], [108.99954, 27.267533], [108.987177, 27.270557], [108.984661, 27.256259], [108.968523, 27.245535], [108.963435, 27.235524], [108.951455, 27.236074], [108.947078, 27.228428], [108.914256, 27.21462], [108.908676, 27.204332], [108.925744, 27.1996], [108.919179, 27.193492], [108.929792, 27.180065], [108.926017, 27.175167], [108.926783, 27.160912], [108.909989, 27.147536], [108.904901, 27.134929], [108.887614, 27.121495], [108.88477, 27.108499], [108.878752, 27.106296], [108.868522, 27.116594], [108.859934, 27.114887], [108.856542, 27.098091], [108.846969, 27.098146], [108.824376, 27.089058], [108.807472, 27.098587], [108.792209, 27.083275], [108.803807, 27.078869], [108.831432, 27.057825], [108.840951, 27.063059], [108.845656, 27.058045], [108.84396, 27.047963], [108.854737, 27.031983], [108.868522, 27.031047], [108.877658, 27.015451], [108.878424, 27.006356], [108.872899, 26.999852], [108.884113, 27.002388], [108.900634, 27.016939], [108.918468, 27.019088], [108.914912, 27.025922], [108.920984, 27.029779], [108.921367, 27.009774], [108.936794, 27.011813], [108.951947, 27.018757], [108.950962, 27.036943], [108.94314, 27.037384], [108.940404, 27.044712], [108.964256, 27.054464], [108.989639, 27.074076], [109.007582, 27.080246], [109.016116, 27.086745], [109.018851, 27.095833], [109.032527, 27.103818], [109.035864, 27.098091], [109.053753, 27.098311], [109.061958, 27.110427], [109.064748, 27.103488], [109.080394, 27.116484], [109.097188, 27.116098], [109.111357, 27.123146], [109.122954, 27.123367], [109.13395, 27.11775], [109.131051, 27.110096], [109.118961, 27.10525], [109.109169, 27.092528], [109.101127, 27.068953], [109.130558, 27.065042], [109.141062, 27.073581], [109.1543, 27.071928], [109.163545, 27.065813], [109.175252, 27.087241], [109.185482, 27.082284], [109.19593, 27.091262], [109.21825, 27.116429], [109.238928, 27.149132], [109.248119, 27.153426], [109.257419, 27.150618], [109.264257, 27.131901], [109.280559, 27.127111], [109.29894, 27.135259], [109.335045, 27.139058], [109.333677, 27.148747], [109.358732, 27.152875], [109.373994, 27.147811], [109.376894, 27.154196], [109.384552, 27.143902], [109.393196, 27.143847], [109.392813, 27.156068], [109.400855, 27.159591], [109.400253, 27.15238], [109.41464, 27.154141], [109.427933, 27.12601], [109.440898, 27.118191], [109.448338, 27.120558], [109.457583, 27.133332], [109.472682, 27.134929], [109.469345, 27.115438], [109.459607, 27.108279], [109.463437, 27.10123], [109.459717, 27.09363], [109.462069, 27.081292], [109.482419, 27.081127], [109.481653, 27.071763], [109.454575, 27.069449], [109.468251, 27.064767], [109.487069, 27.053968], [109.49615, 27.062453], [109.487999, 27.066474], [109.489804, 27.078593], [109.498503, 27.079364], [109.505067, 27.072699], [109.518524, 27.072589], [109.510483, 27.067962], [109.518853, 27.060029], [109.517923, 27.043224], [109.525034, 27.037273], [109.5258, 27.026528], [109.541336, 27.01286], [109.542376, 26.996435], [109.532091, 26.993182], [109.527605, 26.977195], [109.536796, 26.974659], [109.546697, 26.984583], [109.555013, 26.946923], [109.533623, 26.938596], [109.530231, 26.92751], [109.514093, 26.930764], [109.493251, 26.921111], [109.484225, 26.913554], [109.471807, 26.911182], [109.45824, 26.901859], [109.446588, 26.899652], [109.436413, 26.892645], [109.438546, 26.877416], [109.444837, 26.871732], [109.436631, 26.862461], [109.447901, 26.859591], [109.457474, 26.864117], [109.456763, 26.873222], [109.472955, 26.884755], [109.474214, 26.8943], [109.486796, 26.895293], [109.490844, 26.883651], [109.51382, 26.874271], [109.510373, 26.865496], [109.513109, 26.840273], [109.497354, 26.823105], [109.497463, 26.815265], [109.507693, 26.801185], [109.51754, 26.779924], [109.517485, 26.756228], [109.522244, 26.749378], [109.528645, 26.744019], [109.53417, 26.744572], [109.553918, 26.73529], [109.561522, 26.742251], [109.558076, 26.754626], [109.570439, 26.747887], [109.580341, 26.755676], [109.577113, 26.77059], [109.596424, 26.760703], [109.579083, 26.740815], [109.578153, 26.733301], [109.568251, 26.726173], [109.553371, 26.723024], [109.547299, 26.717885], [109.546041, 26.731201], [109.528535, 26.743909], [109.522135, 26.749212], [109.504629, 26.744627], [109.502332, 26.757664], [109.497682, 26.76015], [109.453973, 26.7612], [109.437671, 26.755234], [109.417758, 26.739765], [109.413984, 26.72225], [109.407091, 26.719819], [109.38127, 26.727444], [109.385975, 26.712138], [109.37301, 26.705009], [109.364968, 26.696166], [109.355012, 26.693237], [109.335592, 26.699979], [109.319126, 26.701748], [109.298447, 26.696553], [109.292922, 26.701251], [109.283732, 26.698598], [109.287014, 26.689699], [109.304191, 26.66311], [109.33406, 26.646247], [109.355121, 26.659019], [109.364366, 26.633473], [109.378699, 26.622468], [109.384717, 26.604713], [109.391281, 26.60051], [109.387178, 26.588063], [109.389859, 26.581147], [109.385482, 26.571022], [109.399049, 26.570967], [109.395165, 26.56643], [109.403973, 26.560177], [109.408732, 26.5371], [109.404301, 26.529628], [109.381708, 26.518502], [109.385537, 26.493534], [109.364038, 26.475926], [109.362452, 26.466235], [109.380997, 26.461749], [109.373557, 26.449453], [109.361029, 26.44829], [109.326784, 26.42796], [109.319563, 26.418653], [109.313546, 26.397376], [109.299049, 26.368225], [109.292594, 26.345331], [109.277331, 26.340008], [109.271423, 26.327755], [109.274486, 26.31539], [109.285865, 26.295813], [109.296861, 26.297366], [109.30534, 26.29121], [109.325745, 26.289879], [109.323393, 26.282446], [109.334771, 26.276677], [109.339804, 26.264084], [109.351456, 26.264251], [109.373229, 26.278175], [109.391172, 26.277121], [109.401511, 26.283722], [109.421041, 26.288714], [109.442649, 26.289879], [109.444454, 26.303079], [109.46103, 26.314114], [109.466555, 26.314059], [109.476894, 26.299252], [109.458842, 26.284166], [109.453426, 26.264528], [109.43964, 26.238839], [109.452386, 26.209648], [109.468306, 26.20321], [109.470439, 26.196327], [109.459334, 26.194106], [109.470001, 26.177007], [109.467485, 26.162349], [109.476183, 26.148078], [109.493196, 26.144024], [109.495166, 26.152632], [109.501128, 26.139082], [109.514093, 26.128251], [109.512726, 26.115476], [109.504082, 26.09681], [109.475964, 26.099477], [109.466555, 26.091588], [109.450417, 26.101921], [109.450964, 26.075974], [109.447572, 26.071807], [109.454793, 26.053079], [109.479137, 26.047743], [109.482638, 26.029622], [109.496424, 26.023785], [109.508896, 26.009553], [109.513163, 25.998099], [109.5287, 25.995764], [109.540297, 26.000045], [109.545385, 26.013889], [109.559772, 26.02145], [109.588273, 26.019727], [109.604466, 26.026398], [109.612726, 26.037071], [109.634991, 26.047298], [109.646041, 26.041962], [109.649269, 26.01678], [109.656709, 26.013445], [109.675472, 26.015113], [109.690133, 26.007551], [109.689149, 25.998266], [109.698066, 25.998933], [109.708241, 26.013556], [109.72323, 26.003437], [109.729685, 25.991538], [109.723558, 25.974632], [109.711468, 25.961784], [109.709991, 25.954052], [109.69347, 25.95917], [109.690297, 25.937642], [109.682584, 25.933914], [109.679302, 25.923065], [109.69254, 25.909933], [109.69254, 25.898025], [109.68521, 25.901085], [109.68056, 25.895131], [109.688711, 25.888285], [109.68521, 25.880326], [109.702114, 25.882274], [109.710648, 25.886894], [109.7194, 25.883833], [109.747245, 25.889231], [109.768361, 25.890345], [109.764751, 25.876207], [109.779521, 25.865965], [109.799379, 25.871866], [109.813219, 25.879825], [109.815845, 25.890845], [109.825965, 25.911436], [109.825035, 25.922898], [109.810429, 25.945653], [109.80649, 25.973631], [109.784663, 25.985754], [109.782475, 25.997209], [109.80195, 26.034403], [109.814587, 26.040962], [109.840189, 26.029066], [109.856272, 26.026287], [109.870878, 26.033347], [109.880451, 26.057302], [109.882475, 26.075252], [109.888165, 26.087976], [109.898996, 26.095199], [109.899051, 26.108977], [109.907202, 26.144857], [109.914478, 26.154409], [109.931217, 26.161239], [109.966228, 26.195494], [109.974379, 26.218362], [109.99276, 26.238617], [109.988821, 26.245165], [109.995331, 26.258703], [109.990408, 26.27285], [109.984281, 26.279118], [109.995933, 26.294981], [110.009281, 26.304021], [110.013001, 26.335074], [110.017706, 26.347548], [110.011524, 26.364622], [110.012235, 26.372492], [109.978646, 26.388011], [109.979412, 26.40735], [109.98729, 26.432447], [109.96683, 26.428016], [109.950583, 26.43699], [109.955014, 26.446905], [109.934883, 26.456986], [109.932585, 26.475981], [109.919018, 26.474652], [109.902826, 26.461804], [109.891392, 26.459367], [109.875418, 26.468173], [109.856272, 26.465182], [109.862344, 26.486834], [109.879357, 26.497022], [109.883187, 26.509977], [109.879685, 26.517395], [109.892541, 26.525477], [109.8723, 26.538871], [109.862672, 26.539867], [109.864368, 26.561007], [109.872081, 26.571022], [109.861688, 26.583637], [109.856819, 26.580926], [109.826841, 26.60582], [109.83067, 26.621528], [109.851458, 26.621804], [109.858241, 26.643427], [109.885429, 26.653822], [109.898942, 26.655591], [109.901075, 26.66803], [109.91404, 26.676212], [109.934062, 26.673724], [109.941939, 26.67776], [109.950036, 26.68887], [109.963603, 26.691855], [109.987618, 26.685333], [109.997738, 26.674277], [110.007476, 26.673116], [110.002005, 26.666593], [110.020331, 26.662889], [110.021863, 26.668251], [110.036907, 26.681961], [110.044183, 26.6981], [110.065189, 26.695392], [110.072082, 26.700145], [110.067323, 26.718382], [110.060813, 26.717553], [110.047465, 26.724681], [110.05031, 26.735622], [110.056546, 26.740207], [110.04927, 26.747555], [110.064095, 26.750925], [110.061688, 26.760316], [110.068253, 26.759653], [110.063493, 26.769927], [110.068581, 26.784618], [110.061634, 26.793509], [110.056546, 26.80886], [110.057421, 26.822718], [110.048723, 26.825037], [110.042104, 26.835029], [110.048668, 26.86075], [110.055944, 26.876202], [110.063548, 26.882051], [110.078209, 26.881996], [110.093253, 26.891155], [110.09741, 26.906383], [110.072137, 26.932032], [110.075911, 26.941684], [110.089697, 26.948743], [110.104796, 26.951941], [110.116284, 26.978022], [110.125529, 26.984803], [110.146262, 26.986898], [110.153647, 26.998419], [110.15031, 27.022891], [110.155069, 27.037714], [110.162619, 27.04642], [110.201404, 27.061902], [110.208352, 27.081292], [110.204413, 27.092033], [110.194183, 27.102111], [110.200474, 27.118191], [110.226514, 27.130359], [110.24949, 27.151059], [110.26705, 27.153866], [110.304632, 27.166966], [110.31437, 27.157939], [110.325803, 27.158765], [110.331766, 27.151444], [110.342707, 27.150508], [110.355891, 27.175277], [110.352116, 27.19905], [110.375584, 27.223037], [110.387127, 27.218801], [110.424053, 27.19949], [110.443035, 27.201251], [110.456274, 27.2133], [110.462127, 27.247075], [110.483517, 27.262144], [110.511635, 27.273746], [110.526405, 27.289911], [110.524272, 27.293375], [110.540847, 27.305194], [110.553922, 27.308218], [110.573998, 27.281059], [110.585104, 27.278585], [110.598725, 27.281444], [110.609064, 27.288977], [110.606384, 27.301841], [110.609994, 27.309537], [110.606548, 27.32108], [110.614863, 27.324103], [110.632204, 27.343283], [110.636526, 27.353613], [110.649218, 27.365206], [110.659666, 27.396793], [110.663113, 27.420683], [110.674108, 27.434575], [110.688222, 27.443854], [110.69331, 27.455822], [110.684666, 27.468722], [110.68401, 27.487877], [110.68029, 27.497042], [110.648233, 27.529578], [110.632642, 27.536106], [110.638112, 27.555908], [110.652773, 27.565834], [110.653047, 27.57417], [110.674053, 27.60005], [110.710542, 27.606958], [110.714426, 27.616003], [110.734174, 27.616386], [110.741067, 27.62565], [110.743693, 27.617318], [110.737949, 27.600708], [110.746647, 27.603833], [110.755837, 27.596815], [110.767052, 27.581299], [110.776898, 27.574005], [110.7868, 27.560515], [110.799437, 27.559418], [110.808682, 27.563366], [110.824328, 27.578831], [110.853485, 27.592045], [110.854579, 27.601804], [110.847632, 27.608986], [110.845662, 27.62428], [110.857314, 27.621375], [110.852336, 27.627568], [110.855564, 27.647353], [110.869185, 27.655463], [110.86831, 27.672887], [110.859995, 27.677215], [110.849163, 27.675791], [110.837511, 27.681489], [110.830345, 27.714956], [110.811472, 27.757775], [110.795717, 27.758158], [110.785706, 27.782681], [110.767763, 27.795433], [110.78587, 27.832914], [110.791614, 27.85567], [110.806548, 27.864257], [110.837183, 27.849216], [110.87668, 27.846371], [110.882096, 27.850474], [110.894514, 27.849872], [110.898507, 27.855998], [110.912785, 27.864257], [110.922358, 27.863273], [110.929689, 27.879077], [110.944787, 27.896247], [110.973945, 27.910899], [110.9804, 27.919973], [110.970772, 27.925276], [110.966669, 27.949269], [110.987402, 27.972875], [111.000532, 27.992214], [110.990958, 27.992979], [110.971155, 28.002757], [110.9804, 28.029081], [111.013223, 28.028917], [111.022031, 28.041531], [111.010488, 28.044534], [110.992162, 28.054034], [110.971319, 28.054798], [110.970936, 28.065826], [110.962676, 28.058129], [110.953485, 28.057091], [110.955728, 28.050758], [110.942982, 28.038364], [110.938059, 28.018486], [110.92575, 28.021326], [110.92203, 28.000626], [110.907698, 27.998223], [110.88959, 28.000954], [110.878157, 28.01308], [110.866177, 28.013735], [110.86645, 28.025477], [110.884065, 28.050977], [110.896155, 28.058784], [110.876352, 28.081819], [110.858846, 28.076361], [110.83319, 28.087496], [110.823452, 28.087441], [110.844349, 28.116364], [110.833026, 28.118874], [110.818638, 28.13966], [110.849163, 28.172277], [110.853266, 28.188418], [110.860487, 28.198614], [110.858518, 28.205157], [110.84889, 28.204721], [110.848069, 28.213007], [110.840082, 28.214643], [110.826789, 28.209082], [110.824601, 28.203794], [110.804579, 28.213225], [110.79982, 28.223201], [110.787839, 28.231268], [110.806275, 28.253013], [110.802719, 28.264348], [110.793036, 28.275898], [110.783354, 28.278241], [110.774601, 28.27312], [110.74971, 28.280911], [110.739535, 28.281619], [110.7211, 28.300794], [110.733189, 28.311361], [110.741067, 28.325466], [110.753266, 28.338698], [110.793966, 28.354379], [110.825914, 28.37169], [110.832752, 28.380508], [110.83587, 28.393896], [110.853923, 28.398468], [110.860433, 28.406032], [110.862129, 28.418818], [110.88866, 28.438948], [110.889207, 28.447325], [110.905345, 28.455103], [110.923453, 28.473268], [110.929744, 28.484796], [110.943803, 28.478434], [110.959339, 28.492245], [110.969897, 28.512524], [110.981658, 28.51198], [110.993146, 28.521765], [111.002009, 28.537146], [111.013168, 28.545787], [111.029689, 28.543668], [111.041888, 28.535027], [111.049274, 28.53682], [111.067545, 28.530135], [111.075915, 28.53019], [111.079306, 28.53769], [111.054744, 28.57062], [111.064481, 28.582789], [111.055346, 28.590177], [111.057425, 28.607938], [111.049766, 28.608156], [111.036691, 28.596858], [111.020171, 28.589742], [111.015794, 28.599302], [111.008026, 28.598162], [111.010105, 28.587352], [111.005729, 28.583604], [110.989262, 28.587841], [110.978376, 28.585505], [110.956166, 28.568827], [110.950696, 28.568229], [110.943857, 28.591644], [110.945936, 28.601421], [110.934722, 28.617551], [110.946155, 28.622004], [110.9554, 28.61918], [110.991724, 28.619995], [110.995335, 28.63786], [111.015247, 28.649858], [111.051681, 28.652301], [111.064646, 28.659739], [111.06191, 28.668587], [111.046648, 28.684707], [111.051571, 28.692088], [111.06574, 28.696592], [111.081166, 28.69187], [111.09632, 28.700499], [111.105455, 28.727085], [111.102556, 28.734028], [111.115138, 28.743358], [111.098453, 28.770747], [111.102228, 28.777959], [111.086309, 28.785387], [111.078759, 28.793682], [111.079361, 28.805717], [111.072742, 28.809837], [111.064427, 28.823442], [111.048453, 28.825393], [111.040302, 28.822683], [111.031494, 28.838075], [111.013114, 28.851297], [111.002063, 28.875732], [110.992435, 28.888245], [110.9897, 28.89729], [110.972687, 28.904223], [110.9583, 28.906389], [110.96284, 28.917924], [110.950148, 28.937308], [110.956768, 28.951059], [110.954908, 28.960748], [110.965356, 28.965186], [110.974602, 28.976769], [110.982588, 28.976823], [110.98702, 28.988404], [110.970717, 28.992733], [110.962019, 28.99836], [110.949, 28.997007], [110.955291, 29.002851], [110.943529, 29.011778], [110.919076, 29.022544], [110.9147, 29.035742], [110.903814, 29.034769], [110.903102, 29.0213], [110.915137, 29.008532], [110.905126, 28.995709], [110.898452, 29.00112], [110.889153, 28.992462], [110.860706, 28.998955], [110.840465, 28.99257], [110.839371, 28.987754], [110.850258, 28.968542], [110.851844, 28.952033], [110.849163, 28.946511], [110.8368, 28.941855], [110.811417, 28.955281], [110.798616, 28.955227], [110.798069, 28.935738], [110.788879, 28.913808], [110.775695, 28.906172], [110.76366, 28.905847], [110.739371, 28.924476], [110.730454, 28.926154], [110.716942, 28.913429], [110.690903, 28.923988], [110.690684, 28.908122], [110.678594, 28.906172], [110.670498, 28.91083], [110.666504, 28.923501], [110.656986, 28.935034], [110.635979, 28.949705], [110.620716, 28.965186], [110.593309, 28.969354], [110.572576, 29.000579], [110.558408, 28.995438], [110.541777, 28.982289], [110.553539, 28.963346], [110.551077, 28.953278], [110.533243, 28.946132], [110.521919, 28.938499], [110.521044, 28.93276], [110.538987, 28.908447], [110.543966, 28.889328], [110.530782, 28.874107], [110.524381, 28.886132], [110.490191, 28.911263], [110.4839, 28.910776], [110.476569, 28.898807], [110.481766, 28.889437], [110.472138, 28.887487], [110.468035, 28.880228], [110.450913, 28.882828], [110.449162, 28.889816], [110.432805, 28.890791], [110.423123, 28.900594], [110.400201, 28.89572], [110.390409, 28.881149], [110.396317, 28.864192], [110.377608, 28.850268], [110.365901, 28.846095], [110.344785, 28.820732], [110.340464, 28.80176], [110.342597, 28.782025], [110.340409, 28.769825], [110.33089, 28.760063], [110.310868, 28.757135], [110.288275, 28.767439], [110.283844, 28.762721], [110.28554, 28.743521], [110.271536, 28.700716], [110.273724, 28.689428], [110.270278, 28.671409], [110.257695, 28.672386], [110.251076, 28.659956], [110.244019, 28.658164], [110.243363, 28.644755], [110.228647, 28.653116], [110.218582, 28.644158], [110.212072, 28.625697], [110.230835, 28.615922], [110.224544, 28.612066], [110.229905, 28.587569], [110.236634, 28.57339], [110.224216, 28.563285], [110.211087, 28.566545], [110.207531, 28.575129], [110.188603, 28.574966], [110.185868, 28.582735], [110.172465, 28.584256], [110.167542, 28.574749], [110.165463, 28.556982], [110.167104, 28.535027], [110.150857, 28.527798], [110.148614, 28.483654], [110.163603, 28.467558], [110.15775, 28.461412], [110.141667, 28.456517], [110.138111, 28.447706], [110.126349, 28.44863], [110.127389, 28.459944], [110.109227, 28.463642], [110.10299, 28.45271], [110.114205, 28.442538], [110.110375, 28.425239], [110.111743, 28.415935], [110.125802, 28.402495], [110.141448, 28.383338], [110.152061, 28.391719], [110.170058, 28.378058], [110.179796, 28.37648], [110.190409, 28.363252], [110.205835, 28.362599], [110.211525, 28.346974], [110.203045, 28.339787], [110.185047, 28.333144], [110.1781, 28.316426], [110.178428, 28.3027], [110.185759, 28.285705], [110.175037, 28.280529], [110.186525, 28.259389], [110.205999, 28.252523], [110.208844, 28.243803], [110.226514, 28.24086], [110.240299, 28.230832], [110.24298, 28.207229], [110.235923, 28.197688], [110.223013, 28.198069], [110.216667, 28.204394], [110.191448, 28.201231], [110.202006, 28.187873], [110.194293, 28.173477], [110.174544, 28.165733], [110.169183, 28.155588], [110.182258, 28.145715], [110.177881, 28.133987], [110.154905, 28.13044], [110.151787, 28.120893], [110.166338, 28.110635], [110.166776, 28.103104], [110.147301, 28.092189], [110.123176, 28.093663], [110.111743, 28.090934], [110.116284, 28.075542], [110.124489, 28.065771], [110.137454, 28.057801], [110.137509, 28.047264], [110.130835, 28.03962], [110.122192, 28.040002], [110.128592, 28.024821], [110.117706, 28.016411], [110.111141, 28.005542], [110.110321, 27.988554], [110.09927, 27.977082], [110.06962, 27.96834], [110.062454, 27.959269], [110.047848, 27.950034], [110.053975, 27.933146], [110.044292, 27.918661], [110.02252, 27.908001], [110.016064, 27.908603], [110.000364, 27.919755], [110.001732, 27.936153], [109.984117, 27.945935], [109.974106, 27.93812], [109.970277, 27.956865], [109.958406, 27.961182], [109.957913, 27.951673], [109.951513, 27.94834], [109.947793, 27.956865], [109.933624, 27.959269], [109.914368, 27.951236], [109.909335, 27.93741], [109.882585, 27.946919], [109.876841, 27.956318], [109.857147, 27.970908], [109.837453, 27.975005], [109.842158, 27.984402], [109.833186, 27.986205], [109.816118, 27.980906], [109.797847, 27.979322], [109.792924, 27.973913], [109.77591, 27.999097], [109.784444, 28.006744], [109.784718, 28.021436], [109.790134, 28.029736], [109.752442, 28.02149], [109.732201, 28.02362], [109.736031, 28.012424], [109.730834, 28.00516], [109.733077, 27.987407], [109.719783, 27.98178], [109.713383, 27.96752], [109.719127, 27.952657], [109.711249, 27.949815], [109.696096, 27.936972], [109.681982, 27.935934], [109.670713, 27.921668], [109.661523, 27.919536], [109.649871, 27.903956], [109.63045, 27.90997], [109.622737, 27.89324], [109.622518, 27.878859], [109.63696, 27.876015], [109.643142, 27.861905], [109.640516, 27.856053], [109.647628, 27.843308], [109.647409, 27.834993], [109.636796, 27.827334], [109.623175, 27.826623], [109.626676, 27.817103], [109.613383, 27.815625], [109.603372, 27.79817], [109.59626, 27.804627], [109.585975, 27.802766], [109.573776, 27.808895], [109.559662, 27.799209], [109.549761, 27.786184], [109.540953, 27.786513], [109.533021, 27.795871], [109.532802, 27.811522], [109.52126, 27.812507], [109.51196, 27.80014], [109.507255, 27.802821], [109.492649, 27.795762], [109.485866, 27.787881], [109.47673, 27.788702], [109.479192, 27.799428], [109.475144, 27.804736], [109.461358, 27.803423], [109.454465, 27.794886], [109.461522, 27.773322], [109.451128, 27.765056], [109.442704, 27.74918], [109.426402, 27.738941], [109.418415, 27.721364]]], [[[109.466938, 26.831937], [109.468634, 26.826527], [109.482146, 26.835029], [109.466938, 26.831937]]], [[[109.528535, 26.743909], [109.528645, 26.744019], [109.522244, 26.749378], [109.522135, 26.749212], [109.528535, 26.743909]]]]}, "properties": {"adcode": 431200, "name": "怀化市", "areas": ["黔中茶区"], "areaLabel": "黔中茶区", "pointCount": 1, "layer": "tea_city"}}, {"type": "Feature", "geometry": {"type": "MultiPolygon", "coordinates": [[[[121.108409, 28.139011], [121.123271, 28.148117], [121.136805, 28.168583], [121.146401, 28.236133], [121.147385, 28.263132], [121.155358, 28.274064], [121.173911, 28.277485], [121.205949, 28.318654], [121.21589, 28.351512], [121.204866, 28.368437], [121.222041, 28.372897], [121.227553, 28.384818], [121.246155, 28.385776], [121.251274, 28.405279], [121.25772, 28.408113], [121.236165, 28.422696], [121.222829, 28.422029], [121.226815, 28.435569], [121.214413, 28.43836], [121.206096, 28.455979], [121.209098, 28.458853], [121.19463, 28.467099], [121.195171, 28.473012], [121.180949, 28.478343], [121.16958, 28.505905], [121.156736, 28.520475], [121.145565, 28.523929], [121.129866, 28.521723], [121.121352, 28.532503], [121.104816, 28.537289], [121.088182, 28.51727], [121.085131, 28.500993], [121.078734, 28.495331], [121.076864, 28.484089], [121.070417, 28.480341], [121.049895, 28.478259], [121.036115, 28.481715], [121.025436, 28.472763], [121.01771, 28.478592], [121.002946, 28.478717], [120.99517, 28.473346], [120.98705, 28.481715], [120.965593, 28.482965], [120.95767, 28.494831], [120.962198, 28.509027], [120.954471, 28.509027], [120.954028, 28.498911], [120.944776, 28.503449], [120.92765, 28.505031], [120.914412, 28.495997], [120.91082, 28.48921], [120.894481, 28.485546], [120.86953, 28.491167], [120.854323, 28.515313], [120.845071, 28.514189], [120.83267, 28.524595], [120.843054, 28.542034], [120.829225, 28.555558], [120.825829, 28.566335], [120.802601, 28.572201], [120.798221, 28.576528], [120.798713, 28.588758], [120.793644, 28.583766], [120.782916, 28.590547], [120.758703, 28.591586], [120.757817, 28.604314], [120.743496, 28.611592], [120.729372, 28.603773], [120.709096, 28.611509], [120.70201, 28.606352], [120.701026, 28.592751], [120.687344, 28.582476], [120.669234, 28.579606], [120.653043, 28.585014], [120.63946, 28.577443], [120.649647, 28.563006], [120.640002, 28.557847], [120.631291, 28.564005], [120.621202, 28.55639], [120.627157, 28.547402], [120.624303, 28.533377], [120.598811, 28.53396], [120.583358, 28.530797], [120.572236, 28.537498], [120.567856, 28.531879], [120.554716, 28.535958], [120.549204, 28.533585], [120.541232, 28.543365], [120.528781, 28.548359], [120.524056, 28.55535], [120.501566, 28.56001], [120.493495, 28.577776], [120.471891, 28.586928], [120.446349, 28.584307], [120.441871, 28.573324], [120.4307, 28.568165], [120.434145, 28.553727], [120.430503, 28.534293], [120.422727, 28.533627], [120.422186, 28.522223], [120.414952, 28.512358], [120.414952, 28.496871], [120.419135, 28.491875], [120.405995, 28.480425], [120.398957, 28.465017], [120.387786, 28.479467], [120.384341, 28.458894], [120.372137, 28.446982], [120.381044, 28.436277], [120.381684, 28.42557], [120.374302, 28.410821], [120.366723, 28.424279], [120.34379, 28.431903], [120.33818, 28.427112], [120.338819, 28.412363], [120.331684, 28.407571], [120.337638, 28.395528], [120.344725, 28.392444], [120.33503, 28.384484], [120.334686, 28.371355], [120.353485, 28.367228], [120.359883, 28.359391], [120.360768, 28.3453], [120.346595, 28.335126], [120.357914, 28.32883], [120.369971, 28.331332], [120.377698, 28.31757], [120.394971, 28.315485], [120.402796, 28.305976], [120.414164, 28.302931], [120.417019, 28.288832], [120.426418, 28.268056], [120.421448, 28.253827], [120.433505, 28.246984], [120.438426, 28.234463], [120.415788, 28.213927], [120.41195, 28.199482], [120.425188, 28.196351], [120.431044, 28.186915], [120.422087, 28.182823], [120.413672, 28.172633], [120.421546, 28.160188], [120.385916, 28.147365], [120.38567, 28.14206], [120.408013, 28.131617], [120.405601, 28.124222], [120.411851, 28.11457], [120.390542, 28.094303], [120.383652, 28.09539], [120.368446, 28.088912], [120.362294, 28.080093], [120.37381, 28.066174], [120.372432, 28.054929], [120.357176, 28.050581], [120.350286, 28.052588], [120.344922, 28.040003], [120.34881, 28.034902], [120.348711, 28.021018], [120.344479, 28.019011], [120.335522, 27.990444], [120.349154, 27.987683], [120.336064, 27.970697], [120.328928, 27.966681], [120.324646, 27.978981], [120.295168, 27.977057], [120.276516, 27.959609], [120.265591, 27.95714], [120.257471, 27.96735], [120.248957, 27.964003], [120.24561, 27.943415], [120.241575, 27.934961], [120.229961, 27.931361], [120.218691, 27.93563], [120.202057, 27.935965], [120.187835, 27.948562], [120.178337, 27.952956], [120.174842, 27.960404], [120.176713, 27.972203], [120.171939, 27.978563], [120.145758, 27.979692], [120.143888, 27.976596], [120.11746, 27.982621], [120.096889, 27.980613], [120.084389, 27.967099], [120.074301, 27.972287], [120.064311, 27.961241], [120.063572, 27.951073], [120.043001, 27.951115], [120.031781, 27.941322], [120.020511, 27.939606], [120.009389, 27.947892], [120.001269, 27.941029], [119.966919, 27.937597], [119.962145, 27.950236], [119.968739, 27.962496], [119.96244, 27.97622], [119.928631, 27.968814], [119.90683, 27.954253], [119.892115, 27.951366], [119.875235, 27.974128], [119.86554, 27.966388], [119.865688, 27.950864], [119.861997, 27.949525], [119.854861, 27.961911], [119.833601, 27.956178], [119.831436, 27.951617], [119.85117, 27.932198], [119.843099, 27.92705], [119.83306, 27.911353], [119.825284, 27.911771], [119.815146, 27.92073], [119.804713, 27.922111], [119.786455, 27.909302], [119.791032, 27.898584], [119.800186, 27.890545], [119.790097, 27.867095], [119.785077, 27.861651], [119.788965, 27.85319], [119.785766, 27.833503], [119.793886, 27.826381], [119.785766, 27.822485], [119.787882, 27.808993], [119.785077, 27.795793], [119.773069, 27.794075], [119.768148, 27.805306], [119.756189, 27.795625], [119.734831, 27.766622], [119.725874, 27.767712], [119.719427, 27.76046], [119.696986, 27.753626], [119.680205, 27.744193], [119.678581, 27.734005], [119.665982, 27.721886], [119.650726, 27.717147], [119.650923, 27.695547], [119.65614, 27.69345], [119.646937, 27.685732], [119.643, 27.673188], [119.635569, 27.668405], [119.644033, 27.663496], [119.639654, 27.652671], [119.647528, 27.640543], [119.64113, 27.625392], [119.626465, 27.620481], [119.630894, 27.582698], [119.645461, 27.578205], [119.675038, 27.574383], [119.672036, 27.556409], [119.668837, 27.556493], [119.659339, 27.539693], [119.670559, 27.536584], [119.690589, 27.537256], [119.689506, 27.534064], [119.708551, 27.514276], [119.702892, 27.500285], [119.709634, 27.496797], [119.710717, 27.482508], [119.706681, 27.470656], [119.709929, 27.46246], [119.704024, 27.458508], [119.703433, 27.447284], [119.693886, 27.438665], [119.685471, 27.438413], [119.689506, 27.430845], [119.704713, 27.424706], [119.704319, 27.416927], [119.71303, 27.402838], [119.724349, 27.401703], [119.733847, 27.388706], [119.739555, 27.386813], [119.740294, 27.375708], [119.750481, 27.373226], [119.740491, 27.362203], [119.74743, 27.359973], [119.751022, 27.350086], [119.769132, 27.345415], [119.768394, 27.335736], [119.781485, 27.330476], [119.784979, 27.323574], [119.777991, 27.320164], [119.769772, 27.324373], [119.77056, 27.305685], [119.790491, 27.302612], [119.795756, 27.310441], [119.819526, 27.296045], [119.822331, 27.301433], [119.840146, 27.298908], [119.844822, 27.306653], [119.835077, 27.312967], [119.8462, 27.324037], [119.856731, 27.314819], [119.871298, 27.315408], [119.865589, 27.306232], [119.887637, 27.313304], [119.899054, 27.311494], [119.903286, 27.317597], [119.933503, 27.316545], [119.944035, 27.314146], [119.937932, 27.3346], [119.960176, 27.351853], [119.964015, 27.360478], [119.960275, 27.366116], [119.988326, 27.371375], [119.994232, 27.379199], [120.005206, 27.376675], [120.009586, 27.363928], [120.015984, 27.36477], [120.026614, 27.350801], [120.027549, 27.342259], [120.052303, 27.338682], [120.077007, 27.369187], [120.09684, 27.37962], [120.09625, 27.390347], [120.107175, 27.395562], [120.121594, 27.397413], [120.128878, 27.391608], [120.137195, 27.402334], [120.131437, 27.416716], [120.141821, 27.422183], [120.163376, 27.424874], [120.176909, 27.419954], [120.202402, 27.428364], [120.213228, 27.420291], [120.221595, 27.420291], [120.24689, 27.434587], [120.249006, 27.439885], [120.262441, 27.432905], [120.26377, 27.41802], [120.258209, 27.412679], [120.273366, 27.389421], [120.289508, 27.395941], [120.302697, 27.392197], [120.315148, 27.393165], [120.315985, 27.406708], [120.319823, 27.399684], [120.331733, 27.396025], [120.340739, 27.399642], [120.351566, 27.383574], [120.343249, 27.366242], [120.355257, 27.353873], [120.351467, 27.346761], [120.358357, 27.337546], [120.374794, 27.329255], [120.383406, 27.312714], [120.401369, 27.298571], [120.4088, 27.276636], [120.43006, 27.258866], [120.422383, 27.250822], [120.415395, 27.256381], [120.401763, 27.250864], [120.398515, 27.242483], [120.413918, 27.230942], [120.400926, 27.211564], [120.404371, 27.20398], [120.42568, 27.183333], [120.426172, 27.173472], [120.43759, 27.161039], [120.445267, 27.16087], [120.461655, 27.142576], [120.467757, 27.143166], [120.492462, 27.136168], [120.522285, 27.142154], [120.545956, 27.156824], [120.55324, 27.17343], [120.556143, 27.204065], [120.564116, 27.220243], [120.571497, 27.228204], [120.576173, 27.241135], [120.554765, 27.252044], [120.552944, 27.257771], [120.563427, 27.277941], [120.574057, 27.286699], [120.57573, 27.293645], [120.571645, 27.309978], [120.580307, 27.321385], [120.612246, 27.336915], [120.657079, 27.352316], [120.670071, 27.362834], [120.675041, 27.382312], [120.673614, 27.419954], [120.676813, 27.431055], [120.699648, 27.465654], [120.702797, 27.478726], [120.686311, 27.4923], [120.678191, 27.516419], [120.662295, 27.519612], [120.642807, 27.556577], [120.637049, 27.561449], [120.634884, 27.577281], [120.652059, 27.586854], [120.674992, 27.609105], [120.685376, 27.622999], [120.700681, 27.669412], [120.708949, 27.682585], [120.739658, 27.702175], [120.761114, 27.717692], [120.771646, 27.734466], [120.777699, 27.774712], [120.798713, 27.762137], [120.809638, 27.77555], [120.840642, 27.758741], [120.883703, 27.820934], [120.910869, 27.864708], [120.941774, 27.896784], [120.951469, 27.895905], [120.974255, 27.887196], [121.012149, 27.846237], [121.020072, 27.835891], [121.027798, 27.832623], [121.069875, 27.834215], [121.089856, 27.817541], [121.107671, 27.813686], [121.133015, 27.813183], [121.152504, 27.815362], [121.13144, 27.797595], [121.13149, 27.788836], [121.143842, 27.791728], [121.15772, 27.813895], [121.167169, 27.811675], [121.184344, 27.814105], [121.196647, 27.833964], [121.200535, 27.855159], [121.19586, 27.869817], [121.185181, 27.874801], [121.166775, 27.876895], [121.160378, 27.884641], [121.16274, 27.902519], [121.157917, 27.910306], [121.137395, 27.908841], [121.116726, 27.899798], [121.099452, 27.895067], [121.075584, 27.894439], [121.055899, 27.900133], [120.991824, 27.949734], [121.015249, 27.981617], [121.02455, 28.003745], [121.030948, 28.033647], [121.039413, 28.055849], [121.059098, 28.096351], [121.07086, 28.110517], [121.0902, 28.127146], [121.108409, 28.139011]]], [[[120.971745, 27.649859], [120.974747, 27.645033], [120.986509, 27.655104], [120.988281, 27.662783], [120.97957, 27.670419], [120.967759, 27.658042], [120.971745, 27.649859]]], [[[121.199945, 27.62493], [121.191677, 27.62195], [121.198321, 27.614646], [121.209, 27.61855], [121.220811, 27.630303], [121.213577, 27.633324], [121.199945, 27.62493]]], [[[121.113133, 27.918344], [121.108163, 27.910934], [121.113379, 27.904403], [121.123911, 27.911353], [121.123812, 27.921274], [121.113133, 27.918344]]], [[[121.131047, 27.762472], [121.133114, 27.753123], [121.144383, 27.758531], [121.139118, 27.765155], [121.131047, 27.762472]]], [[[121.131047, 27.770143], [121.136952, 27.766999], [121.149846, 27.772029], [121.138281, 27.776682], [121.131047, 27.770143]]], [[[121.107277, 27.444005], [121.105407, 27.454893], [121.089364, 27.462628], [121.084147, 27.472379], [121.066234, 27.478222], [121.070515, 27.471161], [121.055013, 27.473893], [121.058852, 27.463847], [121.050043, 27.464688], [121.047976, 27.458046], [121.066283, 27.444972], [121.071942, 27.444972], [121.063379, 27.458298], [121.066381, 27.461325], [121.086066, 27.452413], [121.09399, 27.453001], [121.107277, 27.444005]]], [[[120.903388, 27.69387], [120.911951, 27.689171], [120.912099, 27.699238], [120.903388, 27.69387]]], [[[121.217415, 27.613681], [121.224945, 27.607048], [121.228685, 27.616409], [121.217415, 27.613681]]], [[[121.083655, 27.791896], [121.073566, 27.778023], [121.090545, 27.776221], [121.096893, 27.783053], [121.091037, 27.793237], [121.083655, 27.791896]]], [[[121.145761, 27.760669], [121.146696, 27.754171], [121.155013, 27.756645], [121.145761, 27.760669]]], [[[120.826223, 27.686193], [120.832473, 27.67688], [120.842758, 27.675537], [120.833113, 27.687368], [120.826223, 27.686193]]], [[[121.224108, 27.817876], [121.225043, 27.824496], [121.213281, 27.820096], [121.224108, 27.817876]]], [[[120.824943, 27.646208], [120.821991, 27.634835], [120.8339, 27.649985], [120.824943, 27.646208]]], [[[121.204325, 27.609735], [121.210033, 27.608476], [121.216923, 27.618928], [121.208951, 27.618172], [121.204325, 27.609735]]], [[[121.098173, 27.937514], [121.125978, 27.944126], [121.147385, 27.953374], [121.152946, 27.961576], [121.134049, 27.980529], [121.120663, 27.986637], [121.094334, 27.984127], [121.076027, 27.986344], [121.040544, 27.964296], [121.03833, 27.948939], [121.049993, 27.94128], [121.063527, 27.947809], [121.080259, 27.947181], [121.098173, 27.937514]]], [[[120.896548, 27.711444], [120.887394, 27.704523], [120.899451, 27.706033], [120.896548, 27.711444]]], [[[121.18587, 27.962957], [121.206195, 27.976889], [121.237543, 27.988143], [121.24025, 27.993748], [121.220122, 27.991489], [121.194974, 28.000148], [121.177356, 27.990527], [121.171352, 27.978605], [121.18587, 27.962957]]], [[[121.04394, 27.979316], [121.075436, 27.990025], [121.08961, 27.998684], [121.089068, 28.004916], [121.074108, 28.007426], [121.043251, 27.993372], [121.04394, 27.979316]]], [[[121.079029, 27.428743], [121.090397, 27.424538], [121.088084, 27.431602], [121.076962, 27.434125], [121.079029, 27.428743]]], [[[121.112986, 27.473136], [121.106539, 27.473178], [121.112346, 27.463511], [121.12337, 27.466327], [121.112986, 27.473136]]], [[[121.09458, 27.494023], [121.085673, 27.4923], [121.09458, 27.486333], [121.09458, 27.494023]]]]}, "properties": {"adcode": 330300, "name": "温州市", "areas": ["浙东茶区"], "areaLabel": "浙东茶区", "pointCount": 1, "layer": "tea_city"}}, {"type": "Feature", "geometry": {"type": "MultiPolygon", "coordinates": [[[[109.185793, 33.812334], [109.177562, 33.809105], [109.174166, 33.808702], [109.154019, 33.791103], [109.147284, 33.799337], [109.162366, 33.812657], [109.164207, 33.871319], [109.120576, 33.876481], [109.107682, 33.907609], [109.070555, 33.906641], [109.051502, 33.923169], [109.007985, 33.883256], [108.944265, 33.86664], [108.922161, 33.869383], [108.913239, 33.848649], [108.874788, 33.824522], [108.854238, 33.826539], [108.84002, 33.815966], [108.835588, 33.792233], [108.846985, 33.777699], [108.903223, 33.781091], [108.92337, 33.774711], [108.942307, 33.747816], [108.945473, 33.726569], [108.922909, 33.684543], [108.902245, 33.678803], [108.879335, 33.698527], [108.826493, 33.649371], [108.798806, 33.654628], [108.792244, 33.642497], [108.815039, 33.633034], [108.828508, 33.617825], [108.805599, 33.605366], [108.797367, 33.58384], [108.750685, 33.536401], [108.724897, 33.530651], [108.693296, 33.535267], [108.653809, 33.54798], [108.625143, 33.533161], [108.633086, 33.501168], [108.588188, 33.459681], [108.597456, 33.407226], [108.574201, 33.373889], [108.569884, 33.318866], [108.583468, 33.298487], [108.640166, 33.321139], [108.66227, 33.323574], [108.691051, 33.291828], [108.687252, 33.274773], [108.710507, 33.270062], [108.740842, 33.283788], [108.80698, 33.24496], [108.816938, 33.225783], [108.863851, 33.192782], [108.900863, 33.147732], [108.919283, 33.151067], [108.931083, 33.125035], [108.973218, 33.13732], [108.97057, 33.160338], [108.988817, 33.176928], [109.005107, 33.168796], [109.059618, 33.214242], [109.124202, 33.15985], [109.174569, 33.161558], [109.218546, 33.193351], [109.232015, 33.192376], [109.258206, 33.167739], [109.295448, 33.173919], [109.313235, 33.167576], [109.339195, 33.135855], [109.373789, 33.147244], [109.438892, 33.152124], [109.464794, 33.172943], [109.481948, 33.200261], [109.498295, 33.207333], [109.51424, 33.237728], [109.549755, 33.242279], [109.587688, 33.229765], [109.606856, 33.236022], [109.607374, 33.264295], [109.616296, 33.274124], [109.647783, 33.268113], [109.649797, 33.251703], [109.692969, 33.254303], [109.70143, 33.241222], [109.732456, 33.231309], [109.762964, 33.235778], [109.813157, 33.236347], [109.845219, 33.246991], [109.916595, 33.229684], [109.973639, 33.203919], [109.999139, 33.212617], [110.040411, 33.191238], [110.077595, 33.20205], [110.13061, 33.201725], [110.165031, 33.209284], [110.218276, 33.163185], [110.250338, 33.160257], [110.297308, 33.170585], [110.333975, 33.159769], [110.361662, 33.181725], [110.422332, 33.17026], [110.451803, 33.179367], [110.471029, 33.171398], [110.470511, 33.185059], [110.50902, 33.221476], [110.527785, 33.230415], [110.540966, 33.255603], [110.577691, 33.250566], [110.593923, 33.20709], [110.594153, 33.168552], [110.616372, 33.145617], [110.651082, 33.157492], [110.669559, 33.130161], [110.702484, 33.097124], [110.719926, 33.099565], [110.717853, 33.116899], [110.727811, 33.133903], [110.765917, 33.152449], [110.795101, 33.149928], [110.824227, 33.160257], [110.817377, 33.177253], [110.830559, 33.202537], [110.865326, 33.21408], [110.921621, 33.204001], [110.94597, 33.228627], [110.942977, 33.236347], [110.966174, 33.256172], [110.997027, 33.254709], [110.982867, 33.270062], [111.007964, 33.303683], [111.000366, 33.32398], [111.026038, 33.330392], [111.026153, 33.375349], [111.011015, 33.398873], [110.996739, 33.43593], [111.020858, 33.450846], [111.026787, 33.467705], [111.020973, 33.471189], [111.021664, 33.476538], [111.026499, 33.478563], [111.019476, 33.520852], [111.003532, 33.53308], [111.009748, 33.562552], [111.003704, 33.57866], [110.966577, 33.609169], [110.94079, 33.620091], [110.878853, 33.634651], [110.857728, 33.657781], [110.841841, 33.663199], [110.823191, 33.692869], [110.832228, 33.712832], [110.816859, 33.737395], [110.815938, 33.753067], [110.782207, 33.796027], [110.741338, 33.798772], [110.72597, 33.807733], [110.712615, 33.83356], [110.684928, 33.838805], [110.66789, 33.852119], [110.644808, 33.844938], [110.612746, 33.85107], [110.612976, 33.867447], [110.587304, 33.886966], [110.591506, 33.900191], [110.62587, 33.90777], [110.626043, 33.92462], [110.675603, 33.946624], [110.670941, 33.966447], [110.653442, 33.969186], [110.649585, 33.992307], [110.627769, 34.019528], [110.624143, 34.033859], [110.612113, 34.024278], [110.586613, 34.024037], [110.58834, 34.06163], [110.595189, 34.064769], [110.591793, 34.101701], [110.614012, 34.113686], [110.641987, 34.160887], [110.621783, 34.177445], [110.587706, 34.17865], [110.589088, 34.190223], [110.557141, 34.193357], [110.551443, 34.212801], [110.507869, 34.217621], [110.489737, 34.232321], [110.441385, 34.242441], [110.442479, 34.254004], [110.426476, 34.276084], [110.432635, 34.290853], [110.449328, 34.291496], [110.474655, 34.323514], [110.498141, 34.320064], [110.502688, 34.345174], [110.489449, 34.35528], [110.473734, 34.393207], [110.475922, 34.409159], [110.458193, 34.402426], [110.430966, 34.40948], [110.388716, 34.408117], [110.377549, 34.398338], [110.284357, 34.391364], [110.251834, 34.406754], [110.194215, 34.414769], [110.162326, 34.432159], [110.132164, 34.42687], [110.103383, 34.428874], [110.075178, 34.413888], [110.059982, 34.413247], [110.058485, 34.396975], [110.03736, 34.377814], [110.007197, 34.368593], [110.024236, 34.338998], [110.040526, 34.324156], [110.030855, 34.30217], [110.007255, 34.303213], [110.024063, 34.240352], [109.997642, 34.221638], [109.964372, 34.209748], [109.94929, 34.219549], [109.95614, 34.243645], [109.920395, 34.230313], [109.883555, 34.24742], [109.873655, 34.270785], [109.853335, 34.266048], [109.825591, 34.288205], [109.792147, 34.263078], [109.80199, 34.224048], [109.775972, 34.251997], [109.757322, 34.252961], [109.743565, 34.240352], [109.754502, 34.212239], [109.745465, 34.187491], [109.778102, 34.183392], [109.801415, 34.160887], [109.822194, 34.155742], [109.789787, 34.145049], [109.78098, 34.160083], [109.755078, 34.127197], [109.742184, 34.12189], [109.739824, 34.09792], [109.694753, 34.109101], [109.669886, 34.099931], [109.658835, 34.105481], [109.634313, 34.075633], [109.584235, 34.072092], [109.567139, 34.064688], [109.552806, 34.044727], [109.56121, 34.034181], [109.545496, 34.025244], [109.533235, 33.982077], [109.562994, 33.960726], [109.603633, 33.940982], [109.592984, 33.896804], [109.576118, 33.897691], [109.540142, 33.875513], [109.537322, 33.862042], [109.508541, 33.848004], [109.470263, 33.851796], [109.442518, 33.843566], [109.399059, 33.845422], [109.355945, 33.867608], [109.316918, 33.85462], [109.299823, 33.856556], [109.289462, 33.87027], [109.251874, 33.880675], [109.207379, 33.867043], [109.185793, 33.812334]]], [[[109.185793, 33.812334], [109.207379, 33.867043], [109.18493, 33.874303], [109.164207, 33.871319], [109.162366, 33.812657], [109.174166, 33.808702], [109.177562, 33.809105], [109.185793, 33.812334]]], [[[111.026499, 33.478563], [111.021664, 33.476538], [111.020973, 33.471189], [111.026787, 33.467705], [111.026499, 33.478563]]]]}, "properties": {"adcode": 611000, "name": "商洛市", "areas": ["山南茶区"], "areaLabel": "山南茶区", "pointCount": 1, "layer": "tea_city"}}, {"type": "Feature", "geometry": {"type": "MultiPolygon", "coordinates": [[[[110.447781, 31.329128], [110.446772, 31.336081], [110.437993, 31.343076], [110.438537, 31.358336], [110.425409, 31.36232], [110.403968, 31.375543], [110.387033, 31.37673], [110.378333, 31.387366], [110.359223, 31.391349], [110.349668, 31.388256], [110.343842, 31.394866], [110.321702, 31.394866], [110.272839, 31.343966], [110.256215, 31.339303], [110.239746, 31.329764], [110.227317, 31.314965], [110.213878, 31.30589], [110.181096, 31.295584], [110.164005, 31.303218], [110.162219, 31.291003], [110.155926, 31.279508], [110.162452, 31.25193], [110.171385, 31.250572], [110.174881, 31.243527], [110.169599, 31.227951], [110.175658, 31.215005], [110.180163, 31.179595], [110.186456, 31.169572], [110.196943, 31.163583], [110.198885, 31.156532], [110.186844, 31.145318], [110.189408, 31.129471], [110.180241, 31.121653], [110.162529, 31.116043], [110.146915, 31.116893], [110.145828, 31.108182], [110.135418, 31.106269], [110.120192, 31.088375], [110.122134, 31.072901], [110.133088, 31.059806], [110.12664, 31.054661], [110.120814, 31.031994], [110.140157, 31.030633], [110.140933, 31.005024], [110.136039, 30.986771], [110.163539, 30.991622], [110.171541, 30.987537], [110.17325, 30.979622], [110.161675, 30.967918], [110.164005, 30.96213], [110.153907, 30.95383], [110.145128, 30.925816], [110.151731, 30.911508], [110.123999, 30.867975], [110.115376, 30.84488], [110.0958, 30.829879], [110.095644, 30.821268], [110.08943, 30.815897], [110.081739, 30.799271], [110.052996, 30.799569], [110.042509, 30.806689], [110.039169, 30.820501], [110.031944, 30.820458], [110.019593, 30.82958], [110.017961, 30.855321], [110.005066, 30.870404], [110.008251, 30.881864], [109.995045, 30.887828], [109.975935, 30.888679], [109.958378, 30.877476], [109.943696, 30.878967], [109.9409, 30.889702], [109.932277, 30.887657], [109.905632, 30.899796], [109.894523, 30.899796], [109.87821, 30.889191], [109.85607, 30.880245], [109.819403, 30.860221], [109.797652, 30.855619], [109.780795, 30.848588], [109.759044, 30.832819], [109.729602, 30.815386], [109.716551, 30.801701], [109.718105, 30.778675], [109.702646, 30.770231], [109.702102, 30.783665], [109.692159, 30.778931], [109.6854, 30.768653], [109.656658, 30.760464], [109.660775, 30.737258], [109.649045, 30.718911], [109.625429, 30.702652], [109.602279, 30.69881], [109.590627, 30.693432], [109.581616, 30.670851], [109.587986, 30.66466], [109.57711, 30.655309], [109.574158, 30.646854], [109.562894, 30.646726], [109.538812, 30.638441], [109.533685, 30.641559], [109.541376, 30.651637], [109.53788, 30.663977], [109.528714, 30.663891], [109.514653, 30.655394], [109.493368, 30.637203], [109.482803, 30.623194], [109.465868, 30.61952], [109.456468, 30.613796], [109.449322, 30.603714], [109.437824, 30.598074], [109.428036, 30.576154], [109.418093, 30.559999], [109.393778, 30.531144], [109.380805, 30.518317], [109.368687, 30.50027], [109.352529, 30.487011], [109.342818, 30.49471], [109.341575, 30.512715], [109.337536, 30.518616], [109.345304, 30.533495], [109.361074, 30.55098], [109.361151, 30.554742], [109.344294, 30.577137], [109.314542, 30.599783], [109.32332, 30.604141], [109.328136, 30.61606], [109.313609, 30.610165], [109.299549, 30.630583], [109.278807, 30.610165], [109.251152, 30.592905], [109.234217, 30.589273], [109.227847, 30.580897], [109.247734, 30.583205], [109.222798, 30.569615], [109.192113, 30.545637], [109.168964, 30.545979], [109.163836, 30.537129], [109.147523, 30.521652], [109.141153, 30.525073], [109.139444, 30.534564], [109.124373, 30.5317], [109.12484, 30.538925], [109.113498, 30.548672], [109.104487, 30.565085], [109.096796, 30.57218], [109.08359, 30.598245], [109.093145, 30.609011], [109.112488, 30.612685], [109.121732, 30.628746], [109.114741, 30.643908], [109.107206, 30.64553], [109.097884, 30.6381], [109.088018, 30.646641], [109.071549, 30.640534], [109.055546, 30.64237], [109.045214, 30.653943], [109.022065, 30.642968], [109.009713, 30.627251], [108.99876, 30.632291], [108.987496, 30.623279], [108.978019, 30.629814], [108.967454, 30.624817], [108.943838, 30.601834], [108.919523, 30.589358], [108.894665, 30.567008], [108.893111, 30.557819], [108.871671, 30.532726], [108.854425, 30.521909], [108.843782, 30.505916], [108.811544, 30.492016], [108.806028, 30.492016], [108.79927, 30.505916], [108.78855, 30.512929], [108.772935, 30.503478], [108.761516, 30.505317], [108.744892, 30.494625], [108.723995, 30.507541], [108.726015, 30.515708], [108.713974, 30.520754], [108.715838, 30.530374], [108.710711, 30.537984], [108.69937, 30.544397], [108.699991, 30.561794], [108.690436, 30.586709], [108.666199, 30.588589], [108.654469, 30.585], [108.639864, 30.574744], [108.64336, 30.562179], [108.649886, 30.553929], [108.649342, 30.537856], [108.6286, 30.525201], [108.620133, 30.522892], [108.621764, 30.515452], [108.604519, 30.510833], [108.611432, 30.502195], [108.598537, 30.493898], [108.590536, 30.494625], [108.591235, 30.487781], [108.58168, 30.485899], [108.56995, 30.470414], [108.564978, 30.468574], [108.555035, 30.487995], [108.543926, 30.491716], [108.528312, 30.487482], [108.510911, 30.502537], [108.491723, 30.501511], [108.479138, 30.488936], [108.469273, 30.486926], [108.455057, 30.489321], [108.456066, 30.495395], [108.440996, 30.491032], [108.427557, 30.492443], [108.414273, 30.476446], [108.421187, 30.464381], [108.421808, 30.448849], [108.412098, 30.436183], [108.422352, 30.428393], [108.430431, 30.415595], [108.421653, 30.410544], [108.425304, 30.399071], [108.41839, 30.393463], [108.399591, 30.390166], [108.40332, 30.374751], [108.421886, 30.366485], [108.432684, 30.354108], [108.451017, 30.355607], [108.459873, 30.359804], [108.46904, 30.343827], [108.482789, 30.336031], [108.499336, 30.315722], [108.51495, 30.315165], [108.52637, 30.305267], [108.524894, 30.294724], [108.533905, 30.291595], [108.534837, 30.282423], [108.546179, 30.276293], [108.545247, 30.269949], [108.562026, 30.262875], [108.567309, 30.254901], [108.58168, 30.255887], [108.573523, 30.237192], [108.567464, 30.234361], [108.568862, 30.225612], [108.553792, 30.174519], [108.552238, 30.163319], [108.567464, 30.155722], [108.561482, 30.144134], [108.546101, 30.104378], [108.533206, 30.084194], [108.532351, 30.07367], [108.525282, 30.073842], [108.516271, 30.06422], [108.516426, 30.053007], [108.524194, 30.058678], [108.531807, 30.055069], [108.526137, 30.049527], [108.530642, 30.043082], [108.528855, 30.005478], [108.542605, 29.997354], [108.533361, 29.96915], [108.519456, 29.943519], [108.515882, 29.9304], [108.524039, 29.911643], [108.524272, 29.896798], [108.516193, 29.885609], [108.517048, 29.865467], [108.509046, 29.878637], [108.497471, 29.878723], [108.491878, 29.868867], [108.46803, 29.864218], [108.457387, 29.865423], [108.453114, 29.871708], [108.433771, 29.880058], [108.402776, 29.85591], [108.392755, 29.86353], [108.386929, 29.860043], [108.39159, 29.853198], [108.37147, 29.841617], [108.366964, 29.820432], [108.394231, 29.81647], [108.395474, 29.832058], [108.404718, 29.834125], [108.409379, 29.820432], [108.424527, 29.815307], [108.425537, 29.804195], [108.416992, 29.787353], [108.425071, 29.772749], [108.441384, 29.778694], [108.445502, 29.76439], [108.438588, 29.756203], [108.437112, 29.740775], [108.460494, 29.740904], [108.467641, 29.729698], [108.487528, 29.724224], [108.503608, 29.708489], [108.512853, 29.711291], [108.514562, 29.720344], [108.504152, 29.729439], [108.516659, 29.735646], [108.521009, 29.730172], [108.547033, 29.742585], [108.548509, 29.749523], [108.540119, 29.756763], [108.522485, 29.763787], [108.534449, 29.787482], [108.557443, 29.819054], [108.565833, 29.820862], [108.579893, 29.831197], [108.57733, 29.844674], [108.588128, 29.848075], [108.587972, 29.853887], [108.601411, 29.865596], [108.608403, 29.86297], [108.62293, 29.867317], [108.632951, 29.864692], [108.632795, 29.856728], [108.648099, 29.852768], [108.658664, 29.854619], [108.657732, 29.848075], [108.666898, 29.842392], [108.670316, 29.819054], [108.657654, 29.815221], [108.671015, 29.811819], [108.680648, 29.801309], [108.678395, 29.777875], [108.681813, 29.770465], [108.677308, 29.76146], [108.677618, 29.748532], [108.686707, 29.740042], [108.681036, 29.721379], [108.693155, 29.704479], [108.684765, 29.693528], [108.691135, 29.68969], [108.710323, 29.699219], [108.718247, 29.691932], [108.710944, 29.679168], [108.733628, 29.671492], [108.740619, 29.665713], [108.743028, 29.655921], [108.75266, 29.64902], [108.762992, 29.653376], [108.765866, 29.661054], [108.774567, 29.651737], [108.783267, 29.653808], [108.773013, 29.661529], [108.775965, 29.675373], [108.765089, 29.68223], [108.758176, 29.678694], [108.752583, 29.689345], [108.760662, 29.693528], [108.786297, 29.691501], [108.784666, 29.677185], [108.794143, 29.67119], [108.797483, 29.660062], [108.792279, 29.647337], [108.785909, 29.650702], [108.779694, 29.644404], [108.785675, 29.633834], [108.804397, 29.640564], [108.813641, 29.631547], [108.819856, 29.63241], [108.817681, 29.647812], [108.82809, 29.671276], [108.835393, 29.66843], [108.827314, 29.654369], [108.832984, 29.651306], [108.844482, 29.65838], [108.855746, 29.636379], [108.869729, 29.64298], [108.886586, 29.633057], [108.885887, 29.621149], [108.87035, 29.596551], [108.885887, 29.588479], [108.897617, 29.596507], [108.901268, 29.604794], [108.909192, 29.59327], [108.900258, 29.583084], [108.912532, 29.572162], [108.886896, 29.553122], [108.878429, 29.539347], [108.886974, 29.53058], [108.88744, 29.499869], [108.871438, 29.488549], [108.866466, 29.472475], [108.873768, 29.462752], [108.87369, 29.449656], [108.884488, 29.440925], [108.898083, 29.441962], [108.90958, 29.436818], [108.921232, 29.436905], [108.93203, 29.431717], [108.943683, 29.410748], [108.934128, 29.399462], [108.934516, 29.386229], [108.924417, 29.350238], [108.916649, 29.334618], [108.919756, 29.32631], [108.956112, 29.33094], [108.972348, 29.329209], [108.986175, 29.336739], [108.985088, 29.350455], [108.994721, 29.355041], [108.999459, 29.363909], [109.009791, 29.360189], [109.034727, 29.360275], [109.033484, 29.378227], [109.039932, 29.389818], [109.053216, 29.402705], [109.065723, 29.40063], [109.080793, 29.39064], [109.090348, 29.37866], [109.099282, 29.375113], [109.111944, 29.361833], [109.113731, 29.352315], [109.109924, 29.342061], [109.114275, 29.331676], [109.108526, 29.319905], [109.113886, 29.314192], [109.104642, 29.293156], [109.106429, 29.288567], [109.129967, 29.282463], [109.142008, 29.27047], [109.118547, 29.232403], [109.119479, 29.227855], [109.110391, 29.215119], [109.122975, 29.199261], [109.123053, 29.191288], [109.138823, 29.16949], [109.152883, 29.171744], [109.162516, 29.180671], [109.170983, 29.177898], [109.203066, 29.151805], [109.215496, 29.145302], [109.228546, 29.129955], [109.232586, 29.119461], [109.245326, 29.115082], [109.255969, 29.123234], [109.274146, 29.122107], [109.277176, 29.134074], [109.264048, 29.144002], [109.261484, 29.161038], [109.273913, 29.172567], [109.271039, 29.183228], [109.276088, 29.200301], [109.257833, 29.22257], [109.261406, 29.227811], [109.28611, 29.242061], [109.315085, 29.252109], [109.326815, 29.260684], [109.352218, 29.284627], [109.352295, 29.305233], [109.344139, 29.306445], [109.345304, 29.314668], [109.340177, 29.33596], [109.343983, 29.369446], [109.347401, 29.373815], [109.368764, 29.382898], [109.376766, 29.37654], [109.391525, 29.372258], [109.382048, 29.382898], [109.385311, 29.393581], [109.368609, 29.411354], [109.372881, 29.425016], [109.397041, 29.439109], [109.404731, 29.434397], [109.402246, 29.444599], [109.417161, 29.4548], [109.40512, 29.468759], [109.412811, 29.484704], [109.410014, 29.49058], [109.418326, 29.498011], [109.434873, 29.489068], [109.440621, 29.493172], [109.431299, 29.505269], [109.430988, 29.529069], [109.445282, 29.529371], [109.447613, 29.520733], [109.458566, 29.513174], [109.465091, 29.516932], [109.458566, 29.530537], [109.461829, 29.554245], [109.467033, 29.559987], [109.479929, 29.552734], [109.488707, 29.553165], [109.49764, 29.568104], [109.50401, 29.588609], [109.503622, 29.597716], [109.495931, 29.598709], [109.501447, 29.605441], [109.514498, 29.600262], [109.525062, 29.608807], [109.514265, 29.617999], [109.516517, 29.625981], [109.529801, 29.625205], [109.531277, 29.61528], [109.550387, 29.612777], [109.558622, 29.607038], [109.575867, 29.62089], [109.575401, 29.62788], [109.609426, 29.634481], [109.641432, 29.623867], [109.650831, 29.626456], [109.651064, 29.610102], [109.663494, 29.599658], [109.678797, 29.607987], [109.704976, 29.608376], [109.717794, 29.615021], [109.71088, 29.629606], [109.701248, 29.636293], [109.715774, 29.649494], [109.718416, 29.658639], [109.71492, 29.673346], [109.737059, 29.678392], [109.760131, 29.68913], [109.766191, 29.702884], [109.760209, 29.71336], [109.772949, 29.724224], [109.753528, 29.734094], [109.755237, 29.743145], [109.769298, 29.744481], [109.779474, 29.757754], [109.791904, 29.763399], [109.820879, 29.769905], [109.836649, 29.769819], [109.86982, 29.774687], [109.888464, 29.765898], [109.896853, 29.770422], [109.907884, 29.764174], [109.940201, 29.77417], [109.946493, 29.779125], [109.949756, 29.772964], [109.96972, 29.771801], [109.976012, 29.768138], [109.99085, 29.772231], [110.024176, 29.769646], [110.064105, 29.78283], [110.113511, 29.789679], [110.131068, 29.781063], [110.144895, 29.771111], [110.16082, 29.75379], [110.188165, 29.754479], [110.219859, 29.746636], [110.245806, 29.732241], [110.26041, 29.719525], [110.278199, 29.709092], [110.28993, 29.696374], [110.292027, 29.671837], [110.299873, 29.662391], [110.31572, 29.661141], [110.321236, 29.665022], [110.339491, 29.668128], [110.352387, 29.654714], [110.355805, 29.638839], [110.373439, 29.633834], [110.413601, 29.654153], [110.417019, 29.661874], [110.447005, 29.664634], [110.449335, 29.690811], [110.465182, 29.713059], [110.493847, 29.700987], [110.507131, 29.692105], [110.525231, 29.693485], [110.545351, 29.705428], [110.56283, 29.712541], [110.57456, 29.723448], [110.60206, 29.742025], [110.614412, 29.74711], [110.623733, 29.755944], [110.634998, 29.760426], [110.642455, 29.772145], [110.640047, 29.782485], [110.629715, 29.798424], [110.629249, 29.805143], [110.618373, 29.82659], [110.597787, 29.840024], [110.584037, 29.835072], [110.575415, 29.844846], [110.549935, 29.847989], [110.547604, 29.8634], [110.535719, 29.880316], [110.537894, 29.896798], [110.52694, 29.904672], [110.515521, 29.902478], [110.50783, 29.908932], [110.49812, 29.910051], [110.506743, 29.919043], [110.508063, 29.944121], [110.517385, 29.961367], [110.53533, 29.975084], [110.5511, 29.979684], [110.557159, 29.98695], [110.547293, 29.999589], [110.520104, 30.001782], [110.504645, 30.008788], [110.491595, 30.019705], [110.46627, 30.006725], [110.441878, 29.98364], [110.43007, 29.962614], [110.423389, 29.95741], [110.382683, 29.955647], [110.370254, 29.959389], [110.354639, 29.955131], [110.339957, 29.943089], [110.307253, 29.954486], [110.302592, 29.962786], [110.313312, 29.977836], [110.305621, 30.001739], [110.316963, 30.01704], [110.318206, 30.037668], [110.32411, 30.044543], [110.320304, 30.063146], [110.324965, 30.069289], [110.343375, 30.081574], [110.341356, 30.093728], [110.318905, 30.100728], [110.348114, 30.127435], [110.342055, 30.135033], [110.304845, 30.151516], [110.303524, 30.169627], [110.284259, 30.176407], [110.275791, 30.182157], [110.276956, 30.192068], [110.300572, 30.200133], [110.297076, 30.212145], [110.279209, 30.220852], [110.266159, 30.221752], [110.255671, 30.234404], [110.27618, 30.243624], [110.298475, 30.243495], [110.323489, 30.25027], [110.350212, 30.243452], [110.351998, 30.258588], [110.35798, 30.273893], [110.373439, 30.304324], [110.36769, 30.315337], [110.350911, 30.331275], [110.367146, 30.336245], [110.353474, 30.346869], [110.354873, 30.3667], [110.363418, 30.381431], [110.375614, 30.390936], [110.377944, 30.401083], [110.369399, 30.40545], [110.367224, 30.416366], [110.37507, 30.423557], [110.373283, 30.441318], [110.377867, 30.44564], [110.367224, 30.466563], [110.373827, 30.474478], [110.387111, 30.469173], [110.411814, 30.48299], [110.439547, 30.489578], [110.445762, 30.512587], [110.45151, 30.521267], [110.466581, 30.522806], [110.474194, 30.541704], [110.472407, 30.551707], [110.487633, 30.553929], [110.484215, 30.565384], [110.467435, 30.562606], [110.471941, 30.577992], [110.466037, 30.594272], [110.449413, 30.604227], [110.441489, 30.605765], [110.432866, 30.617384], [110.447393, 30.63101], [110.44918, 30.649502], [110.469222, 30.64916], [110.463706, 30.666069], [110.452442, 30.669655], [110.457803, 30.70359], [110.465571, 30.713406], [110.460521, 30.721044], [110.460988, 30.730773], [110.454229, 30.731071], [110.442577, 30.743273], [110.433643, 30.771639], [110.422379, 30.782087], [110.38478, 30.781831], [110.37507, 30.76763], [110.360388, 30.756924], [110.339181, 30.752573], [110.326052, 30.754535], [110.318284, 30.762213], [110.324965, 30.783366], [110.336617, 30.797011], [110.339336, 30.806305], [110.332811, 30.813425], [110.335996, 30.82698], [110.35697, 30.833118], [110.362097, 30.841471], [110.376002, 30.847096], [110.404667, 30.872875], [110.413756, 30.875644], [110.421214, 30.870745], [110.44312, 30.881012], [110.440324, 30.892641], [110.430769, 30.910188], [110.425486, 30.910912], [110.444907, 30.969578], [110.442887, 30.999281], [110.443509, 31.023444], [110.446305, 31.030675], [110.4599, 31.031696], [110.477689, 31.037778], [110.464561, 31.074517], [110.465959, 31.081404], [110.479088, 31.084932], [110.498275, 31.085612], [110.512647, 31.097301], [110.517541, 31.107502], [110.536107, 31.12076], [110.538826, 31.132615], [110.514744, 31.143874], [110.512103, 31.153771], [110.499208, 31.163031], [110.50014, 31.182695], [110.476136, 31.186177], [110.476524, 31.204859], [110.487555, 31.205495], [110.488876, 31.212458], [110.483826, 31.225829], [110.485069, 31.23313], [110.505189, 31.249171], [110.498198, 31.254136], [110.473728, 31.253033], [110.464328, 31.262198], [110.45252, 31.260798], [110.45019, 31.26958], [110.438537, 31.276199], [110.434498, 31.282944], [110.438615, 31.2899], [110.43644, 31.301861], [110.42704, 31.310258], [110.443509, 31.319757], [110.447781, 31.329128]]]]}, "properties": {"adcode": 422800, "name": "恩施土家族苗族自治州", "areas": ["剑南茶区"], "areaLabel": "剑南茶区", "pointCount": 1, "layer": "tea_city"}}, {"type": "Feature", "geometry": {"type": "MultiPolygon", "coordinates": [[[[115.079787, 30.259231], [115.086545, 30.281094], [115.088643, 30.296096], [115.082739, 30.329819], [115.071009, 30.366742], [115.056016, 30.388667], [115.03776, 30.401126], [115.018417, 30.404679], [114.979187, 30.400998], [114.917429, 30.407933], [114.892493, 30.413712], [114.86375, 30.427537], [114.846116, 30.44641], [114.839203, 30.45929], [114.835707, 30.474349], [114.835474, 30.493384], [114.840135, 30.527253], [114.839591, 30.561495], [114.836018, 30.580513], [114.828793, 30.596494], [114.808673, 30.615291], [114.791738, 30.616829], [114.784902, 30.616829], [114.760044, 30.60914], [114.739225, 30.592862], [114.71926, 30.584102], [114.692848, 30.577009], [114.66628, 30.571923], [114.630235, 30.556494], [114.621146, 30.556879], [114.625963, 30.54149], [114.630857, 30.538668], [114.624021, 30.530716], [114.633343, 30.526697], [114.637304, 30.50737], [114.633265, 30.499971], [114.640956, 30.4779], [114.635052, 30.470157], [114.626662, 30.469772], [114.619981, 30.451331], [114.608173, 30.456851], [114.590539, 30.457407], [114.591083, 30.445298], [114.583237, 30.437466], [114.591161, 30.421417], [114.593025, 30.410287], [114.586577, 30.363059], [114.59722, 30.347126], [114.598696, 30.339244], [114.592947, 30.313923], [114.595045, 30.296396], [114.590772, 30.284481], [114.570264, 30.273336], [114.567778, 30.254086], [114.544473, 30.234619], [114.544396, 30.218621], [114.540589, 30.202579], [114.534841, 30.194599], [114.521479, 30.192797], [114.519848, 30.176364], [114.513089, 30.172588], [114.515964, 30.162933], [114.506486, 30.149842], [114.508118, 30.138382], [114.505476, 30.123829], [114.519925, 30.107384], [114.518682, 30.101973], [114.533908, 30.094673], [114.536394, 30.082003], [114.54292, 30.077794], [114.54626, 30.062802], [114.559311, 30.057647], [114.573371, 30.045789], [114.567079, 30.040719], [114.573993, 30.034617], [114.583082, 30.036465], [114.593414, 30.04884], [114.599162, 30.04682], [114.624098, 30.053351], [114.641111, 30.037066], [114.639402, 30.026237], [114.645228, 30.015493], [114.658512, 30.019834], [114.665736, 30.016567], [114.674825, 30.0231], [114.687488, 30.022413], [114.691372, 30.037109], [114.68508, 30.042309], [114.697509, 30.050215], [114.703024, 30.040203], [114.715997, 30.041965], [114.72866, 30.052449], [114.731767, 30.059151], [114.724853, 30.063747], [114.719415, 30.079985], [114.728893, 30.088489], [114.742099, 30.090636], [114.731379, 30.104421], [114.729126, 30.119836], [114.717706, 30.126533], [114.715531, 30.136407], [114.699917, 30.145636], [114.702636, 30.15671], [114.71592, 30.162074], [114.712113, 30.167353], [114.723688, 30.178939], [114.704889, 30.185289], [114.680574, 30.203308], [114.676612, 30.211758], [114.665892, 30.218064], [114.665193, 30.234404], [114.660687, 30.249584], [114.671718, 30.257087], [114.674437, 30.267162], [114.692692, 30.275822], [114.695955, 30.281009], [114.688964, 30.289881], [114.698441, 30.309209], [114.716619, 30.324677], [114.726407, 30.325277], [114.727417, 30.315508], [114.737438, 30.301067], [114.774337, 30.290867], [114.786301, 30.29211], [114.784125, 30.303767], [114.787854, 30.308995], [114.807663, 30.311952], [114.830036, 30.311909], [114.837804, 30.30411], [114.836173, 30.291767], [114.848835, 30.281309], [114.861187, 30.28178], [114.87183, 30.271707], [114.861731, 30.261632], [114.867091, 30.242638], [114.875403, 30.236034], [114.93584, 30.217635], [114.954407, 30.203994], [114.961786, 30.203651], [114.97406, 30.215619], [114.988665, 30.218578], [114.996511, 30.212659], [115.01096, 30.222868], [115.005833, 30.230973], [115.018806, 30.237835], [115.024632, 30.248341], [115.056171, 30.254858], [115.061764, 30.261418], [115.079787, 30.259231]]]]}, "properties": {"adcode": 420700, "name": "鄂州市", "areas": ["江西茶区"], "areaLabel": "江西茶区", "pointCount": 1, "layer": "tea_city"}}]}